survey_hazard,variable,why_experimental,depends_on,instruments,question_type,question_intro,question_text,notes,agree? (y/n),comment
FL,adopt_indiv_biosw,judgment,,FL25,question,"How likely would you be to adopt each of the following measures if this type of program were available? We understand that people live in different types of homes and regions, so if a measure is not relevant to you, please select Not relevant.",Bioswales,randomize order in table,,
FL,adopt_indiv_depav,judgment,,FL25,question,"How likely would you be to adopt each of the following measures if this type of program were available? We understand that people live in different types of homes and regions, so if a measure is not relevant to you, please select Not relevant.",Depaving,randomize order in table,,
FL,adopt_indiv_down_disc,judgment,,FL25,question,"How likely would you be to adopt each of the following measures if this type of program were available? We understand that people live in different types of homes and regions, so if a measure is not relevant to you, please select Not relevant.",Downspout disconnects,randomize order in table,,
FL,adopt_indiv_ext_tree,judgment,,FL25,question,"How likely would you be to adopt each of the following measures if this type of program were available? We understand that people live in different types of homes and regions, so if a measure is not relevant to you, please select Not relevant.",Tree planting,randomize order in table,,
FL,adopt_indiv_gr_roof,declared,rand_prog,FL25,question,"How likely would you be to adopt each of the following measures if this type of program were available? We understand that people live in different types of homes and regions, so if a measure is not relevant to you, please select Not relevant.",Green roofs,randomize order in table. The programme type comes from rand_prog,,
FL,adopt_indiv_perm_pav,judgment,,FL25,question,"How likely would you be to adopt each of the following measures if this type of program were available? We understand that people live in different types of homes and regions, so if a measure is not relevant to you, please select Not relevant.",Permeable pavement,randomize order in table,,
FL,adopt_indiv_rain_garden,judgment,,FL25,question,"How likely would you be to adopt each of the following measures if this type of program were available? We understand that people live in different types of homes and regions, so if a measure is not relevant to you, please select Not relevant.",Rain gardens,randomize order in table,,
FL,adopt_indiv_storm_pond,judgment,,FL25,question,"How likely would you be to adopt each of the following measures if this type of program were available? We understand that people live in different types of homes and regions, so if a measure is not relevant to you, please select Not relevant.",Stormwater ponds,randomize order in table,,
FL,adopt_indiv_zero_scap,judgment,,FL25,question,"How likely would you be to adopt each of the following measures if this type of program were available? We understand that people live in different types of homes and regions, so if a measure is not relevant to you, please select Not relevant.",Xeriscaping,randomize order in table,,
FL,adopt_munc_biosw,judgment,,FL25,question,"How likely would you be to support the adoption of each of the following measures in your community if this type of program were available? Again, we understand that people live in different communities and regions, so if a measure is not relevant to your community, please select Not relevant.",Bioswales,randomize order in table,,
FL,adopt_munc_depav,judgment,,FL25,question,"How likely would you be to support the adoption of each of the following measures in your community if this type of program were available? Again, we understand that people live in different communities and regions, so if a measure is not relevant to your community, please select Not relevant.",Depaving,randomize order in table,,
FL,adopt_munc_down_disc,judgment,,FL25,question,"How likely would you be to support the adoption of each of the following measures in your community if this type of program were available? Again, we understand that people live in different communities and regions, so if a measure is not relevant to your community, please select Not relevant.",Downspout disconnects,randomize order in table,,
FL,adopt_munc_ext_tree,judgment,,FL25,question,"How likely would you be to support the adoption of each of the following measures in your community if this type of program were available? Again, we understand that people live in different communities and regions, so if a measure is not relevant to your community, please select Not relevant.",Tree planting,randomize order in table,,
FL,adopt_munc_gr_roof,judgment,,FL25,question,"How likely would you be to support the adoption of each of the following measures in your community if this type of program were available? Again, we understand that people live in different communities and regions, so if a measure is not relevant to your community, please select Not relevant.",Green roofs,randomize order in table. Community version of the adopt_indiv battery,,
FL,adopt_munc_perm_pav,judgment,,FL25,question,"How likely would you be to support the adoption of each of the following measures in your community if this type of program were available? Again, we understand that people live in different communities and regions, so if a measure is not relevant to your community, please select Not relevant.",Permeable pavement,randomize order in table,,
FL,adopt_munc_rain_garden,judgment,,FL25,question,"How likely would you be to support the adoption of each of the following measures in your community if this type of program were available? Again, we understand that people live in different communities and regions, so if a measure is not relevant to your community, please select Not relevant.",Rain gardens,randomize order in table,,
FL,adopt_munc_storm_pond,judgment,,FL25,question,"How likely would you be to support the adoption of each of the following measures in your community if this type of program were available? Again, we understand that people live in different communities and regions, so if a measure is not relevant to your community, please select Not relevant.",Stormwater ponds,randomize order in table,,
FL,adopt_munc_zero_scap,judgment,,FL25,question,"How likely would you be to support the adoption of each of the following measures in your community if this type of program were available? Again, we understand that people live in different communities and regions, so if a measure is not relevant to your community, please select Not relevant.",Xeriscaping,randomize order in table,,
FL,ar_act_evacuate,judgment,,FL25,question,At what atmospheric river (AR) category or level would you begin to consider taking each of the following actions?,Evacuate,randomize in table,,
FL,ar_act_plans,judgment,,FL25,question,At what atmospheric river (AR) category or level would you begin to consider taking each of the following actions?,Reconsider travel plans,randomize in table,,
FL,ar_act_power,judgment,,FL25,question,At what atmospheric river (AR) category or level would you begin to consider taking each of the following actions?,Prepare for power outages,randomize in table,,
FL,ar_act_prepare,judgment,,FL25,question,At what atmospheric river (AR) category or level would you begin to consider taking each of the following actions?,Prepare emergency supplies,randomize in table,,
FL,ar_act_protact,judgment,,FL25,question,At what atmospheric river (AR) category or level would you begin to consider taking each of the following actions?,Consider taking protective action,randomize in table,,
FL,ar_act_secure,judgment,,FL25,question,At what atmospheric river (AR) category or level would you begin to consider taking each of the following actions?,Secure outdoor items,randomize in table,,
FL,ar_act_seek,judgment,,FL25,question,At what atmospheric river (AR) category or level would you begin to consider taking each of the following actions?,Seek additional information,randomize in table. Options 3 to 5 insert a space after AR where options 1 and 2 do not,,
FL,ar_balance_cat1,judgment,,FL25,question,"The table below lists each category in the AR scale. For each one, please tell us what types of impacts you would expect if you were to see that category used in a forecast.","Category 1 (AR1, Weak)",show in table,,
FL,ar_balance_cat2,judgment,,FL25,question,"The table below lists each category in the AR scale. For each one, please tell us what types of impacts you would expect if you were to see that category used in a forecast.","Category 2 (AR2, Moderate)",show in table,,
FL,ar_balance_cat3,judgment,,FL25,question,"The table below lists each category in the AR scale. For each one, please tell us what types of impacts you would expect if you were to see that category used in a forecast.","Category 3 (AR3, Strong)",show in table,,
FL,ar_balance_cat4,judgment,,FL25,question,"The table below lists each category in the AR scale. For each one, please tell us what types of impacts you would expect if you were to see that category used in a forecast.","Category 4 (AR4, Extreme)",show in table,,
FL,ar_balance_cat5,judgment,,FL25,question,"The table below lists each category in the AR scale. For each one, please tell us what types of impacts you would expect if you were to see that category used in a forecast.","Category 5 (AR5, Exceptional)",show in table,,
FL,ar_conf,judgment,,FL25,question,"Now, we'd like to show you an example of the type of graphic a TV station might display during an atmospheric river event. Please take a moment to review the image before answering the next few questions.",How confident are you in your ability to understand the information presented in the graphic - particularly the meaning of the scale?,The second option reads Not confident where the other instruments read Not very confident,,
FL,ar_seen,judgment,,FL25,question,"Now, we'd like to show you an example of the type of graphic a TV station might display during an atmospheric river event. Please take a moment to review the image before answering the next few questions.",Have you ever seen a forecast graphic that uses a scale like this to show the intensity or impact of an atmospheric river?,,,
FL,aware_prog,read,rand_dev,FL25,question,,"Are you aware of any grants or programs that provide low-interest loans - at the national, state, or local level - that encourage or provide financial support for individuals or communities to adopt [rand_dev] measures?",,,
FL,car_ff_do,judgment,,FL24,question,,Imagine that it is Saturday night at 8:00 PM and you are driving to the grocery store. Suddenly; you see a FLASH FLOOD WARNING indicating that there is a high risk for flash flooding in the next 60 minutes. What would you do? Please be as specific as possible.,VERBATIM. The driving counterpart to home_ff_do,,
FL,eftv_biosw,read,rand_haz,FL25,question,"If you had to guess, how effective do you think each of the following measures is at reducing [rand_haz]?",Bioswales,,,
FL,eftv_depav,read,rand_haz,FL25,question,"If you had to guess, how effective do you think each of the following measures is at reducing [rand_haz]?",Depaving,,,
FL,eftv_down_disc,read,rand_haz,FL25,question,"If you had to guess, how effective do you think each of the following measures is at reducing [rand_haz]?",Downspout disconnects,,,
FL,eftv_ext_tree,read,rand_haz,FL25,question,"If you had to guess, how effective do you think each of the following measures is at reducing [rand_haz]?",Tree planting,,,
FL,eftv_gr_roof,read,rand_haz,FL25,question,"If you had to guess, how effective do you think each of the following measures is at reducing [rand_haz]?",Green roofs,,,
FL,eftv_perm_pav,read,rand_haz,FL25,question,"If you had to guess, how effective do you think each of the following measures is at reducing [rand_haz]?",Permeable pavement,,,
FL,eftv_rain_garden,read,rand_haz,FL25,question,"If you had to guess, how effective do you think each of the following measures is at reducing [rand_haz]?",Rain gardens,,,
FL,eftv_storm_pond,read,rand_haz,FL25,question,"If you had to guess, how effective do you think each of the following measures is at reducing [rand_haz]?",Stormwater ponds,,,
FL,eftv_zero_scap,read,rand_haz,FL25,question,"If you had to guess, how effective do you think each of the following measures is at reducing [rand_haz]?",Xeriscaping,,,
FL,ero_int_no_why,judgment,,FL24,question,,You indicated that you are not confident in your ability to understand this Outlook. Can you tell us what aspects of the graphic are most confusing?,VERBATIM,,
FL,ero_int_obj,judgment,,FL24,question,The NWS Weather Prediction Center (WPC) issues Excessive Rainfall Outlooks that indicate flash flooding threats across the contiguous United States.,"Based on this Outlook, would you say that location A is...","A four-point likelihood scale with Not sure as a fifth option, so 5 is not the high end",,
FL,ero_int_sub,judgment,,FL24,question,The NWS Weather Prediction Center (WPC) issues Excessive Rainfall Outlooks that indicate flash flooding threats across the contiguous United States.,How confident are you in your ability to understand the information presented in this Outlook?,,,
FL,ero_see,judgment,,FL24,question,"The NWS Weather Prediction Center (WPC) issues Excessive Rainfall Outlooks that indicate flash flooding threats across the contiguous United States. These Outlooks use a combination of words, colors, and numeric probabilities to represent threats. Here is one example.",Have you ever seen an Excessive Rainfall Outlook before?,,,
FL,ero_use,judgment,,FL24,question,The NWS Weather Prediction Center (WPC) issues Excessive Rainfall Outlooks that indicate flash flooding threats across the contiguous United States.,How likely are you to use an Outlook like this for making future decisions?,The middle option reads Unsure where the WW and TC versions read Not sure,,
FL,ero_use_no,judgment,,FL24,question,,You indicated that you are unlikely or not very likely to use an Outlook like this for making future decisions. Can you tell us why? Please select all that apply.,Parent of the ero_use_no_ checkbox items,,
FL,ero_use_no_fnd,judgment,,FL24,checkbox_item,You indicated that you are unlikely or not very likely to use an Outlook like this for making future decisions. Can you tell us why? Please select all that apply.,I don't know where to find forecasts like this.,,,
FL,ero_use_no_inacc,judgment,,FL24,checkbox_item,You indicated that you are unlikely or not very likely to use an Outlook like this for making future decisions. Can you tell us why? Please select all that apply.,I believe forecasts like this are too inaccurate or unreliable.,,,
FL,ero_use_no_int,judgment,,FL24,checkbox_item,You indicated that you are unlikely or not very likely to use an Outlook like this for making future decisions. Can you tell us why? Please select all that apply.,I find it hard to interpret forecasts like this.,,,
FL,ero_use_no_oth,judgment,,FL24,checkbox_item,You indicated that you are unlikely or not very likely to use an Outlook like this for making future decisions. Can you tell us why? Please select all that apply.,Other (please specify),,,
FL,ero_use_no_rel,judgment,,FL24,checkbox_item,You indicated that you are unlikely or not very likely to use an Outlook like this for making future decisions. Can you tell us why? Please select all that apply.,Forecasts like this are not relevant to my daily life or activities.,,,
FL,ero_use_oth_spec,judgment,,FL24,verbatim_followup,You indicated that you are unlikely or not very likely to use an Outlook like this for making future decisions. Can you tell us why? Please select all that apply.,,verbatim,,
FL,five_days,read,rand_timeline,FL24,question,"Some people look for different kinds of information at different points in time. In the next few questions, we are going to give you a timeline and ask you to indicate the type of information that is most important at each point in time.",Five days before the rand_timeline,"Asks which type of information matters most, not which source. The randomization placeholder is written as bare text",,
FL,home_ff_do,judgment,,FL24,question,,Imagine that it is Saturday night at 8:00 PM and you are at home watching a movie. Suddenly; you see a FLASH FLOOD WARNING indicating that there is a high risk for flash flooding in the next 60 minutes. What would you do? Please be as specific as possible.,VERBATIM. RANDOMIZE; 50% get home_ff_do and 50% get car_ff_do. This is the scenario that ff_do_conff refers to; FL25 keeps ff_do_conff but drops both scenarios,,
FL,ibw_act,judgment,,FL24,question,Now we are going to show you an example message from the National Weather Service and ask you how you might respond if you got this message. We know this can be difficult without more information. Just give us your first impression. If you saw this message and you were in the impacted area...,Would you take actions to protect yourself from the flash flood?,,,
FL,ibw_act_conf,judgment,,FL24,question,Now we are going to show you an example message from the National Weather Service and ask you how you might respond if you got this message. We know this can be difficult without more information. Just give us your first impression. If you saw this message and you were in the impacted area...,How confident are you that the actions you might take to protect yourself from the flash flood would be effective?,,,
FL,ibw_cncrn,judgment,,FL24,question,Now we are going to show you an example message from the National Weather Service and ask you how you might respond if you got this message. We know this can be difficult without more information. Just give us your first impression. If you saw this message and you were in the impacted area...,How concerned would you be about the flash flood?,Impact-based warning experiment; the WX23 equivalents are hia_cncrn / hia_act / hia_act_conf,,
FL,one_day,read,rand_timeline,FL24,question,"Some people look for different kinds of information at different points in time. In the next few questions, we are going to give you a timeline and ask you to indicate the type of information that is most important at each point in time.",One day before the rand_timeline,,,
FL,otlks_cat_recall_ero,declared,rand_otlks_loc,FL25,question,,What was the forecast risk level for flash flooding at Point A?,Recall item; the correct answer depends on rand_otlks_loc,,
FL,otlks_cat_recall_spc,declared,rand_otlks_loc,FL25,question,,What was the forecast risk level for severe thunderstorms at Point A?,Recall item; the correct answer depends on rand_otlks_loc,,
FL,otlks_color_opin,judgment,,FL25,question,"One such debate centers on the use of color scales in weather risk graphics: should the same scale be used across all hazards, or should each hazard have its own distinct color scheme?","In your opinion, which approach should the National Weather Service prioritize when using color in forecast graphics?",Both approaches are shown side by side above the question,,
FL,otlks_color_opin_why,judgment,,FL25,question,,"If you have a preference, can you briefly explain why you prefer one color scale approach over the other?",VERBATIM,,
FL,otlks_risk_compare,judgment,,FL25,question,,"Based on the forecast for Point A, which hazard do you think poses a greater risk to your area today?",,,
FL,otlks_risk_explain,judgment,,FL25,question,Imagine that it is 8:00 AM on a Saturday morning and you are located at Point A in the map below. You check the forecast and see the following graphics from the National Weather Service's Storm Prediction Center (SPC) and Weather Prediction Center (WPC).,"Based on the forecast graphics for Point A shown on the previous page, what weather hazards - if any - do you expect could affect your area today?",VERBATIM. The graphics are deliberately not shown again on this page,,
FL,rand_dev,is the randomization,,FL25,randomization,,,The term used for the set of stormwater practices throughout the section,,
FL,rand_haz,is the randomization,,FL25,randomization,,,"Whether the green infrastructure section frames the measures as reducing flood risk only, or flood and heat risk. Piped into resp_ef_infr_1, resp_ef_infr_2 and the eftv_ battery",,
FL,rand_otlks_loc,is the randomization,,FL25,randomization,,,Which combination of severe thunderstorm and excessive rainfall risk levels is shown at Point A,,
FL,rand_otlks_scale,is the randomization,,FL25,randomization,,,Which colour scale is used on the SPC and WPC outlook graphics shown for Point A,,
FL,rand_prog,is the randomization,,FL25,randomization,,,The type of programme offered in the adopt_indiv and adopt_munc scenarios,,
FL,rand_timeline,is the randomization,,FL24,randomization,,,Whether the information-timeline questions refer to a flooding event or a flash flooding event,,
FL,resp_ef_infr_1,read,rand_dev;rand_haz,FL25,question,"Overall, how much do you agree with the following statements?",I think [rand_dev] helps people mitigate [rand_haz].,,,
FL,resp_ef_infr_2,read,rand_dev;rand_haz,FL25,question,"Overall, how much do you agree with the following statements?",I think [rand_dev] keeps people safe from rand_haz.,The second placeholder is written as bare text rather than in brackets,,
FL,three_days,read,rand_timeline,FL24,question,"Some people look for different kinds of information at different points in time. In the next few questions, we are going to give you a timeline and ask you to indicate the type of information that is most important at each point in time.",Three days before the rand_timeline,,,
FL,two_days,read,rand_timeline,FL24,question,"Some people look for different kinds of information at different points in time. In the next few questions, we are going to give you a timeline and ask you to indicate the type of information that is most important at each point in time.",Two days before the rand_timeline,,,
FL,wea_rand_img,judgment,,FL24,randomization,,,"Which version of an example flash flood alert message is shown. WX23 also has a wea_rand_img but its arms are hazard, impact and action combinations for a severe thunderstorm",,
FL,zero_day,read,rand_timeline,FL24,question,"Some people look for different kinds of information at different points in time. In the next few questions, we are going to give you a timeline and ask you to indicate the type of information that is most important at each point in time.",The day of the rand_timeline,,,
TC,Adams,judgment,,TC23,question,"The city has $50 million in recovery funding to fix the schools and district officials are trying to decide how to allocate the funding. If you were in charge, how would you allocate the recovery funding? Please make sure that the amounts sum up to $50 million.",Adams: $[verbatim] million,"Allocation amount in millions for Adams, the $10 million school that took $5 million in damage. Capitalised in the instrument",,
TC,Kennedy,judgment,,TC23,question,"The city has $50 million in recovery funding to fix the schools and district officials are trying to decide how to allocate the funding. If you were in charge, how would you allocate the recovery funding? Please make sure that the amounts sum up to $50 million.",Kennedy: $[verbatim] million,"Allocation amount in millions for Kennedy, the $100 million school that took $45 million in damage. Capitalised in the instrument",,
TC,ai_1_acc,declared,rand_ai_1,TC21;TC22,question,"Many forecasters use a combination of expert judgement (human intelligence) and computer models (artificial intelligence) to predict extreme weather events. In most cases, the humans and computers agree. But in some cases, they disagree. Imagine that a storm is heading for your location and forecasters are trying to predict the probability that the storm will produce a tornado. The forecasters decide not to issue a tornado warning, and the forecast is incorrect: a tornado occurs.",Do you think this forecast decision process was acceptable?,"RANDOMIZE rand_ai_1: 1 = experts and models agree a tornado is unlikely; 2 = models say possible, experts say unlikely; 3 = experts say possible, models say unlikely",,
TC,ai_2_acc,declared,rand_ai_2,TC21;TC22,question,"Many forecasters use a combination of expert judgement (human intelligence) and computer models (artificial intelligence) to predict extreme weather events. In most cases, the humans and computers agree. But in some cases, they disagree. Imagine that a storm is heading for your location and forecasters are trying to predict the probability that the storm will produce a tornado. The forecasters decide to issue a tornado warning, and the forecast is incorrect: a tornado does not happen.",Do you think this forecast decision process was acceptable?,"RANDOMIZE rand_ai_2: 1 = experts and models agree a tornado is likely; 2 = models say unlikely, experts say likely; 3 = experts say unlikely, models say likely",,
TC,allocate_why,judgment,,TC23,question,,You indicated that you would allocate $[Kennedy] million to Kennedy and $[Adams] million to Adams. Can you briefly explain why you chose these amounts?,verbatim,,
TC,amount_format,declared,random,TC21;TC22,question,"Forecasters often provide information in different ways. We want to know what you think of different formats. For each of the questions below, select the forecast format that best matches your preference:",Which of these storm surge formats do you prefer?,"RANDOM ORDER. The surge amount respondents saw was randomized at 4 or 12 inches, so the two arms are not a single fixed question",,
TC,flood_reliable,declared,rand_flood,TC20;TC21,question,Now we are going to show you some example forecast messages from past hurricanes and ask you how reliable the messages seem to you. We know this can be difficult without more information. Just give us your first impression.,"Using this information alone, how reliable does this forecast message seem to you?",Rates whichever rand_flood arm the respondent saw,,
TC,home_ins_rand_inc,judgment,,TC25,question,,Imagine that next month you receive a letter in the mail explaining that your homeowners insurance premium will increase by [home_ins_rand_perc] next year. How would you respond?,,,
TC,home_ins_rand_inc_oth_spec,judgment,,TC25,verbatim_followup,Imagine that next month you receive a letter in the mail explaining that your homeowners insurance premium will increase by [home_ins_rand_perc] next year. How would you respond?,,verbatim,,
TC,home_ins_rand_perc,judgment,,TC25,randomization,,,Premium increase inserted into the home_ins_rand_inc scenario,,
TC,ian_rand_leadeaders,judgment,,TC23,randomization,,,"Who is proposing the Hurricane Ian recovery tax. Variable name is misspelled ""leadeaders"" in the instrument",,
TC,ian_rand_population,judgment,,TC23,randomization,,,Which residents the Hurricane Ian recovery tax revenue would go to,,
TC,ian_rand_program,judgment,,TC23,randomization,,,"What the Hurricane Ian recovery tax would help residents find. Two arms, not three: its sibling randomizations ian_rand_leadeaders and ian_rand_population have three each, and n_options had been copied from them",,
TC,ian_support_tax,judgment,,TC23,question,"FEMA and the State of Florida are providing funding to help with recovery, but it is not enough. To offset recovery costs, [ian_rand_leadeaders] throughout the county are suggesting a temporary sales tax increase of 5% (five cents on every dollar spent). Revenue from the tax increase would go to [ian_rand_population] residents to help them find a [ian_rand_program].","If you were a Lee County resident that was not affected by the hurricane, would you support this tax increase?",A summary of the 5% sales tax increase is restated on the page beneath the question,,
TC,loc_conf,judgment,,TC24,question,Now we have some questions about how you interpret this post.,How confident are you in your response to the previous question?,,,
TC,loc_graphic,judgment,,TC24,randomization,,,Which version of the wind speed probability post is shown - varying which locations and ranges are labelled,,
TC,loc_risk,judgment,,TC24,question,Now we have some questions about how you interpret this post.,How much risk does this forecast imply for average people in Location B?,,,
TC,loc_test,judgment,,TC24,question,Now we have some questions about how you interpret this post.,Which of the following statements best describes the probability of hurricane-force winds at Location B?,randomize answer choices. Option 5 takes a VERBATIM follow-up that the instrument does not give its own variable name,,
TC,met_accurate_1,read,rand_degree;rand_experience;rand_fname;rand_fname_1;rand_name;rand_place,TC22,question,"Many people rely on specific meteorologists when looking for information about extreme weather. We want to know if there are some characteristics that make a meteorologist seem more (or less) reliable to people like you. In the next few questions, we are going to introduce an example meteorologist and ask you what you think of them. We know this can be difficult without more information. Just give us your first impression. This is [rand_name: Alex Morgan | Cameron Johnson]. [rand_fname] grew up in [rand_place: state | out_state], has a [rand_degree: bachelor's | master's] degree in meteorology, and has [rand_experience: 2 | 5] years of experience as a meteorologist in the [rand_place] area.",Would you trust rand_fname_1 to provide accurate information during dangerous weather events in your area?,"Picture, name, home state, degree and years of experience were all randomized; the placeholder is written as bare text so respondents may have seen the variable name",,
TC,met_accurate_2,read,rand_degree;rand_experience;rand_fname;rand_fname_2;rand_name;rand_place,TC22,question,"Many people rely on specific meteorologists when looking for information about extreme weather. We want to know if there are some characteristics that make a meteorologist seem more (or less) reliable to people like you. In the next few questions, we are going to introduce an example meteorologist and ask you what you think of them. We know this can be difficult without more information. Just give us your first impression. This is [rand_name: Alex Morgan | Cameron Johnson]. [rand_fname] grew up in [rand_place: state | out_state], has a [rand_degree: bachelor's | master's] degree in meteorology, and has [rand_experience: 2 | 5] years of experience as a meteorologist in the [rand_place] area.",Would you trust rand_fname_2 to provide accurate information during dangerous weather events in your area?,"Picture, name, home state, degree and years of experience were all randomized; the placeholder is written as bare text so respondents may have seen the variable name",,
TC,met_choice,read,rand_name_1;rand_name_2;rand_pic_1;rand_pic_2,TC22,question,"This is [rand_pic_1] [rand_name_1] and this is [rand_pic_2] [rand_name_2], described as above.","If you were experiencing a dangerous weather event, which of these meteorologists would you rely on for potentially life saving information?",Forced choice between the two randomized meteorologists,,
TC,met_follow_1,read,rand_degree;rand_experience;rand_fname;rand_fname_1;rand_name;rand_place,TC22,question,"Many people rely on specific meteorologists when looking for information about extreme weather. We want to know if there are some characteristics that make a meteorologist seem more (or less) reliable to people like you. In the next few questions, we are going to introduce an example meteorologist and ask you what you think of them. We know this can be difficult without more information. Just give us your first impression. This is [rand_name: Alex Morgan | Cameron Johnson]. [rand_fname] grew up in [rand_place: state | out_state], has a [rand_degree: bachelor's | master's] degree in meteorology, and has [rand_experience: 2 | 5] years of experience as a meteorologist in the [rand_place] area.",Would you follow/watch rand_fname_1 if they were a meteorologist in your area?,,,
TC,met_follow_2,read,rand_degree;rand_experience;rand_fname;rand_fname_2;rand_name;rand_place,TC22,question,"Many people rely on specific meteorologists when looking for information about extreme weather. We want to know if there are some characteristics that make a meteorologist seem more (or less) reliable to people like you. In the next few questions, we are going to introduce an example meteorologist and ask you what you think of them. We know this can be difficult without more information. Just give us your first impression. This is [rand_name: Alex Morgan | Cameron Johnson]. [rand_fname] grew up in [rand_place: state | out_state], has a [rand_degree: bachelor's | master's] degree in meteorology, and has [rand_experience: 2 | 5] years of experience as a meteorologist in the [rand_place] area.",Would you follow/watch rand_fname_2 if they were a meteorologist in your area? Would you rely on Alex during a dangerous weather event in your area?,"Two questions in one item: a second sentence left over from an earlier draft, naming Alex even for respondents whose meteorologist was Cameron. met_follow_1 carries only the first sentence",,
TC,met_relevant_1,read,rand_degree;rand_experience;rand_fname;rand_fname_1;rand_name;rand_place,TC22,question,"Many people rely on specific meteorologists when looking for information about extreme weather. We want to know if there are some characteristics that make a meteorologist seem more (or less) reliable to people like you. In the next few questions, we are going to introduce an example meteorologist and ask you what you think of them. We know this can be difficult without more information. Just give us your first impression. This is [rand_name: Alex Morgan | Cameron Johnson]. [rand_fname] grew up in [rand_place: state | out_state], has a [rand_degree: bachelor's | master's] degree in meteorology, and has [rand_experience: 2 | 5] years of experience as a meteorologist in the [rand_place] area.",Would you trust rand_fname_1 to provide information that is relevant to people like you during dangerous weather events in your area?,,,
TC,met_relevant_2,read,rand_degree;rand_experience;rand_fname;rand_fname_2;rand_name;rand_place,TC22,question,"Many people rely on specific meteorologists when looking for information about extreme weather. We want to know if there are some characteristics that make a meteorologist seem more (or less) reliable to people like you. In the next few questions, we are going to introduce an example meteorologist and ask you what you think of them. We know this can be difficult without more information. Just give us your first impression. This is [rand_name: Alex Morgan | Cameron Johnson]. [rand_fname] grew up in [rand_place: state | out_state], has a [rand_degree: bachelor's | master's] degree in meteorology, and has [rand_experience: 2 | 5] years of experience as a meteorologist in the [rand_place] area.",Would you trust rand_fname_2 to provide information that is relevant to people like you during dangerous weather events in your area?,,,
TC,qp_comm,judgment,,TC20;TC21;TC22,question,This is an example of Probabilistic Quantitative Precipitation Forecast (PQPF) graphic that is issued by the NOAA/NWS Weather Prediction Center.,"How likely are you to use this graphic to explain the risk to friends, family, and neighbors if a hurricane were to threaten your location?",,,
TC,qp_conf,judgment,,TC20;TC21;TC22,question,,How confident are you in your response to the previous question?,,,
TC,qp_dec,judgment,,TC20;TC21;TC22,question,This is an example of Probabilistic Quantitative Precipitation Forecast (PQPF) graphic that is issued by the NOAA/NWS Weather Prediction Center.,How likely are you to use this graphic to understand the risk if a hurricane were to threaten your location?,,,
TC,qp_int,judgment,,TC20;TC21;TC22,question,This is an example of Probabilistic Quantitative Precipitation Forecast (PQPF) graphic that is issued by the NOAA/NWS Weather Prediction Center.,Are you able to interpret all of the information in this graphic?,,,
TC,qp_resp,judgment,,TC20;TC21;TC22,question,,"If you were advising people in Location A, would you tell them to:",,,
TC,qp_risk,judgment,,TC20;TC21;TC22,question,,How much risk does this information imply for average people in Location A?,,,
TC,qp_see,judgment,,TC20;TC21;TC22,question,This is an example of Probabilistic Quantitative Precipitation Forecast (PQPF) graphic that is issued by the NOAA/NWS Weather Prediction Center.,Have you seen a graphic like this before?,,,
TC,qp_test,judgment,,TC20;TC21;TC22,question,,Which of the following statements best describes the rainfall forecast for Location A?,"Correct answer is 2. Option 3 reads ""a 90% chance of that Location A will get approximately get 4 inches"", garbled in every wave",,
TC,rand_flood_1,declared,rand_flood,TC20;TC21,randomization,,We expect significant flooding in Houston tomorrow evening as the hurricane slows and continues into Texas.,RANDOMIZE rand_flood; EACH RESPONDENT SEES ONLY ONE. Shown with an image,,
TC,rand_flood_2,declared,rand_flood,TC20;TC21,randomization,,There is an 80% chance of significant flooding in Houston tomorrow evening as the hurricane slows and continues into Texas.,RANDOMIZE rand_flood; EACH RESPONDENT SEES ONLY ONE. Shown with an image,,
TC,rand_flood_3,declared,rand_flood,TC20;TC21,randomization,,"We expect (80% chance) to see significant flooding in Houston, TX tomorrow evening as the hurricane slows and continues into Texas.",RANDOMIZE rand_flood; EACH RESPONDENT SEES ONLY ONE. Shown with an image,,
TC,rand_flood_4,declared,rand_flood,TC20;TC21,randomization,,"We expect (70% - 90% chance) to see significant flooding in Houston, TX tomorrow evening as the hurricane slows and continues into Texas.",RANDOMIZE rand_flood; EACH RESPONDENT SEES ONLY ONE. Shown with an image,,
TC,rand_image,is the randomization,,TC25,randomization,,,Selects which storm surge map is shown for the student_concern and student_evac questions,,
TC,rand_loc,is the randomization,,TC25,randomization,,,Location on the storm surge map that the respondent is asked to imagine being at,,
TC,rand_ss,is the randomization,,TC23,randomization,,,Selects which storm surge probability message is shown before the ss_test block,,
TC,rand_surge_1,declared,rand_surge,TC20;TC21,randomization,,"Watch out! 9-11 ft of storm surge in Charleston, SC is possible with this hurricane. Surge conditions happen very quickly and can be life-threatening.",RANDOMIZE rand_surge; EACH RESPONDENT SEES ONLY ONE. Shown with an image,,
TC,rand_surge_2,declared,rand_surge,TC20;TC21,randomization,,"Watch out! There is a 10% chance that this hurricane will cause 9-11 ft of storm surge Charleston, SC. Surge conditions happen very quickly and can be life-threatening.","RANDOMIZE rand_surge; EACH RESPONDENT SEES ONLY ONE. Shown with an image. This arm reads ""storm surge Charleston, SC"", missing the word in",,
TC,rand_surge_3,declared,rand_surge,TC20;TC21,randomization,,"Watch out! 9-11 ft of storm surge in Charleston, SC is possible (10% chance) with this hurricane. Surge conditions happen very quickly and can be life-threatening.",RANDOMIZE rand_surge; EACH RESPONDENT SEES ONLY ONE. Shown with an image,,
TC,rand_surge_4,declared,rand_surge,TC20;TC21,randomization,,"Watch out! 9-11 ft of storm surge in Charleston, SC is possible (5% - 15% chance) with this hurricane. Surge conditions happen very quickly and can be life-threatening.",RANDOMIZE rand_surge; EACH RESPONDENT SEES ONLY ONE. Shown with an image,,
TC,rand_wind_1,declared,rand_wind,TC20;TC21,randomization,,"There is a chance of hurricane force winds in Key West, FL beginning tomorrow afternoon at 4:00.",RANDOMIZE rand_wind; EACH RESPONDENT SEES ONLY ONE. Shown with an image,,
TC,rand_wind_2,declared,rand_wind,TC20;TC21,randomization,,"There is a 50% chance of hurricane force winds in Key West, FL beginning tomorrow afternoon at 4:00.",RANDOMIZE rand_wind; EACH RESPONDENT SEES ONLY ONE. Shown with an image,,
TC,rand_wind_3,declared,rand_wind,TC20;TC21,randomization,,"There is a moderate (50%) chance of hurricane force winds in Key West, FL beginning tomorrow afternoon at 4:00.",RANDOMIZE rand_wind; EACH RESPONDENT SEES ONLY ONE. Shown with an image,,
TC,rand_wind_4,declared,rand_wind,TC20;TC21,randomization,,"There is a moderate (40% - 60%) chance of hurricane force winds in Key West, FL beginning tomorrow afternoon at 4:00.",RANDOMIZE rand_wind; EACH RESPONDENT SEES ONLY ONE. Shown with an image,,
TC,rand_ws,is the randomization,,TC23,randomization,,,Selects which wind speed probability message is shown before the ws_test block,,
TC,schools_track,judgment,,TC23,randomization,,,"Selects which version of the school recovery allocation scenario is shown. The equity version adds a worked example showing what each school would be worth after funding, and describes the funding as ""recovering funding""",,
TC,ss_comm,judgment,,TC20;TC21;TC22;TC23,question,This is a snap shot from a Potential Storm Surge Flooding map that is issued by the NOAA/NWS National Hurricane Center.,"How likely are you to use this graphic to explain the risk to friends, family, and neighbors if a hurricane were to threaten your location?",,,
TC,ss_conf,judgment,,TC20;TC21;TC22;TC23,question,,How confident are you in your response to the previous question?,,,
TC,ss_dec,judgment,,TC20;TC21;TC22;TC23,question,This is a snap shot from a Potential Storm Surge Flooding map that is issued by the NOAA/NWS National Hurricane Center.,How likely are you to use this graphic to understand the risk if a hurricane were to threaten your location?,,,
TC,ss_int,judgment,,TC20;TC21;TC22;TC23,question,This is a snap shot from a Potential Storm Surge Flooding map that is issued by the NOAA/NWS National Hurricane Center.,Are you able to interpret all of the information in this graphic?,,,
TC,ss_resp,judgment,,TC20;TC21;TC22;TC23,question,,"If you were advising people in Location A, would you tell them to:",,,
TC,ss_risk,judgment,,TC20;TC21;TC22;TC23,question,,How much risk does this information imply for average people in Location A?,,,
TC,ss_see,judgment,,TC20;TC21;TC22;TC23,question,This is a snap shot from a Potential Storm Surge Flooding map that is issued by the NOAA/NWS National Hurricane Center.,Have you seen a graphic like this before?,,,
TC,ss_test,judgment,,TC20;TC21;TC22;TC23,question,,Which of the following statements best describes the storm surge forecast for Location A?,Correct answer is 1,,
TC,student_concern,read,rand_loc,TC25,question,"Next, imagine you are made aware that there is a hurricane about to make an imminent landfall just north of Cape Coral (pictured below). Threats from the hurricane include wind damage, flooding, lightning strikes, and possibly tornadoes. In preparation, you are given this map of potential storm surge heights.","If you were located at location [rand_loc], how concerned would you be about storm surge damaging property?",,,
TC,student_evac,read,rand_loc,TC25,question,"Next, imagine you are made aware that there is a hurricane about to make an imminent landfall just north of Cape Coral (pictured below). Threats from the hurricane include wind damage, flooding, lightning strikes, and possibly tornadoes. In preparation, you are given this map of potential storm surge heights.","If you were at location rand_loc and saw this graphic, what would be your likelihood of evacuating?",The randomization placeholder is written as bare text here rather than in brackets as in student_concern,,
TC,surge_flood_risk,judgment,,TC22,question,Here is an example message that includes an alert from a past storm.,Can you tell us how much risk the message implies for average people in the warning area?,"RANDOMIZE ALERT EXAMPLEE, spelled that way in the instrument; surge_flood_rand assigns one of four example messages",,
TC,surge_flood_und,judgment,,TC22,question,Here is an example message that includes an alert from a past storm.,Does all the information in this message (including the text) make sense to you?,,,
TC,surge_reliable,declared,rand_surge,TC20;TC21,question,Now we are going to show you some example forecast messages from past hurricanes and ask you how reliable the messages seem to you. We know this can be difficult without more information. Just give us your first impression.,"Using this information alone, how reliable does this forecast message seem to you?",Rates whichever rand_surge arm the respondent saw,,
TC,wind_reliable,declared,rand_wind,TC20;TC21,question,Now we are going to show you some example forecast messages from past hurricanes and ask you how reliable the messages seem to you. We know this can be difficult without more information. Just give us your first impression.,"Using this information alone, how reliable does this forecast message seem to you?",Rates whichever rand_wind arm the respondent saw,,
TC,ws_comm,judgment,,TC20;TC21;TC22;TC23,question,This is an example Wind Speed Probability graphic that is issued by the NOAA/NWS National Hurricane Center.,"How likely are you to use this graphic to explain the risk to friends, family, and neighbors if a hurricane were to threaten your location?",,,
TC,ws_conf,judgment,,TC20;TC21;TC22;TC23,question,,How confident are you in your response to the previous question?,,,
TC,ws_dec,judgment,,TC20;TC21;TC22;TC23,question,This is an example Wind Speed Probability graphic that is issued by the NOAA/NWS National Hurricane Center.,How likely are you to use this graphic to understand the risk if a hurricane were to threaten your location?,,,
TC,ws_int,judgment,,TC20;TC21;TC22;TC23,question,This is an example Wind Speed Probability graphic that is issued by the NOAA/NWS National Hurricane Center.,Are you able to interpret all of the information in this graphic?,,,
TC,ws_resp,judgment,,TC20;TC21;TC22;TC23,question,,"If you were advising people in Location A, would you tell them to:",,,
TC,ws_risk,judgment,,TC20;TC21;TC22;TC23,question,,How much risk does this information imply for average people in Location A?,,,
TC,ws_see,judgment,,TC20;TC21;TC22;TC23,question,This is an example Wind Speed Probability graphic that is issued by the NOAA/NWS National Hurricane Center.,Have you seen a graphic like this before?,,,
TC,ws_test,judgment,,TC20;TC21;TC22;TC23,question,,Which of the following statements best describes the probability of hurricane-force winds in Location A?,Correct answer is 3,,
WW,cold_img_rand,judgment,,WW24,randomization,,,Whether the extreme cold graphic includes health guidance,,
WW,color_diff,judgment,,WW24,question,,You indicated that understanding the information in this graphic was somewhat difficult. Could you tell us which element of the graphic was most confusing?,"The show condition is written as DISPLAY IF und > 4, which selects the respondents who found it easy rather than difficult",,
WW,color_diff_spec,judgment,,WW24,verbatim_followup,You indicated that understanding the information in this graphic was somewhat difficult. Could you tell us which element of the graphic was most confusing?,,VERBATIM,,
WW,color_display,judgment,,WW24,randomization,,,Whether the temperature graphic is shown for three seconds as if scrolling past it or left on screen,,
WW,color_flash_act,judgment,,WW24,question,,"If you were located at Location A, how likely would you be to take precautionary actions (such as wearing a jacket, rescheduling outdoor activities, or protecting plants) based on the forecast shown in the graphic?",,,
WW,color_flash_cond,judgment,,WW24,question,"On the next page, you will see a forecast graphic for a short moment, as if you were scrolling past the graphic on your social media feed. When viewing the graphic, imagine you are in Location A. Afterward, you'll be asked a few questions about what you observed.",Which type of weather condition was shown in the graphic?,The graphic is displayed for three seconds only,,
WW,color_flash_scroll,judgment,,WW24,question,,"If you were located at Location A and saw this message on your social media, how likely would you be to stop scrolling and/or click on a link for more information?",,,
WW,color_flash_temp,judgment,,WW24,question,"On the next page, you will see a forecast graphic for a short moment, as if you were scrolling past the graphic on your social media feed.",What was the forecast high temperature at Location A on the graphic?,The flash and static versions offer different temperature options,,
WW,color_flash_und,judgment,,WW24,question,,How easy was it to understand the information presented in the graphic?,,,
WW,color_rand,judgment,,WW24,randomization,,,Colour palette used for the temperature forecast graphic,,
WW,color_static_act,judgment,,WW24,question,,"If you were located at Location A, how likely would you be to take precautionary actions (such as wearing a jacket, rescheduling outdoor activities, or protecting plants) based on the forecast shown in the graphic?",,,
WW,color_static_cond,judgment,,WW24,question,"Here is a forecast graphic that you might see on your social media feed. When viewing the graphic, imagine you are in Location A.",Which type of weather condition is shown in the graphic?,,,
WW,color_static_scroll,judgment,,WW24,question,,"If you were located at Location A and saw this message on your social media, how likely would you be to stop scrolling and/or click on a link for more information?",,,
WW,color_static_temp,judgment,,WW24,question,"Here is a forecast graphic that you might see on your social media feed. When viewing the graphic, imagine you are in Location A.",What is the forecast high temperature at Location A on the graphic?,The static options run 40F to 20F where the flash options run 30F to 10F,,
WW,color_static_und,judgment,,WW24,question,,How easy is it to understand the information presented in the graphic?,,,
WW,fcst_conf,judgment,,WW24,randomization,,,"Whether the snowfall message carries no confidence statement, high confidence, low confidence, or low confidence with an explanation of why",,
WW,fcst_conf_acc,judgment,,WW24,question,"Imagine that it is Thursday morning, you are at Location A, and see this forecast: We're currently predicting 2 to 8 inches of snow for Location A, with an 80% chance that the actual amount will be within that range. [fcst_conf]",Do you think the snowfall forecast in the message above is accurate (do you think the forecast will be correct)?,,,
WW,fcst_conf_inform,judgment,,WW24,question,"Imagine that it is Thursday morning, you are at Location A, and see this forecast: We're currently predicting 2 to 8 inches of snow for Location A, with an 80% chance that the actual amount will be within that range. [fcst_conf]",Do you think the snowfall forecast in the message above is informative (does the forecast provide enough information to understand the situation)?,,,
WW,fcst_conf_trust,judgment,,WW24,question,"Imagine that it is Thursday morning, you are at Location A, and see this forecast: We're currently predicting 2 to 8 inches of snow for Location A, with an 80% chance that the actual amount will be within that range. [fcst_conf]",Do you think the snowfall forecast in the message above is trustworthy (do you trust the source providing it)?,,,
WW,fcst_conf_value,judgment,,WW24,question,"Imagine that it is Thursday morning, you are at Location A, and see this forecast: We're currently predicting 2 to 8 inches of snow for Location A, with an 80% chance that the actual amount will be within that range. [fcst_conf]",Do you think the snowfall forecast in the message above is valuable (is the forecast helpful and beneficial for making decisions)?,,,
WW,health_cond,judgment,,WW24,randomization,,,Which winter hazard the health-messaging graphic depicts,,
WW,health_exp_risk,judgment,,WW24,question,Imagine you are currently located in this area. The National Weather Service just released this graphic on their Facebook and you see it come across your phone.,"After seeing this forecast, how do you rate the risk of the [health_cond] forecast to you?",,,
WW,health_open_text,judgment,,WW24,question,,Imagine you are currently located in this area. The National Weather Service just released this graphic on their Facebook and you see it come across your phone. Please read this graphic as if you were preparing for the upcoming weather.,"Carries a variable name but the text is the scenario instruction for the graphic, not a question",,
WW,health_pa,judgment,,WW24,question,Imagine you are currently located in this area. The National Weather Service just released this graphic on their Facebook and you see it come across your phone.,"How likely are you to take a protective action (e.g., stay at home, avoid travel, wear extra layers when going out) in response to this forecast?",,,
WW,ice_img_rand,judgment,,WW24,randomization,,,Whether the ice storm graphic includes health guidance,,
WW,map_rand,judgment,,WW25,randomization,,,Selects which of the four snow forecast graphic formats is shown for the snmap block,,
WW,mis_action,judgment,,WW23,question,"Imagine that it is Thursday morning, you are at Location A, and one of the people you follow on social media shares this forecast.",Imagine that you were planning to visit friends in Richland Center on the day of the event. How likely are you to change these plans?,,,
WW,mis_conf,judgment,,WW23,question,"Imagine that it is Thursday morning, you are at Location A, and one of the people you follow on social media shares this forecast.",How confident are you in that assessment of the quality?,,,
WW,mis_fcst,judgment,,WW23,randomization,,,Which quality of social media forecast image is shown,,
WW,mis_fcst_exp,judgment,,WW23,question,,"It looks like you said the information in this forecast was low quality, can you briefly explain why?",VERBATIM,,
WW,mis_prebunk,judgment,,WW23,randomization,,,Whether the respondent first sees a pre-bunk image explaining how to judge forecast quality,,
WW,mis_qual,judgment,,WW23,question,"Imagine that it is Thursday morning, you are at Location A, and one of the people you follow on social media shares this forecast. There are many forecasts about this event on social media and some of them are higher quality than others.",Do you think the information in this forecast is low-quality or high-quality?,,,
WW,mis_share,judgment,,WW23,question,"Imagine that it is Thursday morning, you are at Location A, and one of the people you follow on social media shares this forecast.",How likely are you to share this image with your friends or followers on any social media you use?,The instrument uses en dashes rather than hyphens in this option list,,
WW,rand_evnt_car_ice,read,rand_evnt_ice,WW23,question,How likely would you be to take the following actions in response to a forecast for [rand_evnt_ice]?,"Make sure to have a winter weather kit in the car (with candles, blankets, ice scraper, flashlight, etc.)",RANDOM ORDER IN TABLE. The only item in the battery with a not applicable option,,
WW,rand_evnt_car_snow,read,rand_evnt_snow,WW23,question,How likely would you be to take the following actions in response to a forecast for [rand_evnt_snow]?,"Make sure to have a winter weather kit in the car (with candles, blankets, ice scraper, flashlight, etc.)",RANDOM ORDER IN TABLE,,
WW,rand_evnt_cncrn_ice,read,rand_evnt_ice,WW23,question,"Now, we want you to imagine that there is a forecast for [rand_evnt_ice] in the area where you live, beginning in about 24 hours (1 day). If you do not live in an area that experiences this kind of weather, imagine that you have traveled to an area that does.",How concerned would you be about the possibility of [rand_evnt_ice]?,,,
WW,rand_evnt_cncrn_snow,read,rand_evnt_snow,WW23,question,"Now, we want you to imagine that there is a forecast for [rand_evnt_snow] in the area where you live, beginning in about 24 hours (1 day). If you do not live in an area that experiences this kind of weather, imagine that you have traveled to an area that does.",How concerned would you be about the possibility of [rand_evnt_snow]?,,,
WW,rand_evnt_disp_rand,is the randomization,,WW23,randomization,,,Which winter event block is shown first; 50% see ice first and 50% see snow first,,
WW,rand_evnt_exc_ice,read,rand_evnt_ice,WW23,question,"Now, we want you to imagine that there is a forecast for [rand_evnt_ice] in the area where you live, beginning in about 24 hours (1 day). If you do not live in an area that experiences this kind of weather, imagine that you have traveled to an area that does.",How excited would you be about the possibility of [rand_evnt_ice]?,Paired with the concern item to capture positive as well as negative anticipation,,
WW,rand_evnt_exc_snow,read,rand_evnt_snow,WW23,question,"Now, we want you to imagine that there is a forecast for [rand_evnt_snow] in the area where you live, beginning in about 24 hours (1 day). If you do not live in an area that experiences this kind of weather, imagine that you have traveled to an area that does.",How excited would you be about the possibility of [rand_evnt_snow]?,,,
WW,rand_evnt_food_ice,read,rand_evnt_ice,WW23,question,How likely would you be to take the following actions in response to a forecast for [rand_evnt_ice]?,Buy extra food or water,RANDOM ORDER IN TABLE,,
WW,rand_evnt_food_snow,read,rand_evnt_snow,WW23,question,How likely would you be to take the following actions in response to a forecast for [rand_evnt_snow]?,Buy extra food or water,RANDOM ORDER IN TABLE,,
WW,rand_evnt_ice,is the randomization,,WW23,randomization,,,The ice amount inserted throughout the ice block,,
WW,rand_evnt_imp_dmg_ice,read,rand_evnt_ice,WW23,question,"If [rand_evnt_ice] were to occur, how likely are the following negative impacts?",Damage to homes/property,RANDOM ORDER IN TABLE,,
WW,rand_evnt_imp_dmg_snow,read,rand_evnt_snow,WW23,question,"If [rand_evnt_snow] were to occur, how likely are the following negative impacts?",Damage to homes/property,RANDOM ORDER IN TABLE,,
WW,rand_evnt_imp_harm_othr_ice,read,rand_evnt_ice,WW23,question,"If [rand_evnt_ice] were to occur, how likely are the following negative impacts?","Harm to a friend, family, or other loved one",RANDOM ORDER IN TABLE,,
WW,rand_evnt_imp_harm_othr_snow,read,rand_evnt_snow,WW23,question,"If [rand_evnt_snow] were to occur, how likely are the following negative impacts?","Harm to a friend, family, or other loved one",RANDOM ORDER IN TABLE,,
WW,rand_evnt_imp_harm_you_ice,read,rand_evnt_ice,WW23,question,"If [rand_evnt_ice] were to occur, how likely are the following negative impacts?",Harm to you,RANDOM ORDER IN TABLE,,
WW,rand_evnt_imp_harm_you_snow,read,rand_evnt_snow,WW23,question,"If [rand_evnt_snow] were to occur, how likely are the following negative impacts?",Harm to you,RANDOM ORDER IN TABLE,,
WW,rand_evnt_imp_pwr_ice,read,rand_evnt_ice,WW23,question,"If [rand_evnt_ice] were to occur, how likely are the following negative impacts?",Power outages,RANDOM ORDER IN TABLE,,
WW,rand_evnt_imp_pwr_snow,read,rand_evnt_snow,WW23,question,"If [rand_evnt_snow] were to occur, how likely are the following negative impacts?",Power outages,RANDOM ORDER IN TABLE,,
WW,rand_evnt_imp_road_ice,read,rand_evnt_ice,WW23,question,"If [rand_evnt_ice] were to occur, how likely are the following negative impacts?",Poor road conditions or road closures,RANDOM ORDER IN TABLE,,
WW,rand_evnt_imp_road_snow,read,rand_evnt_snow,WW23,question,"If [rand_evnt_snow] were to occur, how likely are the following negative impacts?",Poor road conditions or road closures,RANDOM ORDER IN TABLE,,
WW,rand_evnt_imp_sch_ice,read,rand_evnt_ice,WW23,question,"If [rand_evnt_ice] were to occur, how likely are the following negative impacts?",School closures or delays,RANDOM ORDER IN TABLE,,
WW,rand_evnt_imp_sch_snow,read,rand_evnt_snow,WW23,question,"If [rand_evnt_snow] were to occur, how likely are the following negative impacts?",School closures or delays,RANDOM ORDER IN TABLE,,
WW,rand_evnt_imp_vis_ice,read,rand_evnt_ice,WW23,question,"If [rand_evnt_ice] were to occur, how likely are the following negative impacts?",Poor visibility,RANDOM ORDER IN TABLE,,
WW,rand_evnt_imp_vis_snow,read,rand_evnt_snow,WW23,question,"If [rand_evnt_snow] were to occur, how likely are the following negative impacts?",Poor visibility,RANDOM ORDER IN TABLE,,
WW,rand_evnt_imp_wrk_ice,read,rand_evnt_ice,WW23,question,"If [rand_evnt_ice] were to occur, how likely are the following negative impacts?",Work closures or delays,RANDOM ORDER IN TABLE,,
WW,rand_evnt_imp_wrk_snow,read,rand_evnt_snow,WW23,question,"If [rand_evnt_snow] were to occur, how likely are the following negative impacts?",Work closures or delays,RANDOM ORDER IN TABLE,,
WW,rand_evnt_imp_wtr_ice,read,rand_evnt_ice,WW23,question,"If [rand_evnt_ice] were to occur, how likely are the following negative impacts?",Water issues/frozen pipes,RANDOM ORDER IN TABLE,,
WW,rand_evnt_imp_wtr_snow,read,rand_evnt_snow,WW23,question,"If [rand_evnt_snow] were to occur, how likely are the following negative impacts?",Water issues/frozen pipes,RANDOM ORDER IN TABLE,,
WW,rand_evnt_noth_ice,read,rand_evnt_ice,WW23,question,How likely would you be to take the following actions in response to a forecast for [rand_evnt_ice]?,Take no action in response to the forecast (go about my daily activities),RANDOM ORDER IN TABLE,,
WW,rand_evnt_noth_snow,read,rand_evnt_snow,WW23,question,How likely would you be to take the following actions in response to a forecast for [rand_evnt_snow]?,Take no action in response to the forecast (go about my daily activities),RANDOM ORDER IN TABLE,,
WW,rand_evnt_othr_ice,read,rand_evnt_ice,WW23,question,How likely would you be to take the following actions in response to a forecast for [rand_evnt_ice]?,Other (please specify),RANDOM ORDER IN TABLE. The instrument lists the verbatim follow-up before this item rather than after it,,
WW,rand_evnt_othr_ice_spec,read,rand_evnt_ice,WW23,verbatim_followup,How likely would you be to take the following actions in response to a forecast for [rand_evnt_ice]?,,VERBATIM,,
WW,rand_evnt_othr_snow,read,rand_evnt_snow,WW23,question,How likely would you be to take the following actions in response to a forecast for [rand_evnt_snow]?,Other (please specify),RANDOM ORDER IN TABLE,,
WW,rand_evnt_othr_snow_spec,read,rand_evnt_snow,WW23,verbatim_followup,How likely would you be to take the following actions in response to a forecast for [rand_evnt_snow]?,,VERBATIM,,
WW,rand_evnt_snow,is the randomization,,WW23,randomization,,,The snow amount inserted throughout the snow block,,
WW,rand_evnt_supp_ice,read,rand_evnt_ice,WW23,question,How likely would you be to take the following actions in response to a forecast for [rand_evnt_ice]?,"Buy extra emergency supplies (generator, gas, batteries, medicines, etc.)",RANDOM ORDER IN TABLE,,
WW,rand_evnt_supp_snow,read,rand_evnt_snow,WW23,question,How likely would you be to take the following actions in response to a forecast for [rand_evnt_snow]?,"Buy extra emergency supplies (generator, gas, batteries, medicines, etc.)",RANDOM ORDER IN TABLE,,
WW,rand_evnt_svr_dmg_ice,read,rand_evnt_ice,WW23,question,"Some impacts from [rand_evnt_ice] cause relatively slight inconveniences whereas others cause severe damage or disruption. If [rand_evnt_ice] were to occur, how disruptive or damaging (severe) are the impacts likely to be?",Damage to homes/property,"RANDOM ORDER IN TABLE. The ice version of this stem reads whereas cause severe damage, dropping the word others",,
WW,rand_evnt_svr_dmg_snow,read,rand_evnt_snow,WW23,question,"Some impacts from [rand_evnt_snow] cause relatively slight inconveniences whereas others cause severe damage or disruption. If [rand_evnt_snow] were to occur, how disruptive or damaging (severe) are the impacts likely to be?",Damage to homes/property,RANDOM ORDER IN TABLE,,
WW,rand_evnt_svr_harm_othr_ice,read,rand_evnt_ice,WW23,question,"Some impacts from [rand_evnt_ice] cause relatively slight inconveniences whereas others cause severe damage or disruption. If [rand_evnt_ice] were to occur, how disruptive or damaging (severe) are the impacts likely to be?","Harm to a friend, family, or other loved one","RANDOM ORDER IN TABLE. The ice version of this stem reads whereas cause severe damage, dropping the word others",,
WW,rand_evnt_svr_harm_othr_snow,read,rand_evnt_snow,WW23,question,"Some impacts from [rand_evnt_snow] cause relatively slight inconveniences whereas others cause severe damage or disruption. If [rand_evnt_snow] were to occur, how disruptive or damaging (severe) are the impacts likely to be?","Harm to a friend, family, or other loved one",RANDOM ORDER IN TABLE,,
WW,rand_evnt_svr_harm_you_ice,read,rand_evnt_ice,WW23,question,"Some impacts from [rand_evnt_ice] cause relatively slight inconveniences whereas others cause severe damage or disruption. If [rand_evnt_ice] were to occur, how disruptive or damaging (severe) are the impacts likely to be?",Harm to you,"RANDOM ORDER IN TABLE. The ice version of this stem reads whereas cause severe damage, dropping the word others",,
WW,rand_evnt_svr_harm_you_snow,read,rand_evnt_snow,WW23,question,"Some impacts from [rand_evnt_snow] cause relatively slight inconveniences whereas others cause severe damage or disruption. If [rand_evnt_snow] were to occur, how disruptive or damaging (severe) are the impacts likely to be?",Harm to you,RANDOM ORDER IN TABLE,,
WW,rand_evnt_svr_pwr_ice,read,rand_evnt_ice,WW23,question,"Some impacts from [rand_evnt_ice] cause relatively slight inconveniences whereas others cause severe damage or disruption. If [rand_evnt_ice] were to occur, how disruptive or damaging (severe) are the impacts likely to be?",Power outages,"RANDOM ORDER IN TABLE. The ice version of this stem reads whereas cause severe damage, dropping the word others",,
WW,rand_evnt_svr_pwr_snow,read,rand_evnt_snow,WW23,question,"Some impacts from [rand_evnt_snow] cause relatively slight inconveniences whereas others cause severe damage or disruption. If [rand_evnt_snow] were to occur, how disruptive or damaging (severe) are the impacts likely to be?",Power outages,RANDOM ORDER IN TABLE,,
WW,rand_evnt_svr_road_ice,read,rand_evnt_ice,WW23,question,"Some impacts from [rand_evnt_ice] cause relatively slight inconveniences whereas others cause severe damage or disruption. If [rand_evnt_ice] were to occur, how disruptive or damaging (severe) are the impacts likely to be?",Poor road conditions or road closures,"RANDOM ORDER IN TABLE. The ice version of this stem reads whereas cause severe damage, dropping the word others",,
WW,rand_evnt_svr_road_snow,read,rand_evnt_snow,WW23,question,"Some impacts from [rand_evnt_snow] cause relatively slight inconveniences whereas others cause severe damage or disruption. If [rand_evnt_snow] were to occur, how disruptive or damaging (severe) are the impacts likely to be?",Poor road conditions or road closures,RANDOM ORDER IN TABLE,,
WW,rand_evnt_svr_sch_ice,read,rand_evnt_ice,WW23,question,"Some impacts from [rand_evnt_ice] cause relatively slight inconveniences whereas others cause severe damage or disruption. If [rand_evnt_ice] were to occur, how disruptive or damaging (severe) are the impacts likely to be?",School closures or delays,"RANDOM ORDER IN TABLE. The ice version of this stem reads whereas cause severe damage, dropping the word others",,
WW,rand_evnt_svr_sch_snow,read,rand_evnt_snow,WW23,question,"Some impacts from [rand_evnt_snow] cause relatively slight inconveniences whereas others cause severe damage or disruption. If [rand_evnt_snow] were to occur, how disruptive or damaging (severe) are the impacts likely to be?",School closures or delays,RANDOM ORDER IN TABLE,,
WW,rand_evnt_svr_vis_ice,read,rand_evnt_ice,WW23,question,"Some impacts from [rand_evnt_ice] cause relatively slight inconveniences whereas others cause severe damage or disruption. If [rand_evnt_ice] were to occur, how disruptive or damaging (severe) are the impacts likely to be?",Poor visibility,"RANDOM ORDER IN TABLE. The ice version of this stem reads whereas cause severe damage, dropping the word others",,
WW,rand_evnt_svr_vis_snow,read,rand_evnt_snow,WW23,question,"Some impacts from [rand_evnt_snow] cause relatively slight inconveniences whereas others cause severe damage or disruption. If [rand_evnt_snow] were to occur, how disruptive or damaging (severe) are the impacts likely to be?",Poor visibility,RANDOM ORDER IN TABLE,,
WW,rand_evnt_svr_wrk_ice,read,rand_evnt_ice,WW23,question,"Some impacts from [rand_evnt_ice] cause relatively slight inconveniences whereas others cause severe damage or disruption. If [rand_evnt_ice] were to occur, how disruptive or damaging (severe) are the impacts likely to be?",Work closures or delays,"RANDOM ORDER IN TABLE. The ice version of this stem reads whereas cause severe damage, dropping the word others",,
WW,rand_evnt_svr_wrk_snow,read,rand_evnt_snow,WW23,question,"Some impacts from [rand_evnt_snow] cause relatively slight inconveniences whereas others cause severe damage or disruption. If [rand_evnt_snow] were to occur, how disruptive or damaging (severe) are the impacts likely to be?",Work closures or delays,RANDOM ORDER IN TABLE,,
WW,rand_evnt_svr_wtr_ice,read,rand_evnt_ice,WW23,question,"Some impacts from [rand_evnt_ice] cause relatively slight inconveniences whereas others cause severe damage or disruption. If [rand_evnt_ice] were to occur, how disruptive or damaging (severe) are the impacts likely to be?",Water issues/frozen pipes,"RANDOM ORDER IN TABLE. The ice version of this stem reads whereas cause severe damage, dropping the word others",,
WW,rand_evnt_svr_wtr_snow,read,rand_evnt_snow,WW23,question,"Some impacts from [rand_evnt_snow] cause relatively slight inconveniences whereas others cause severe damage or disruption. If [rand_evnt_snow] were to occur, how disruptive or damaging (severe) are the impacts likely to be?",Water issues/frozen pipes,RANDOM ORDER IN TABLE,,
WW,rand_evnt_trav_ice,read,rand_evnt_ice,WW23,question,How likely would you be to take the following actions in response to a forecast for [rand_evnt_ice]?,Cancel or modify travel plans,RANDOM ORDER IN TABLE,,
WW,rand_evnt_trav_snow,read,rand_evnt_snow,WW23,question,How likely would you be to take the following actions in response to a forecast for [rand_evnt_snow]?,Cancel or modify travel plans,RANDOM ORDER IN TABLE,,
WW,range1,judgment,,WW24,randomization,,,Whether the 6-inch-range preference set is anchored on 2-8 inches (A) or 4-10 inches (B),,
WW,range10_expA,judgment,,WW24,question,"Imagine that it's two weeks later, and another winter storm is forecast for tomorrow. This time, you receive a snowfall forecast for 4-14 inches of snow, with an 80% chance that it will fall within that range.",How much snow do you think will fall?,VERBATIM; REQUIRE NUMERIC,,
WW,range10_expB,judgment,,WW24,question,"Imagine there's a winter storm forecast for tomorrow and that you receive a snowfall forecast for 4-14 inches of snow, with an 80% chance that it will fall within that range.",How much snow do you think will fall?,VERBATIM; REQUIRE NUMERIC. The B set presents the 10-inch range first,,
WW,range10_maxA,judgment,,WW24,question,"Imagine that it's two weeks later, and another winter storm is forecast for tomorrow. This time, you receive a snowfall forecast for 4-14 inches of snow, with an 80% chance that it will fall within that range.",What is the maximum amount of snow that you think will fall?,VERBATIM; REQUIRE NUMERIC,,
WW,range10_maxB,judgment,,WW24,question,"Imagine there's a winter storm forecast for tomorrow and that you receive a snowfall forecast for 4-14 inches of snow, with an 80% chance that it will fall within that range.",What is the maximum amount of snow that you think will fall?,VERBATIM; REQUIRE NUMERIC,,
WW,range10_minA,judgment,,WW24,question,"Imagine that it's two weeks later, and another winter storm is forecast for tomorrow. This time, you receive a snowfall forecast for 4-14 inches of snow, with an 80% chance that it will fall within that range.",What is the minimum amount of snow that you think will fall?,VERBATIM; REQUIRE NUMERIC,,
WW,range10_minB,judgment,,WW24,question,"Imagine there's a winter storm forecast for tomorrow and that you receive a snowfall forecast for 4-14 inches of snow, with an 80% chance that it will fall within that range.",What is the minimum amount of snow that you think will fall?,VERBATIM; REQUIRE NUMERIC,,
WW,range10_nozero,judgment,,WW24,question,"Imagine that two weeks have passed since the winter storm asked about in the previous question, and now another winter storm is forecast for tomorrow. Again, you see all the snowfall forecasts below, which are different ways of presenting snowfall ranges and the chance that the actual amount will fall in that range.",Which of these options do you prefer?,,,
WW,range10_zero,judgment,,WW24,question,"Imagine that two weeks have passed since the winter storm asked about in the previous question, and now another winter storm is forecast for tomorrow. Again, you see all the snowfall forecasts below, which are different ways of presenting snowfall ranges and the chance that the actual amount will fall in that range.",Which of these options do you prefer?,,,
WW,range6A_nozero,judgment,,WW24,question,"Imagine that two weeks have passed since the winter storm asked about in the previous question, and now another winter storm is forecast for tomorrow. Again, you see all the snowfall forecasts below, which are different ways of presenting snowfall ranges and the chance that the actual amount will fall in that range.",Which of these options do you prefer?,Trades range width against the chance the range contains the true amount,,
WW,range6A_zero,judgment,,WW24,question,"Imagine that two weeks have passed since the winter storm asked about in the previous question, and now another winter storm is forecast for tomorrow. Again, you see all the snowfall forecasts below, which are different ways of presenting snowfall ranges and the chance that the actual amount will fall in that range.",Which of these options do you prefer?,The zero version lets the range bottom out at no snow,,
WW,range6B_nozero,judgment,,WW24,question,"Imagine that two weeks have passed since the winter storm asked about in the previous question, and now another winter storm is forecast for tomorrow. Again, you see all the snowfall forecasts below, which are different ways of presenting snowfall ranges and the chance that the actual amount will fall in that range.",Which of these options do you prefer?,,,
WW,range6B_zero,judgment,,WW24,question,"Imagine that two weeks have passed since the winter storm asked about in the previous question, and now another winter storm is forecast for tomorrow. Again, you see all the snowfall forecasts below, which are different ways of presenting snowfall ranges and the chance that the actual amount will fall in that range.",Which of these options do you prefer?,Identical to range6A_zero; the A and B versions differ only for the nozero pair,,
WW,range6_expA,judgment,,WW24,question,"Imagine there's a winter storm forecast for tomorrow and that you receive a snowfall forecast for 4-10 inches of snow, with an 80% chance that it will fall within that range.",How much snow do you think will fall?,VERBATIM; REQUIRE NUMERIC. The A set presents the 6-inch range first,,
WW,range6_expB,judgment,,WW24,question,"Imagine that it's two weeks later, and another winter storm is forecast for tomorrow. This time, you receive a snowfall forecast for 4-10 inches of snow, with an 80% chance that it will fall within that range.",How much snow do you think will fall?,VERBATIM; REQUIRE NUMERIC,,
WW,range6_maxA,judgment,,WW24,question,"Imagine there's a winter storm forecast for tomorrow and that you receive a snowfall forecast for 4-10 inches of snow, with an 80% chance that it will fall within that range.",What is the maximum amount of snow that you think will fall?,VERBATIM; REQUIRE NUMERIC,,
WW,range6_maxB,judgment,,WW24,question,"Imagine that it's two weeks later, and another winter storm is forecast for tomorrow. This time, you receive a snowfall forecast for 4-10 inches of snow, with an 80% chance that it will fall within that range.",What is the maximum amount of snow that you think will fall?,VERBATIM; REQUIRE NUMERIC,,
WW,range6_minA,judgment,,WW24,question,"Imagine there's a winter storm forecast for tomorrow and that you receive a snowfall forecast for 4-10 inches of snow, with an 80% chance that it will fall within that range.",What is the minimum amount of snow that you think will fall?,VERBATIM; REQUIRE NUMERIC,,
WW,range6_minB,judgment,,WW24,question,"Imagine that it's two weeks later, and another winter storm is forecast for tomorrow. This time, you receive a snowfall forecast for 4-10 inches of snow, with an 80% chance that it will fall within that range.",What is the minimum amount of snow that you think will fall?,VERBATIM; REQUIRE NUMERIC,,
WW,range_decide,judgment,,WW24,question,,"Imagine there's a winter storm forecast for tomorrow and that you receive a snowfall forecast for 2-[range_max] inches, and there's an 80% chance that it will fall within the range. Would you find this forecast useful for your decision-making?",Yes is coded 1 and No is coded 2 here rather than the 0/1 used elsewhere,,
WW,range_max,judgment,,WW24,randomization,,,Upper bound of the snowfall range shown in range_decide,,
WW,snmapbad,judgment,,WW25,question,"Again, please indicate how much you agree or disagree with each statement.",This forecast helps me understand how bad the storm could be.,,,
WW,snmapbest,judgment,,WW25,question,"Now we are going to show you an example snow forecast graphic for Massachusetts. Imagine that you are located in the city of Worcester, which is located in central Massachusetts, near the center of the map. Please review the graphic and then answer the questions that follow.","Based on this forecast, what is your best guess for how many inches of snow Worcester will receive?","Dropdown coded 0-30: 0 = 0 inches (no snow), 1 = 1 inch, 2 through 29 = that many inches, 30 = 30+ inches",,
WW,snmapclear,judgment,,WW25,question,"For the next questions, please indicate how much you agree or disagree with each statement.",The information in this forecast is clearly presented.,,,
WW,snmapconf,judgment,,WW25,question,"For the next questions, please indicate how much you agree or disagree with each statement.",I feel confident that I understand this forecast.,,,
WW,snmapcontrol,judgment,,WW25,randomization,,"Single graphic: 8"" (MostLikelyPlot_labeled.png)",Control arm of map_rand: a single deterministic snow total,,
WW,snmapdesc,judgment,,WW25,question,"Again, please indicate how much you agree or disagree with each statement.","This forecast gives me the information I need to make decisions (for example about travel, work, or school).",,,
WW,snmapeight,judgment,,WW25,question,,"Based on this forecast, what is the chance that Worcester will receive 8 inches of snow or more?",The graphic is re-shown above this question,,
WW,snmapexceed,judgment,,WW25,randomization,,"Multiple exceedance graphics: 10%, 50%, 90% (HighAmtPlot_labeled.png, MostLikelyPercPlot_labeled.png, LowAmtPlot_labeled.png)",Arm of map_rand: snow amount at each of three exceedance probabilities,,
WW,snmapfour,judgment,,WW25,question,,"Based on this forecast, what is the chance that Worcester will receive less than 4 inches of snow?",The graphic is re-shown above this question,,
WW,snmapfut,judgment,,WW25,question,"Again, please indicate how much you agree or disagree with each statement.",I would like to receive snow forecasts in this format in the future.,,,
WW,snmaphi,judgment,,WW25,question,"Now we are going to show you an example snow forecast graphic for Massachusetts. Imagine that you are located in the city of Worcester, which is located in central Massachusetts, near the center of the map. Please review the graphic and then answer the questions that follow.","Based on this forecast, I would not be surprised if the snow totals in Worcester were as high as ___ inches.","Dropdown coded 0-30: 0 = 0 inches (no snow), 1 = 1 inch, 2 through 29 = that many inches, 30 = 30+ inches",,
WW,snmaplike,judgment,,WW25,question,"Again, please indicate how much you agree or disagree with each statement.",This forecast helps me understand what is most likely to happen.,,,
WW,snmaplow,judgment,,WW25,question,"Now we are going to show you an example snow forecast graphic for Massachusetts. Imagine that you are located in the city of Worcester, which is located in central Massachusetts, near the center of the map. Please review the graphic and then answer the questions that follow.","Based on this forecast, I would not be surprised if the snow totals in Worcester were as low as ___ inches.","Dropdown coded 0-30: 0 = 0 inches (no snow), 1 = 1 inch, 2 through 29 = that many inches, 30 = 30+ inches",,
WW,snmaprange,judgment,,WW25,randomization,,"Single graphic: 4-12"" (MostLikelyRangePlot_labeled.png)",Arm of map_rand: a single graphic showing a range,,
WW,snmapthresh,judgment,,WW25,randomization,,"Multiple threshold graphics: 12"", 8"", 4"" (HighPercPlot_labeled.png, MidPercPlot_labeled.png, LowPercPlot_labeled.png)",Arm of map_rand: probability of exceeding each of three snow thresholds,,
WW,snmaptwelve,judgment,,WW25,question,,"Based on this forecast, what is the chance that Worcester will receive more than 12 inches of snow?",The graphic is re-shown above this question,,
WW,snmapund,judgment,,WW25,question,"For the next questions, please indicate how much you agree or disagree with each statement.",This forecast is easy to understand.,The instrument writes the first option as 1- Strongly disagree with no space,,
WW,unc1_q1,judgment,,WW23,question,"Forecasts for snowfall can be provided as a range of potential values. Typically, forecasts with wider ranges of snowfall amounts are more likely to include the actual amount of snow that will fall. And vice versa, forecasts with narrower ranges of snowfall amounts are less likely to include the actual amount of snow that will fall. Imagine there's a winter storm forecast for tomorrow and you see all the snowfall forecasts below, which are different ways of presenting snowfall ranges and the likelihood that the actual amount will fall in that range.",Which of these options do you prefer?,RANDOMIZE ORDER OF TWO QUESTIONS. The instrument wraps parts of the stem in brackets,,
WW,unc1_q2,judgment,,WW23,question,"Imagine that three days have passed since the winter storm asked about in the previous question, but now another winter storm is forecast for tomorrow. Again, you see all the snowfall forecasts below, which are different ways of presenting snowfall ranges and the likelihood that the actual amount will fall in that range.",Which of these options do you prefer?,The group 1 second question drops the lower bound to zero,,
WW,unc2_q1,judgment,,WW23,question,"Forecasts for snowfall can be provided as a range of potential values. Imagine there's a winter storm forecast for tomorrow and you see all the snowfall forecasts below, which are different ways of presenting snowfall ranges and the likelihood that the actual amount will fall in that range.",Which of these options do you prefer?,Identical to unc1_q1 and unc3_q1,,
WW,unc2_q2,judgment,,WW23,question,"Imagine that three days have passed since the winter storm asked about in the previous question, but now another winter storm is forecast for tomorrow. Again, you see all the snowfall forecasts below, which are different ways of presenting snowfall ranges and the likelihood that the actual amount will fall in that range.",Which of these options do you prefer?,Option 5 is phrased differently from the parallel options in the other groups,,
WW,unc3_q1,judgment,,WW23,question,"Forecasts for snowfall can be provided as a range of potential values. Imagine there's a winter storm forecast for tomorrow and you see all the snowfall forecasts below, which are different ways of presenting snowfall ranges and the likelihood that the actual amount will fall in that range.",Which of these options do you prefer?,Identical to unc1_q1 and unc2_q1,,
WW,unc3_q2,judgment,,WW23,question,"Imagine that three days have passed since the winter storm asked about in the previous question, but now another winter storm is forecast for tomorrow. Again, you see all the snowfall forecasts below, which are different ways of presenting snowfall ranges and the likelihood that the actual amount will fall in that range.",Which of these options do you prefer?,The group 3 second question replaces the numeric percentages with high/medium/low,,
WW,unc_group,judgment,,WW23,randomization,,,"Which pair of snowfall range preference questions the respondent sees: group 1 varies the lower bound to zero, group 2 widens the outer range, group 3 replaces the percentages with verbal chances",,
WW,unc_under,judgment,,WW24,randomization,,,Whether the respondent is asked how many times the amount falls inside the range or outside it,,
WW,unc_under_in,judgment,,WW24,question,,"Imagine that over 10 different occasions, you received a snowfall forecast that said: The forecast is for 4-10 inches of snow, and there's an 80% chance that it will fall within that range. On approximately how many of those occasions would the actual amount of snow that falls be within the range of 4 to 10 inches?",VERBATIM; REQUIRED NUMERIC. Correct answer is 8 out of 10,,
WW,unc_under_out,judgment,,WW24,question,,"Imagine that over 10 different occasions, you received a snowfall forecast that said: The forecast is for 4-10 inches of snow, and there's an 80% chance that it will fall within that range. On approximately how many of those occasions would the actual amount of snow that falls be outside the range of 4 to 10 inches?",VERBATIM; REQUIRED NUMERIC. Correct answer is 2 out of 10,,
WW,width_under_qualA,judgment,,WW24,question,,"Thinking about the two forecasts you received in the past two weeks, why do you think the snowfall range in the first forecast was different from the second forecast?",VERBATIM. Asked of the A order only,,
WW,width_under_qualB,judgment,,WW24,question,,"Thinking about the two forecasts you received in the past two weeks, why do you think the snowfall range in the first forecast was different from the second forecast?",VERBATIM. Asked of the B order only,,
WW,ww_resp_eff2,judgment,,WW24,question,Please rate the extent to which you agree or disagree with the following statements.,I think the actions in the forecast message will keep people safe from extreme winter weather events like extreme cold temperatures or an ice storm.,IN TABLE. Refers to the actions in the randomized health graphic,,
WW,ww_self_eff1,judgment,,WW24,question,Please rate the extent to which you agree or disagree with the following statements.,I can do the actions described in the forecast message.,IN TABLE. Refers to the actions in the randomized health graphic,,
WX,clim_risk_conc,declared,rand_clim_format,WX21;WX22,question,"Now, imagine that it is a different Saturday morning at 8:00 AM and you see this forecast.","On a scale from 0 to 100, where 0 means not at all concerned and 100 means extremely concerned, how concerned would you be if you were to get this forecast?",VERBATIM; REQUIRE NUMERIC BETWEEN 0 AND 100. Asked about the rand_clim_format forecast,,
WX,clim_risk_perc,declared,rand_clim_format,WX21;WX22,question,"Now, imagine that it is a different Saturday morning at 8:00 AM and you see this forecast.","On a scale from 0 to 100, where 0 means not at all likely and 100 means extremely likely, how likely is it that you would change your plans for the day if you were to get this forecast?",VERBATIM; REQUIRE NUMERIC BETWEEN 0 AND 100. Asked about the rand_clim_format forecast,,
WX,co_concern,judgment,,WX25,question,"Now, you will see an example of a social media post with a Convective Outlook for a different day. On the Convective Outlook, there is a location marked with a star and labeled A. As you answer the following questions, imagine that you are at Location A on the day of this outlook.","If you were at Location A, how concerned would you feel about the possibility of severe weather?",,,
WX,co_conf_ab,judgment,,WX25,question,,How confident are you in your ability to understand the Convective Outlook?,,,
WX,co_highest,judgment,,WX25,randomization,,,Selects which Convective Outlook graphic is shown for the co_* interpretation questions,,
WX,co_num_prob,judgment,,WX25,question,"Now, you will see an example of a social media post with a Convective Outlook for a different day. On the Convective Outlook, there is a location marked with a star and labeled A. As you answer the following questions, imagine that you are at Location A on the day of this outlook.","Based on this Convective Outlook, what is the probability that Location A will experience severe weather?",DROPDOWN; 0-10%; 11-20%; 21-30%; 31-40%; 41-50%; 51-60%; 61-70%; 71-80%; 81-90%; 91-100%,,
WX,co_prev_exp,judgment,,WX25,question,"One such forecast is shown in a graphic called the Convective Outlook, which is used to communicate the risks posed by severe weather (hail, strong winds, and tornadoes). This graphic uses words and colors on a map to indicate the probability of severe weather on a given day.",Have you ever seen a Convective Outlook before?,Respondent is shown an example social media post containing a Convective Outlook,,
WX,co_verbal_prob,judgment,,WX25,question,"Now, you will see an example of a social media post with a Convective Outlook for a different day. On the Convective Outlook, there is a location marked with a star and labeled A. As you answer the following questions, imagine that you are at Location A on the day of this outlook.",Based on this Convective Outlook would you say that Location A is...,Option 3 reads 'Somewhat likely as not' in the instrument,,
WX,co_verbal_sig,judgment,,WX25,question,"Now, you will see an example of a social media post with a Convective Outlook for a different day. On the Convective Outlook, there is a location marked with a star and labeled A. As you answer the following questions, imagine that you are at Location A on the day of this outlook.","If Location A were to experience severe weather, how significant do you think the impact might be?",,,
WX,cond_risk_conc,read,rand_clim_format,WX21;WX22;WX23,question,"Forecasters often use a combination of phrases, scales, probabilities, and graphics to describe the risk of severe thunderstorms and tornadoes in an area. To begin, imagine that it is a Saturday morning at 8:00 AM and you see this forecast: [rand_clim_format]","On a scale from 0 to 100, where 0 means not at all concerned and 100 means extremely concerned, how concerned would you be if you were to get this forecast?",VERBATIM; REQUIRE NUMERIC BETWEEN 0 AND 100,,
WX,cond_risk_perc,read,rand_clim_format,WX21;WX22;WX23,question,"Forecasters often use a combination of phrases, scales, probabilities, and graphics to describe the risk of severe thunderstorms and tornadoes in an area. To begin, imagine that it is a Saturday morning at 8:00 AM and you see this forecast: [rand_clim_format]","On a scale from 0 to 100, where 0 means not at all likely and 100 means extremely likely, how likely is it that you would change your plans for the day if you were to get this forecast?",VERBATIM; REQUIRE NUMERIC BETWEEN 0 AND 100,,
WX,cond_risk_reas,read,rand_clim_format,WX22;WX23,question,"Forecasters often use a combination of phrases, scales, probabilities, and graphics to describe the risk of severe thunderstorms and tornadoes in an area. To begin, imagine that it is a Saturday morning at 8:00 AM and you see this forecast: [rand_clim_format]","On a scale from 0 to 100, where 0 means not at all reasonable and 100 means extremely reasonable, how reasonable does this forecast seem to you?",VERBATIM; REQUIRE NUMERIC BETWEEN 0 AND 100,,
WX,cond_risk_trust,read,rand_clim_format,WX22;WX23,question,"Forecasters do the best they can, but sometimes they underestimate or overestimate the probability that a storm system will cause a tornado. We are interested in how these miscalculations might influence your trust in future forecasts. Again, imagine that it is a Saturday morning at 8:00 AM and you see this forecast: [rand_clim_format]. As the day progresses, imagine that you see some rain and lightning, but the storm does not produce a tornado with 25 miles of your residence.",How would this influence your trust in future forecasts?,The intro reads with 25 miles rather than within 25 miles,,
WX,drought_tweet,declared,random,WX20,question,"As you may know, there is a lot of information about the weather. Some of it is scientifically credible and some of it is not. Please click through the next few pages and tell us which forecasts seem credible and which forecasts do not. By credible, we do not mean that the forecast is correct; we mean that is scientifically possible and reliable. Note that these are EXAMPLE forecasts from the PAST. They ARE NOT current forecasts. Some of the examples are scientifically credible and some are not.",Do you think this forecast is credible?,RANDOM ORDER. Drought example,,
WX,ex_int_obj,judgment,,WX24,question,,"Based on this forecast, would you say that [exf_ex_loc] is...",,,
WX,exf_ex_conf,judgment,,WX24,question,,How confident are you in your ability to understand the information presented in this type of forecast?,,,
WX,exf_ex_day,judgment,,WX24,randomization,,,Lead time inserted into the extended-range outlook scenario,,
WX,exf_ex_loc,judgment,,WX24,randomization,,,Location inserted into the extended-range outlook scenario,,
WX,exf_ex_monitor,judgment,,WX24,question,,How likely would you be to continue monitoring the weather forecast over the next [exf_ex_loc] after seeing this forecast?,Question inserts exf_ex_loc where a time period is expected; likely an instrument error,,
WX,exf_ex_risk,judgment,,WX24,question,Imagine it is a Saturday morning at 8:00AM and you are currently located at [exf_ex_loc] and you see this severe weather forecast for [exf_ex_day] from today.,How concerned would you be at [exf_ex_loc] if you were to get this forecast for [exf_ex_day] in the future?,,,
WX,exf_ex_see,judgment,,WX24,question,Imagine it is a Saturday morning at 8:00AM and you are currently located at [exf_ex_loc] and you see this severe weather forecast for [exf_ex_day] from today.,Have you previously encountered a forecast similar to the one shown above?,,,
WX,exf_ex_use,judgment,,WX24,question,,How likely are you to use a forecast like this for making decisions about severe weather risks in the future?,,,
WX,exf_exp_d3_concern,judgment,,WX25,question,"It is now Wednesday morning. Forecasters have updated the forecast for Saturday (3 days from now). In the previous forecast (5 days out), the probability was [exf_exp_rand_d5]%. The new forecast shows a [exf_exp_rand_d3]% chance of severe weather - including tornadoes, damaging winds, or large hail - within 25 miles of where you live on Saturday.","If you received this forecast, how concerned would you feel about the possibility of severe weather at your location on Saturday (3 days from now)?",,,
WX,exf_exp_d3_recall,judgment,,WX25,question,We are curious if you remember the series of three forecasts you just saw. What probability did each one show?,Third forecast (3 days out),,,
WX,exf_exp_d5_concern,judgment,,WX25,question,"It is now Monday morning. Forecasters have updated the forecast for Saturday (5 days from now). In the previous forecast (7 days out), the probability was [exf_exp_rand_d7]%. The new forecast shows a [exf_exp_rand_d5]% chance of severe weather - including tornadoes, damaging winds, or large hail - within 25 miles of where you live on Saturday.","If you received this forecast, how concerned would you feel about the possibility of severe weather at your location on Saturday (5 days from now)?",,,
WX,exf_exp_d5_recall,judgment,,WX25,question,We are curious if you remember the series of three forecasts you just saw. What probability did each one show?,Second forecast (5 days out),,,
WX,exf_exp_d7_concern,judgment,,WX25,question,"Imagine it is Saturday morning, and forecasters have issued a severe weather forecast for next Saturday (7 days from now). This forecast shows a [exf_exp_rand_d7]% chance of severe weather - including tornadoes, damaging winds, or large hail - occurring within 25 miles of where you live next Saturday.","If you received this forecast, how concerned would you feel about the possibility of severe weather at your location next Saturday (7 days from now)?",,,
WX,exf_exp_d7_recall,judgment,,WX25,question,We are curious if you remember the series of three forecasts you just saw. What probability did each one show?,First forecast (7 days out),,,
WX,exf_exp_rand,judgment,,WX25,randomization,,,"Assignment table, not a question. Supplies exf_exp_rand_d7, exf_exp_rand_d5 and exf_exp_rand_d3 to the three concern questions",,
WX,exf_exp_surprise,judgment,,WX25,question,"It is now Saturday - the day of the event. After following the series of forecasts for your area, you see that a damaging severe thunderstorm [exf_exp_rand_event: occurs | does not occur] within 25 miles of where you live.","Based on the forecasts you saw leading up to today, how surprised would you feel about this outcome?",Whether the storm occurs is randomized by exf_exp_rand_event,,
WX,exf_exp_trust,judgment,,WX25,question,,"If you were to experience a series of extended-range forecasts like this, how would it affect your level of trust in future extended-range severe weather forecasts?",The three forecast probabilities the respondent saw are restated in the question,,
WX,exf_int_no_conf,judgment,,WX24,question,,You indicated that you are not confident in your ability to understand this kind of forecast. Can you tell us what aspects of the forecast or graphic are most confusing?,VERBATIM,,
WX,exf_ml,judgment,,WX25,question,"Currently, the extended-range severe weather outlooks discussed above are created by human forecasters based on weather models and technical expertise. However, within the last five to ten years, machine learning techniques have demonstrated success in identifying severe weather events three to seven days in advance. Machine learning is a form of artificial intelligence that allows computer systems to leverage past data to identify future atmospheric patterns that may lead to severe weather environments three to seven days in advance.","Imagine that the previous severe weather forecasts for your area were created from a machine learning algorithm and did not have any human influence. Now knowing this information, how would this have changed your level of trust in this series of forecasts?",,,
WX,exf_resp,judgment,,WX24,question,Imagine it is a Saturday morning at 8:00AM and you are currently located at [exf_ex_loc] and you see this severe weather forecast for [exf_ex_day] from today.,How likely is it that you would begin altering plans and/or making decisions based on your chance of severe weather at [exf_ex_loc] in [exf_ex_day]?,,,
WX,exf_use_no,judgment,,WX24,question,,You indicated that you are unlikely or not very likely to use forecasts like this for making future decisions. Can you tell us why? Please select all that apply.,Parent of the exf_use_no_* checkbox items,,
WX,exf_use_no_fnd,judgment,,WX24,checkbox_item,You indicated that you are unlikely or not very likely to use forecasts like this for making future decisions. Can you tell us why? Please select all that apply.,I don't know where to find these forecasts,,,
WX,exf_use_no_inacc,judgment,,WX24,checkbox_item,You indicated that you are unlikely or not very likely to use forecasts like this for making future decisions. Can you tell us why? Please select all that apply.,I believe these forecasts are too inaccurate or unreliable,,,
WX,exf_use_no_int,judgment,,WX24,checkbox_item,You indicated that you are unlikely or not very likely to use forecasts like this for making future decisions. Can you tell us why? Please select all that apply.,I find it hard to interpret what these forecasts mean for my specific location or needs,,,
WX,exf_use_no_oth,judgment,,WX24,checkbox_item,You indicated that you are unlikely or not very likely to use forecasts like this for making future decisions. Can you tell us why? Please select all that apply.,Other (please specify),,,
WX,exf_use_no_oth_spec,judgment,,WX24,verbatim_followup,You indicated that you are unlikely or not very likely to use forecasts like this for making future decisions. Can you tell us why? Please select all that apply.,,VERBATIM,,
WX,exf_use_no_rel,judgment,,WX24,checkbox_item,You indicated that you are unlikely or not very likely to use forecasts like this for making future decisions. Can you tell us why? Please select all that apply.,These forecasts are not relevant to my daily life or activities,,,
WX,hia_act,judgment,,WX22;WX23,question,Now we are going to show you an example message from the National Weather Service and ask you how you might respond if you got this message. We know this can be difficult without more information. Just give us your first impression. If you saw this message and you were in the impacted area...,Would you take actions to protect yourself from the severe thunderstorm?,,,
WX,hia_act_conf,judgment,,WX22;WX23,question,Now we are going to show you an example message from the National Weather Service and ask you how you might respond if you got this message. We know this can be difficult without more information. Just give us your first impression. If you saw this message and you were in the impacted area...,How confident are you that the actions you might take to protect yourself from the severe thunderstorm would be effective?,,,
WX,hia_cncrn,judgment,,WX22;WX23,question,Now we are going to show you an example message from the National Weather Service and ask you how you might respond if you got this message. We know this can be difficult without more information. Just give us your first impression. If you saw this message and you were in the impacted area...,How concerned would you be about the severe thunderstorm?,,,
WX,hurr_tweet,declared,random,WX20,question,"As you may know, there is a lot of information about the weather. Some of it is scientifically credible and some of it is not. Please click through the next few pages and tell us which forecasts seem credible and which forecasts do not. By credible, we do not mean that the forecast is correct; we mean that is scientifically possible and reliable. Note that these are EXAMPLE forecasts from the PAST. They ARE NOT current forecasts. Some of the examples are scientifically credible and some are not.",Do you think this forecast is credible?,RANDOM ORDER. Hurricane example,,
WX,indy_to_okc,declared,rand_otlk_loc,WX24,vignette,"One of the products that forecasters use to communicate tornado, hail, and thunderstorm wind threats in the United States is called the Convective Outlook. The next few questions will ask you to interpret your risk from severe weather using a Convective Outlook Graphic.","Imagine that it is a Saturday morning at 8:00AM, and you are currently located in Indianapolis, Indiana, but you will be traveling southwest on Interstates 70 and 44 to reach Oklahoma City, Oklahoma, this evening. You are shown this forecast:","Scenario text, not a question. Repeated on the following page with Remember in place of Imagine",,
WX,little_to_nash,declared,rand_otlk_loc,WX24,vignette,"One of the products that forecasters use to communicate tornado, hail, and thunderstorm wind threats in the United States is called the Convective Outlook. The next few questions will ask you to interpret your risk from severe weather using a Convective Outlook Graphic.","Imagine that it is a Saturday morning at 8:00AM, and you are currently located in Little Rock, Arkansas, but you will be traveling east along Interstate 40 to reach Nashville, Tennessee, this evening. You are shown this forecast:","Scenario text, not a question. Repeated on the following page with Remember in place of Imagine",,
WX,long_tweet,declared,random,WX20,question,"As you may know, there is a lot of information about the weather. Some of it is scientifically credible and some of it is not. Please click through the next few pages and tell us which forecasts seem credible and which forecasts do not. By credible, we do not mean that the forecast is correct; we mean that is scientifically possible and reliable. Note that these are EXAMPLE forecasts from the PAST. They ARE NOT current forecasts. Some of the examples are scientifically credible and some are not.",Do you think this forecast is credible?,"RANDOM ORDER. One of five example forecasts shown as images; the item text is identical for all five and only the graphic differs, so the variable name is the only record of which forecast was rated",,
WX,memphis,declared,rand_otlk_loc,WX24,vignette,"One of the products that forecasters use to communicate tornado, hail, and thunderstorm wind threats in the United States is called the Convective Outlook. The next few questions will ask you to interpret your risk from severe weather using a Convective Outlook Graphic.","Imagine that it is a Saturday morning at 8:00AM, and you are currently located in Memphis, Tennessee. You are shown this forecast:","Scenario text, not a question. Repeated on the following page with Remember in place of Imagine",,
WX,pswo_risk_conc,judgment,,WX21;WX22,question,"Next, we want you to look at an example forecast graphic from a few months ago.","On a scale from 0 to 100, where 0 means not at all concerned and 100 means extremely concerned, how concerned would you be if you were in Location A?",VERBATIM; REQUIRE NUMERIC BETWEEN 0 AND 100,,
WX,pswo_risk_perc,judgment,,WX21;WX22,question,"Next, we want you to look at an example forecast graphic from a few months ago.","On a scale from 0 to 100, where 0 means not at all likely and 100 means extremely likely, how likely is it that you would change your plans for the day if you were in Location A?",VERBATIM; REQUIRE NUMERIC BETWEEN 0 AND 100,,
WX,rain_tweet,declared,random,WX20,question,"As you may know, there is a lot of information about the weather. Some of it is scientifically credible and some of it is not. Please click through the next few pages and tell us which forecasts seem credible and which forecasts do not. By credible, we do not mean that the forecast is correct; we mean that is scientifically possible and reliable. Note that these are EXAMPLE forecasts from the PAST. They ARE NOT current forecasts. Some of the examples are scientifically credible and some are not.",Do you think this forecast is credible?,RANDOM ORDER. Rain example,,
WX,rand_aft,is the randomization,,WX23;WX24;WX25,randomization,,,Afternoon hour inserted into the rec_aft / und_aft / resp_aft stem,,
WX,rand_clim_format,is the randomization,,WX21;WX22;WX23,randomization,,,"Every condition states the same 15 percent chance; only the multiplier and the order of the two clauses vary. The arms differ by wave: WX21 and WX22 both carry a six-arm version crossing 2 or 5 percent with 20 or 50 times more likely, and WX22 additionally carries the ten-arm version under the same name earlier in the instrument",,
WX,rand_cond_format,read,rand_cond_perc,WX21;WX22,randomization,,,"RANDOM ASSIGNMENT; five damage framings crossed with rand_cond_perc at 5 or 30 percent. The arm text writes the two probabilities as ""5 or 30"" because "" | "" is the option separator. Feeds cond_risk_conc and cond_risk_perc",,
WX,rand_eve,is the randomization,,WX23;WX24;WX25,randomization,,,Evening hour inserted into the rec_eve / und_eve / resp_eve stem,,
WX,rand_morn,is the randomization,,WX23;WX24;WX25,randomization,,,Morning hour inserted into the rec_morn / und_morn / resp_morn stem,,
WX,rand_otlk_cern,is the randomization,,WX24,question,,How concerned would you be if you were to get this forecast?,,,
WX,rand_otlk_drive_plan,declared,rand_otlk_loc,WX24,question,,Would you change your plans for today if you were to receive this forecast?,,,
WX,rand_otlk_drive_risk,declared,rand_otlk_loc,WX24,question,,What is the highest level of risk that the outlook forecasts for your route on the interstate today?,,,
WX,rand_otlk_format,read,rand_otlk_interactive;rand_otlk_static,WX24,randomization,,,Selects whether the Convective Outlook graphic is shown as a static image or an interactive one,,
WX,rand_otlk_help,is the randomization,,WX24,question,Here is the same forecast graphic again.,How helpful is the information presented in this graphic?,,,
WX,rand_otlk_loc,is the randomization,,WX24,randomization,,,Selects which Convective Outlook location vignette the respondent sees,,
WX,rand_otlk_point_plan,declared,rand_otlk_loc,WX24,question,,Would you change your plans for today if you were to receive this forecast?,,,
WX,rand_otlk_point_risk,declared,rand_otlk_loc,WX24,question,,What level of risk does the outlook forecast for your area today?,,,
WX,rand_otlk_und,is the randomization,,WX24,question,Here is the same forecast graphic again.,How well do you understand the information presented in this graphic?,,,
WX,rand_otlk_use,is the randomization,,WX24,question,Here is the same forecast graphic again.,"If you encountered a similar situation in the future, how likely would you be to use a graphic like this?",,,
WX,rand_pswo_location,declared,rand_pswo_format;random,WX21;WX22,randomization,,,"RANDOM ASSIGNMENT; six locations, each shown in one of two graphic formats set by rand_pswo_format. The document carries links rather than the images, so the arms are recorded by position",,
WX,rand_svr,is the randomization,,WX24,randomization,,,"Selects which experimental severe thunderstorm alert wording and map the respondent sees: severe thunderstorm warning, thunderstorm wind warning, hail warning, or both",,
WX,rand_svr_con,read,rand_svr,WX24,question,Imagine it's Saturday morning at 8:00 a.m. You are at the marker in the center of this map when you learn that a [rand_svr] has been issued for your location.,How concerned would you be if you were to get this forecast?,,,
WX,rand_svr_conf,is the randomization,,WX24,question,Here is the same forecast graphic again.,"If you encountered this forecast in the future, how confident are you that you'd know what to do to protect yourself?",,,
WX,rand_svr_resp,read,rand_svr,WX24,question,Imagine it's Saturday morning at 8:00 a.m. You are at the marker in the center of this map when you learn that a [rand_svr] has been issued for your location.,How likely would you be to take protective action if you were to get this forecast?,,,
WX,rand_svr_und,is the randomization,,WX24,question,Here is the same forecast graphic again.,How well do you understand the information presented in this graphic?,,,
WX,rec_aft,read,rand_aft,WX20;WX21;WX22;WX23;WX24;WX25,question,"If a tornado WARNING were issued for your area tomorrow at [rand_aft], how confident are you that you would...",Receive the warning?,,,
WX,rec_eve,read,rand_eve,WX20;WX21;WX22;WX23;WX24;WX25,question,"If a tornado WARNING were issued for your area tomorrow at [rand_eve], how confident are you that you would...",Receive the warning?,,,
WX,rec_morn,read,rand_morn,WX20;WX21;WX22;WX23;WX24;WX25,question,"If a tornado WARNING were issued for your area tomorrow at [rand_morn], how confident are you that you would...",Receive the warning?,,,
WX,resp_aft,read,rand_aft,WX20;WX21;WX22;WX23;WX24;WX25,question,"If a tornado WARNING were issued for your area tomorrow at [rand_aft], how confident are you that you would...",Take protective action in response to the warning?,,,
WX,resp_eve,read,rand_eve,WX20;WX21;WX22;WX23;WX24;WX25,question,"If a tornado WARNING were issued for your area tomorrow at [rand_eve], how confident are you that you would...",Take protective action in response to the warning?,,,
WX,resp_morn,read,rand_morn,WX20;WX21;WX22;WX23;WX24;WX25,question,"If a tornado WARNING were issued for your area tomorrow at [rand_morn], how confident are you that you would...",Take protective action in response to the warning?,,,
WX,sev_int_conf,judgment,,WX23,question,,How much do you agree or disagree with the following statement? I am confident I understand the risk for severe weather for people in Location A next Saturday.,The forecast shown describes today but the statement asks about next Saturday,,
WX,sev_int_rand_img,judgment,,WX23,randomization,,,Selects which severe weather forecast graphic is shown for the sev_int block,,
WX,sev_int_resp,judgment,,WX23,question,,How likely is it that you would change your plans for the day if you were in Location A?,,,
WX,sev_int_risk,judgment,,WX23,question,"Forecasters often use a combination of phrases, scales, probabilities, and graphics to describe the risk of severe thunderstorms and tornadoes in an area. To begin, imagine that it is a Saturday morning at 8:00 AM and you see this forecast.",How much risk does this forecast suggest for people in Location A?,The third option reads Medium risk where the standard risk battery reads Moderate risk,,
WX,spc_ci_conf,judgment,,WX22;WX23,question,"Finally, please look at a different forecast from a few months ago.",How much do you agree or disagree with the following statement? I am confident I understand the risk for severe weather for people in Location A next Saturday.,,,
WX,spc_ci_rand_img,judgment,,WX22;WX23,randomization,,,Which hatching treatment the example Convective Outlook uses for the spc_ci block,,
WX,spc_ci_resp,judgment,,WX22;WX23,question,"Finally, please look at a different forecast from a few months ago.",How likely is it that you would change your plans for the day if you were in Location A?,,,
WX,spc_ci_risk,judgment,,WX22;WX23,question,"Finally, please look at a different forecast from a few months ago.",How much risk does this forecast suggest for people in Location A?,,,
WX,spc_cp_rand_img,judgment,,WX22;WX23,randomization,,,Which colour palette the example Convective Outlook uses for the spc_cp block,,
WX,spc_cp_resp,judgment,,WX22;WX23,question,"Now, please look at this example forecast from a few months ago.",How likely is it that you would change your plans for the day if you were in Location A?,,,
WX,spc_cp_risk,judgment,,WX22;WX23,question,"Now, please look at this example forecast from a few months ago.",How much risk does this forecast suggest for people in Location A?,,,
WX,spc_label_comp,judgment,,WX23,question,"Currently, the Storm Prediction Center uses the following scale to convey the risk of tornadoes, damaging winds, and large hail in different parts of the country: Marginal risk, Slight risk, Enhanced risk, Moderate risk, High risk. On the previous pages, you saw a forecast from an experimental scale that may replace the current scale. The table below depicts the two alternatives - the current scale and the experimental scale.",Which scale do you think helps you better understand your risk of severe weather?,,,
WX,spc_level_rand,judgment,,WX23,randomization,,,Which level within the assigned scale is shown. The instrument lists the second level as label_two rather than level_two,,
WX,spc_map_con,judgment,,WX23,question,"In addition to words and phrases, forecasts often include maps to help depict the risk of severe weather at a given location. Imagine that it is once again Saturday morning at 8:00 AM and you see this forecast and map: The Storm Prediction Center has issued a [spc_scale_level_disp] risk of severe weather for your area today.","On a scale from 0 to 100, where 0 means not at all concerned and 100 means extremely concerned, how concerned would you be if you were to get this forecast and you were in Location A?",VERBATIM; REQUIRE NUMERIC BETWEEN 0 AND 100. Same three questions as the spc_word block but with a map added,,
WX,spc_map_eff,judgment,,WX23,question,"In addition to words and phrases, forecasts often include maps to help depict the risk of severe weather at a given location. Imagine that it is once again Saturday morning at 8:00 AM and you see this forecast and map: The Storm Prediction Center has issued a [spc_scale_level_disp] risk of severe weather for your area today.","On a scale from 0 to 100, where 0 means not at all confident and 100 means extremely confident, how confident are you that the actions you might take to protect yourself from the severe weather in Location A would be effective?",VERBATIM; REQUIRE NUMERIC BETWEEN 0 AND 100,,
WX,spc_map_resp,judgment,,WX23,question,"In addition to words and phrases, forecasts often include maps to help depict the risk of severe weather at a given location. Imagine that it is once again Saturday morning at 8:00 AM and you see this forecast and map: The Storm Prediction Center has issued a [spc_scale_level_disp] risk of severe weather for your area today.","On a scale from 0 to 100, where 0 means not at all likely and 100 means extremely likely, how likely is it that you would change your plans for the day if you were in Location A?",VERBATIM; REQUIRE NUMERIC BETWEEN 0 AND 100,,
WX,spc_rand,declared,random,WX20,randomization,,,"RANDOM ASSIGNMENT TO ONE OF THESE FORECASTS; crosses categorical risk wording, level scales and probabilities. The instrument writes AN LEVEL 3 and AN 15%, which are grammatical slips in the arm text respondents saw",,
WX,spc_resp_perc,judgment,,WX20,question,"Forecasters often use a combination of phrases, scales, and probabilities to describe the risk of severe thunderstorms and tornadoes in an area. We want to know how you interpret these forecasts. To begin, imagine that it is next Saturday morning at 8:00 AM and you get a tornado forecast indicating that there is [spc_rand] for tornadoes at your location that evening.","On a scale from 0 to 100, where 0 means not at all likely and 100 means extremely likely, how likely is it that you would change your plans for the day if you were to get this forecast?",VERBATIM; REQUIRE NUMERIC BETWEEN 0 AND 100,,
WX,spc_risk_perc,judgment,,WX20,question,"Forecasters often use a combination of phrases, scales, and probabilities to describe the risk of severe thunderstorms and tornadoes in an area. We want to know how you interpret these forecasts. To begin, imagine that it is next Saturday morning at 8:00 AM and you get a tornado forecast indicating that there is [spc_rand] for tornadoes at your location that evening.","On a scale from 0 to 100, where 0 means not at all concerned and 100 means extremely concerned, how concerned would you be if you were to get this forecast?","VERBATIM; REQUIRE NUMERIC BETWEEN 0 AND 100. Named risk_perc but the scale asks about concern, not likelihood",,
WX,spc_scale_level_disp,judgment,,WX23,randomization,,,The scale label actually displayed in the spc_word and spc_map questions,,
WX,spc_scale_rand,judgment,,WX23,randomization,,,Which severe weather risk scale the respondent sees. likert_scale is VERY LOW to VERY HIGH; spanish_scale is MINIMAL to EXTREME; levels_scale is LEVEL 1 OF 5 to LEVEL 5 OF 5; current_scale is MARGINAL to HIGH,,
WX,spc_tweet,declared,random,WX20,question,Next we want you to look at an example forecast from a few months ago.,"On a scale from 0 to 100, where 0 means no risk and 100 means extreme risk, how much risk does this forecast suggest for people in the southern plains?",VERBATIM; REQUIRE NUMERIC BETWEEN 0 AND 100. RANDOM ASSIGNMENT spc_tweet_rand: 1 = text only; 2 = text and outlook graphic; 3 = text and PSW outlook graphic,,
WX,spc_word_con,judgment,,WX23,question,Next we have some questions about a hypothetical upcoming severe weather event. Now imagine that it is a Saturday morning at 8:00 AM and you see this notification: The Storm Prediction Center has issued a [spc_scale_level_disp] risk of severe weather for your area today.,"On a scale from 0 to 100, where 0 means not at all concerned and 100 means extremely concerned, how concerned would you be if you were to get this forecast?",VERBATIM; REQUIRE NUMERIC BETWEEN 0 AND 100,,
WX,spc_word_def,read,random,WX23,question,Many words and phrases used to convey the risk of severe weather have descriptions associated with them. Below we have listed the definitions of different severe weather risk levels.,Which definition do you think most closely aligns with a [spc_scale_level_disp] risk of severe weather? Note that the definitions are listed in random order.,RANDOM ORDER. The correct answer depends on spc_level_rand,,
WX,spc_word_eff,judgment,,WX23,question,Next we have some questions about a hypothetical upcoming severe weather event. Now imagine that it is a Saturday morning at 8:00 AM and you see this notification: The Storm Prediction Center has issued a [spc_scale_level_disp] risk of severe weather for your area today.,"On a scale from 0 to 100, where 0 means not at all confident and 100 means extremely confident, how confident are you that the actions you might take to protect yourself from the severe weather would be effective?",VERBATIM; REQUIRE NUMERIC BETWEEN 0 AND 100,,
WX,spc_word_resp,judgment,,WX23,question,Next we have some questions about a hypothetical upcoming severe weather event. Now imagine that it is a Saturday morning at 8:00 AM and you see this notification: The Storm Prediction Center has issued a [spc_scale_level_disp] risk of severe weather for your area today.,"On a scale from 0 to 100, where 0 means not at all likely and 100 means extremely likely, how likely is it that you would change your plans for the day if you were to get this forecast?",VERBATIM; REQUIRE NUMERIC BETWEEN 0 AND 100,,
WX,st_louis,declared,rand_otlk_loc,WX24,vignette,"One of the products that forecasters use to communicate tornado, hail, and thunderstorm wind threats in the United States is called the Convective Outlook. The next few questions will ask you to interpret your risk from severe weather using a Convective Outlook Graphic.","Imagine that it is a Saturday morning at 8:00AM, and you are currently located in St. Louis, Missouri. You are shown this forecast:","Scenario text, not a question. Repeated on the following page with Remember in place of Imagine",,
WX,timine_use_no_info,judgment,,WX24,checkbox_item,You indicated that are unlikely or not very likely to use forecasts like this for making future decisions. Can you tell us why? Please select all that apply.,This forecast doesn't have all of the information I need.,Variable name is misspelled as timine_ in the instrument,,
WX,timing_end_obj,judgment,,WX24,question,"Here is an example of a severe weather timing forecast from the National Weather Service for March 31st in Memphis, Tennessee.","Based on this forecast, when do you think the severe weather would end in Memphis?",time dropdown,,
WX,timing_int_no_why,judgment,,WX24,question,,You indicated that you are not confident in your ability to understand this type of forecast. Can you tell us what aspects of the forecast or graphic are most confusing?,VERBATIM,,
WX,timing_int_sub,judgment,,WX24,question,"Here is an example of a severe weather timing forecast from the National Weather Service for March 31st in Memphis, Tennessee.",How confident are you in your ability to understand the information presented in this type of forecast?,,,
WX,timing_like_obj,judgment,,WX24,question,"Here is an example of a severe weather timing forecast from the National Weather Service for March 31st in Memphis, Tennessee.","Based on this forecast, when do you think the severe weather is most likely in Memphis?",time dropdown,,
WX,timing_see,judgment,,WX24,question,"Here is an example of a severe weather timing forecast from the National Weather Service for March 31st in Memphis, Tennessee.",Have you previously encountered a forecast similar to the one shown above?,,,
WX,timing_start_obj,judgment,,WX24,question,"Here is an example of a severe weather timing forecast from the National Weather Service for March 31st in Memphis, Tennessee.","Based on this forecast, when do you think the severe weather would begin in Memphis?",time dropdown,,
WX,timing_use,judgment,,WX24,question,,How likely are you to use a forecast like this for making future decisions?,,,
WX,timing_use_no_fnd,judgment,,WX24,checkbox_item,You indicated that are unlikely or not very likely to use forecasts like this for making future decisions. Can you tell us why? Please select all that apply.,I don't know where to find forecasts like this.,,,
WX,timing_use_no_inacc,judgment,,WX24,checkbox_item,You indicated that are unlikely or not very likely to use forecasts like this for making future decisions. Can you tell us why? Please select all that apply.,I believe forecasts like this are too inaccurate or unreliable.,,,
WX,timing_use_no_int,judgment,,WX24,checkbox_item,You indicated that are unlikely or not very likely to use forecasts like this for making future decisions. Can you tell us why? Please select all that apply.,I find it hard to interpret forecasts like this.,,,
WX,timing_use_no_oth,judgment,,WX24,checkbox_item,You indicated that are unlikely or not very likely to use forecasts like this for making future decisions. Can you tell us why? Please select all that apply.,Other (please specify),,,
WX,timing_use_no_rel,judgment,,WX24,checkbox_item,You indicated that are unlikely or not very likely to use forecasts like this for making future decisions. Can you tell us why? Please select all that apply.,Forecasts like this are not relevant to my daily life or activities.,,,
WX,timing_use_oth_spec,judgment,,WX24,verbatim_followup,You indicated that are unlikely or not very likely to use forecasts like this for making future decisions. Can you tell us why? Please select all that apply.,,VERBATIM,,
WX,tor_em_rare,judgment,,WX25,randomization,,,"Controls whether the respondent is shown the definition of a tornado EMERGENCY before tor_em_seek_shelt, not a question",,
WX,tor_em_seek_shelt,judgment,,WX25,question,,"If you were to receive an alert for a tornado EMERGENCY at your location, how would this change your likelihood of seeking shelter compared to receiving a standard tornado WARNING?",,,
WX,tor_em_shelt_desc,judgment,,WX25,question,,"You mentioned that you would definitely or probably seek a more secure shelter during a tornado EMERGENCY than during a tornado WARNING. Could you briefly describe what type of shelter you would look for, and whether you have access to that type of shelter?",verbatim,,
WX,tor_em_shelt_type,judgment,,WX25,question,,"If you were to receive an alert for a tornado EMERGENCY at your location, how would this change the type of shelter you would seek compared to receiving a standard tornado WARNING?",,,
WX,torn_svr_expl,judgment,,WX22;WX23,question,,"In a few words, please describe what you would do in response to the warn_rand warning.",VERBATIM. The randomization placeholder is written as bare text rather than in brackets,,
WX,torn_svr_perc,judgment,,WX22;WX23,question,Imagine that it is 6:00 pm on a Thursday evening and you receive a [warn_rand] warning for your area.,"On a scale from 0 to 100, where 0 means not at all likely and 100 means extremely likely, how likely is it that you would take actions to protect yourself in response to the warning?",VERBATIM; REQUIRE NUMERIC BETWEEN 0 AND 100. Compares response to severe thunderstorm versus tornado warnings between subjects,,
WX,torn_tweet,declared,random,WX20,question,"As you may know, there is a lot of information about the weather. Some of it is scientifically credible and some of it is not. Please click through the next few pages and tell us which forecasts seem credible and which forecasts do not. By credible, we do not mean that the forecast is correct; we mean that is scientifically possible and reliable. Note that these are EXAMPLE forecasts from the PAST. They ARE NOT current forecasts. Some of the examples are scientifically credible and some are not.",Do you think this forecast is credible?,RANDOM ORDER. Tornado example,,
WX,und_aft,read,rand_aft,WX20;WX21;WX22;WX23;WX24;WX25,question,"If a tornado WARNING were issued for your area tomorrow at [rand_aft], how confident are you that you would...",Understand the warning?,,,
WX,und_eve,read,rand_eve,WX20;WX21;WX22;WX23;WX24;WX25,question,"If a tornado WARNING were issued for your area tomorrow at [rand_eve], how confident are you that you would...",Understand the warning?,,,
WX,und_morn,read,rand_morn,WX20;WX21;WX22;WX23;WX24;WX25,question,"If a tornado WARNING were issued for your area tomorrow at [rand_morn], how confident are you that you would...",Understand the warning?,,,
WX,warn_rand,judgment,,WX23,randomization,,,Which warning type the respondent is asked to imagine receiving for torn_svr_perc,,
WX,wea_rand_img,judgment,,WX22;WX23,randomization,,,"Which version of an example Wireless Emergency Alert message is shown: hazard only, hazard plus impact, hazard plus action, or all three",,
WX,why_current,judgment,,WX23,question,,Can you briefly explain why you think the current scale is more helpful than the experimental scale?,VERBATIM,,
WX,why_experimental,judgment,,WX23,question,,Can you briefly explain why you think the experimental scale is more helpful than the current scale?,VERBATIM,,
