survey_hazard,variable,question_type,question_intro,question_text,response_options,n_options,response_scale,reverse_worded,asked_if,notes,instruments,wording_varies
WX,age,question,,How old are you?,,0,dropdown,FALSE,,DROPDOWN to 110; require numeric; IF < 18 SKIP TO END OF SURVEY,WX24;WX25,FALSE
WX,gend,question,,Are you male or female?,0 = Female | 1 = Male,2,gender,FALSE,,,WX24;WX25,FALSE
WX,hisp,question,,"Do you consider yourself to be Hispanic, Latino, or Spanish or to have Hispanic, Latino, or Spanish origins?",0 = No | 1 = Yes,2,yes_no,FALSE,,,WX24;WX25,FALSE
WX,race,question,,Which of the following best describes your race?,1 = White | 2 = Black or African American | 3 = American Indian or Alaska Native | 4 = Asian | 5 = Native Hawaiian or Pacific Islander | 6 = Two or more races,6,categorical,FALSE,,,WX24;WX25,FALSE
WX,state,question,,Please select the state or district where your primary residence is located.,,0,dropdown,FALSE,,,WX24;WX25,FALSE
WX,zip,question,,What is the five digit zip code at your residence?,,0,open_text,FALSE,,VERBATIM; REQUIRE 5-DIGIT NUMERIC,WX24;WX25,FALSE
WX,long_years,question,How many years have you lived at your current address or any other address within the same zip code area?,,,0,dropdown,FALSE,,DROP DOWN; less than 1 - 100,WX24;WX25,FALSE
WX,last_state,question,,"Using the dropdown list, please select the state or district where your previous residence was located.",,0,dropdown,FALSE,long_years < 5,,WX24;WX25,FALSE
WX,last_state_othr_spec,verbatim_followup,,"If you selected Other, please indicate your previous residence here",,0,open_text,FALSE,long_years < 5,VERBATIM,WX24;WX25,FALSE
WX,last_zip,question,,What was the five-digit zip code where your previous residence was located?,,0,open_text,FALSE,long_years < 5,VERBATIM; REQUIRE 5-DIGIT NUMERIC,WX24;WX25,FALSE
WX,now,question,,Please indicate which of the following statements applies to you.,0 = I am completing this survey from my current primary residence. | 1 = I am completing this survey from a location that is not my current primary residence.,2,categorical,FALSE,,,WX24;WX25,FALSE
WX,rural,question,,Which of the following categories best describes the location of your current primary residence?,1 = Urban lot in a densely populated area | 2 = Suburban lot in a neighborhood that is near a densely populated area | 3 = Rural lot in a sparsely populated area,3,categorical,FALSE,,,WX24;WX25,FALSE
WX,home,question,,Which of the following categories best describes the nature of your current primary residence?,"1 = Stand-alone (detached) permanent structure such as a house | 2 = Condominium, town-house, or duplex that is attached to another structure | 3 = Apartment or dormitory room that is part of a larger residential complex | 4 = Mobile home (whether placed on a permanent foundation or not) | 5 = Boat, boathouse, ship, dock, or other floating structure | 6 = Other type (please specify)",6,categorical,FALSE,,,WX24;WX25,FALSE
WX,home_spec,verbatim_followup,Which of the following categories best describes the nature of your current primary residence?,,,0,open_text,FALSE,home = 6,VERBATIM,WX24;WX25,FALSE
WX,rent,question,,Which of the following categories best describes your living arrangements at your current primary residence?,1 = Live with family or friends and do not pay rent | 2 = Pay to rent or lease your primary residence (includes college or other dormitory rooms) | 3 = Own your primary residence (includes making mortgage payments or outright ownership with no mortgage payments),3,categorical,FALSE,,,WX24;WX25,FALSE
WX,adults,question,,"Including yourself, how many ADULTS AGE 18 AND OLDER live in your current primary residence?",,0,dropdown,FALSE,,DROP DOWN; 1 - More than 20,WX24;WX25,FALSE
WX,children,question,,How many CHILDREN AGE 17 AND YOUNGER live in your current primary residence?,,0,dropdown,FALSE,,DROP DOWN; 0 - More than 20,WX24;WX25,FALSE
WX,follow,question,Now we have some basic questions about the weather. How much do you agree or disagree with the following statements?,I follow the weather very closely.,1 = Strongly disagree | 2 = Disagree | 3 = Neither disagree nor agree | 4 = Agree | 5 = Strongly agree,5,agree_5,FALSE,,RANDOM ORDER IN TABLE,WX24;WX25,FALSE
WX,plan_around,question,Now we have some basic questions about the weather. How much do you agree or disagree with the following statements?,I plan my daily routine around the weather.,1 = Strongly disagree | 2 = Disagree | 3 = Neither disagree nor agree | 4 = Agree | 5 = Strongly agree,5,agree_5,FALSE,,RANDOM ORDER IN TABLE,WX24;WX25,FALSE
WX,und_weather,question,Now we have some basic questions about the weather. How much do you agree or disagree with the following statements?,"I don't understand what causes extreme weather events like thunderstorms, tornadoes, and hurricanes.",1 = Strongly disagree | 2 = Disagree | 3 = Neither disagree nor agree | 4 = Agree | 5 = Strongly agree,5,agree_5,TRUE,,RANDOM ORDER IN TABLE,WX24;WX25,FALSE
WX,wthr_info_paper,question,How frequently do you get information about the weather from each of the following sources?,Newspapers,1 = Never | 2 = Less than once per week | 3 = About once per week | 4 = Several times per week | 5 = About once a day | 6 = Several times a day,6,frequency_6,FALSE,,RANDOM ORDER IN TABLE,WX24;WX25,FALSE
WX,wthr_info_web,question,How frequently do you get information about the weather from each of the following sources?,Non-government Internet websites (such as weather.com),1 = Never | 2 = Less than once per week | 3 = About once per week | 4 = Several times per week | 5 = About once a day | 6 = Several times a day,6,frequency_6,FALSE,,RANDOM ORDER IN TABLE,WX24;WX25,FALSE
WX,wthr_info_govweb,question,How frequently do you get information about the weather from each of the following sources?,Government Internet websites (such as noaa.gov),1 = Never | 2 = Less than once per week | 3 = About once per week | 4 = Several times per week | 5 = About once a day | 6 = Several times a day,6,frequency_6,FALSE,,RANDOM ORDER IN TABLE,WX24;WX25,FALSE
WX,wthr_info_loctv,question,How frequently do you get information about the weather from each of the following sources?,Local TV (television) news,1 = Never | 2 = Less than once per week | 3 = About once per week | 4 = Several times per week | 5 = About once a day | 6 = Several times a day,6,frequency_6,FALSE,,RANDOM ORDER IN TABLE,WX24;WX25,FALSE
WX,wthr_info_cabtv,question,How frequently do you get information about the weather from each of the following sources?,Cable TV (television) news (such as The Weather Channel),1 = Never | 2 = Less than once per week | 3 = About once per week | 4 = Several times per week | 5 = About once a day | 6 = Several times a day,6,frequency_6,FALSE,,RANDOM ORDER IN TABLE,WX24;WX25,FALSE
WX,wthr_info_radio,question,How frequently do you get information about the weather from each of the following sources?,Radio,1 = Never | 2 = Less than once per week | 3 = About once per week | 4 = Several times per week | 5 = About once a day | 6 = Several times a day,6,frequency_6,FALSE,,RANDOM ORDER IN TABLE,WX24;WX25,FALSE
WX,wthr_info_fam,question,How frequently do you get information about the weather from each of the following sources?,"Family, friends or colleagues",1 = Never | 2 = Less than once per week | 3 = About once per week | 4 = Several times per week | 5 = About once a day | 6 = Several times a day,6,frequency_6,FALSE,,RANDOM ORDER IN TABLE,WX24;WX25,FALSE
WX,wthr_info_soc,question,How frequently do you get information about the weather from each of the following sources?,"Social Media, such as Facebook and Twitter",1 = Never | 2 = Less than once per week | 3 = About once per week | 4 = Several times per week | 5 = About once a day | 6 = Several times a day,6,frequency_6,FALSE,,RANDOM ORDER IN TABLE,WX24;WX25,FALSE
WX,wthr_info_phone,question,How frequently do you get information about the weather from each of the following sources?,Cell phone applications or automated text messages,1 = Never | 2 = Less than once per week | 3 = About once per week | 4 = Several times per week | 5 = About once a day | 6 = Several times a day,6,frequency_6,FALSE,,RANDOM ORDER IN TABLE,WX24;WX25,FALSE
WX,risk_hail,question,"Thinking about all four seasons (winter, summer, spring, and fall), how do you rate the risk of the following extreme weather events to you and the people in your area?",Hail,1 = No risk | 2 = Low risk | 3 = Moderate risk | 4 = High risk | 5 = Extreme risk,5,risk_5,FALSE,,RANDOM ORDER IN TABLE,WX24;WX25,FALSE
WX,risk_wind,question,"Thinking about all four seasons (winter, summer, spring, and fall), how do you rate the risk of the following extreme weather events to you and the people in your area?",High winds,1 = No risk | 2 = Low risk | 3 = Moderate risk | 4 = High risk | 5 = Extreme risk,5,risk_5,FALSE,,RANDOM ORDER IN TABLE,WX24;WX25,FALSE
WX,risk_lignt,question,"Thinking about all four seasons (winter, summer, spring, and fall), how do you rate the risk of the following extreme weather events to you and the people in your area?",Lightning,1 = No risk | 2 = Low risk | 3 = Moderate risk | 4 = High risk | 5 = Extreme risk,5,risk_5,FALSE,,RANDOM ORDER IN TABLE; variable name is misspelled in the instrument and in the released data,WX24;WX25,FALSE
WX,risk_heat,question,"Thinking about all four seasons (winter, summer, spring, and fall), how do you rate the risk of the following extreme weather events to you and the people in your area?",Extreme heat,1 = No risk | 2 = Low risk | 3 = Moderate risk | 4 = High risk | 5 = Extreme risk,5,risk_5,FALSE,,RANDOM ORDER IN TABLE,WX24;WX25,FALSE
WX,risk_rain,question,"Thinking about all four seasons (winter, summer, spring, and fall), how do you rate the risk of the following extreme weather events to you and the people in your area?",Excessive rain,1 = No risk | 2 = Low risk | 3 = Moderate risk | 4 = High risk | 5 = Extreme risk,5,risk_5,FALSE,,RANDOM ORDER IN TABLE,WX24;WX25,FALSE
WX,risk_drought,question,"Thinking about all four seasons (winter, summer, spring, and fall), how do you rate the risk of the following extreme weather events to you and the people in your area?",Drought,1 = No risk | 2 = Low risk | 3 = Moderate risk | 4 = High risk | 5 = Extreme risk,5,risk_5,FALSE,,RANDOM ORDER IN TABLE,WX24;WX25,FALSE
WX,risk_cold,question,"Thinking about all four seasons (winter, summer, spring, and fall), how do you rate the risk of the following extreme weather events to you and the people in your area?",Extreme cold,1 = No risk | 2 = Low risk | 3 = Moderate risk | 4 = High risk | 5 = Extreme risk,5,risk_5,FALSE,,RANDOM ORDER IN TABLE,WX24;WX25,FALSE
WX,risk_snow,question,"Thinking about all four seasons (winter, summer, spring, and fall), how do you rate the risk of the following extreme weather events to you and the people in your area?",Snow,1 = No risk | 2 = Low risk | 3 = Moderate risk | 4 = High risk | 5 = Extreme risk,5,risk_5,FALSE,,RANDOM ORDER IN TABLE,WX24;WX25,FALSE
WX,risk_ice,question,"Thinking about all four seasons (winter, summer, spring, and fall), how do you rate the risk of the following extreme weather events to you and the people in your area?",Ice or freezing rain,1 = No risk | 2 = Low risk | 3 = Moderate risk | 4 = High risk | 5 = Extreme risk,5,risk_5,FALSE,,RANDOM ORDER IN TABLE,WX24;WX25,FALSE
WX,risk_tor,question,"Thinking about all four seasons (winter, summer, spring, and fall), how do you rate the risk of the following extreme weather events to you and the people in your area?",Tornadoes,1 = No risk | 2 = Low risk | 3 = Moderate risk | 4 = High risk | 5 = Extreme risk,5,risk_5,FALSE,,RANDOM ORDER IN TABLE,WX24;WX25,FALSE
WX,risk_flood,question,"Thinking about all four seasons (winter, summer, spring, and fall), how do you rate the risk of the following extreme weather events to you and the people in your area?",Floods,1 = No risk | 2 = Low risk | 3 = Moderate risk | 4 = High risk | 5 = Extreme risk,5,risk_5,FALSE,,RANDOM ORDER IN TABLE,WX24;WX25,FALSE
WX,risk_hur,question,"Thinking about all four seasons (winter, summer, spring, and fall), how do you rate the risk of the following extreme weather events to you and the people in your area?",Hurricanes,1 = No risk | 2 = Low risk | 3 = Moderate risk | 4 = High risk | 5 = Extreme risk,5,risk_5,FALSE,,RANDOM ORDER IN TABLE,WX24;WX25,FALSE
WX,risk_fire,question,"Thinking about all four seasons (winter, summer, spring, and fall), how do you rate the risk of the following extreme weather events to you and the people in your area?",Wildfires,1 = No risk | 2 = Low risk | 3 = Moderate risk | 4 = High risk | 5 = Extreme risk,5,risk_5,FALSE,,RANDOM ORDER IN TABLE,WX24;WX25,FALSE
WX,risk_surge,question,"Thinking about all four seasons (winter, summer, spring, and fall), how do you rate the risk of the following extreme weather events to you and the people in your area?",Storm surge,1 = No risk | 2 = Low risk | 3 = Moderate risk | 4 = High risk | 5 = Extreme risk,5,risk_5,FALSE,,RANDOM ORDER IN TABLE,WX24;WX25,FALSE
WX,risk_tie,question,,Please indicate which type of event poses the biggest risk to you and the people in the area where you live.,1 = Hail | 2 = High winds | 3 = Lightning | 4 = Extreme heat | 5 = Excessive rain | 6 = Drought | 7 = Extreme cold | 8 = Snow | 9 = Ice or freezing rain | 10 = Tornadoes | 11 = Floods | 12 = Hurricanes | 13 = Wildfires | 14 = Storm surge,14,categorical,FALSE,,RANDOMIZE; tie-breaker for the risk battery,WX24;WX25,FALSE
WX,alert_und,question,"Now we have some questions about the National Weather Service (NWS), an agency of the United States government that issues weather forecasts and different kinds of alerts to the public about hazardous weather, including severe weather watches and warnings.","In general, do you understand the difference between watches and warnings?",1 = Definitely no | 2 = Probably no | 3 = Not sure | 4 = Probably yes | 5 = Definitely yes,5,certainty_5,FALSE,,,WX24;WX25,FALSE
WX,torwatch,question,"To the best of your knowledge, is the following alert considered a tornado watch or a warning?",This alert is issued when severe thunderstorms and tornadoes are possible in and near the area. It does not mean that they will occur. It only means they are possible.,1 = Tornado WATCH | 2 = Tornado WARNING | 3 = Don't know,3,categorical,FALSE,watch_warn = 1,RANDOM SPLIT; 50% get torwatch (watch_warn=1); 50% get torwarn (watch_warn=2). Correct answer is 1,WX24;WX25,FALSE
WX,torwarn,question,"To the best of your knowledge, is the following alert considered a tornado watch or a warning?","This alert is used when a tornado is imminent. When this alert is issued, seek safe shelter immediately.",1 = Tornado WATCH | 2 = Tornado WARNING | 3 = Don't know,3,categorical,FALSE,watch_warn = 2,RANDOM SPLIT; 50% get torwatch (watch_warn=1); 50% get torwarn (watch_warn=2). Correct answer is 2,WX24;WX25,FALSE
WX,warn_time,question,,"If the National Weather Service issues a tornado WARNING for your area, how much time do you have before the tornado arrives?",1 = less than 1 hour | 2 = 1 to 24 hours | 3 = 1 to 3 days | 4 = more than 3 days,4,categorical,FALSE,,,WX24;WX25,FALSE
WX,warn_size,question,,Approximately how large is the area included in an average tornado WARNING?,1 = around the size of a city | 2 = around the size of a county | 3 = around the size of multiple counties | 4 = around the size of a state | 5 = around the size of multiple states,5,categorical,FALSE,,,WX24;WX25,FALSE
WX,warn_time_minutes,question,,"You indicated that there is less than 1 hour between when tornado WARNINGS are issued and when tornadoes arrive. To the best of your knowledge, how many minutes are there between when tornado WARNINGS are issued and when tornadoes arrive?",,0,dropdown,FALSE,warn_time = 1,DROP-DOWN 0 - 60 minutes,WX24;WX25,FALSE
WX,warn_time_hours,question,,"You indicated that there is 1 to 24 hours between when tornado WARNINGS are issued and when tornadoes arrive. To the best of your knowledge, how many hours are there between when tornado WARNINGS are issued and when tornadoes arrive?",,0,dropdown,FALSE,warn_time = 2,DROP-DOWN 1 - 24 hours,WX24;WX25,FALSE
WX,watch_time,question,,"If the National Weather Service issues a tornado WATCH for your area, how much time do you have before the tornado arrives?",1 = less than 1 hour | 2 = 1 to 24 hours | 3 = 1 to 3 days | 4 = more than 3 days,4,categorical,FALSE,,,WX24;WX25,FALSE
WX,watch_size,question,,Approximately how large is the area included in an average tornado WATCH?,1 = around the size of a city | 2 = around the size of a county | 3 = around the size of multiple counties | 4 = around the size of a state | 5 = around the size of multiple states,5,categorical,FALSE,,,WX24;WX25,FALSE
WX,watch_time_minutes,question,,"You indicated that there is less than 1 hour between when tornado WATCHES are issued and when tornadoes arrive. To the best of your knowledge, how many minutes are there between when tornado WATCHES are issued and when tornadoes arrive?",,0,dropdown,FALSE,watch_time = 1,DROP-DOWN 0 - 60 minutes,WX24;WX25,FALSE
WX,watch_time_hours,question,,"You indicated that there is 1 to 24 hours between when tornado WATCHES are issued and when tornadoes arrive. To the best of your knowledge, how many hours are there between when tornado WATCHES are issued and when tornadoes arrive?",,0,dropdown,FALSE,watch_time = 2,DROP-DOWN 1 - 24 hours,WX24;WX25,FALSE
WX,tor_watchwarn_und,question,,How would you rate your understanding of tornado watches and warnings?,1 = Poor | 2 = Fair | 3 = Good | 4 = Very good | 5 = Excellent,5,quality_5,FALSE,,,WX24;WX25,FALSE
WX,tor_map_und,question,,"Forecasters, websites, and phone applications often use maps to display tornado watches and warnings. How would you rate your understanding of maps?",1 = Poor | 2 = Fair | 3 = Good | 4 = Very good | 5 = Excellent,5,quality_5,FALSE,,,WX24;WX25,FALSE
WX,tor_radar_und,question,,"Forecasters, websites, and phone applications also use radar images to communicate tornado risk. How would you rate your understanding of radar images?",1 = Poor | 2 = Fair | 3 = Good | 4 = Very good | 5 = Excellent,5,quality_5,FALSE,,,WX24;WX25,FALSE
WX,svr_hail,checkbox_item,"In addition to tornadoes, the National Weather Service issues alerts for severe thunderstorms. To the best of your knowledge, which of the following hazards does the National Weather Service consider when issuing SEVERE THUNDERSTORM WARNINGS? Please indicate all that apply.",Large hail,0 = Not selected | 1 = Selected,2,checkbox,FALSE,,"RANDOM ORDER, CHECK BOX, 1 = SELECTED",WX24;WX25,FALSE
WX,svr_wind,checkbox_item,"In addition to tornadoes, the National Weather Service issues alerts for severe thunderstorms. To the best of your knowledge, which of the following hazards does the National Weather Service consider when issuing SEVERE THUNDERSTORM WARNINGS? Please indicate all that apply.",High winds,0 = Not selected | 1 = Selected,2,checkbox,FALSE,,"RANDOM ORDER, CHECK BOX, 1 = SELECTED",WX24;WX25,FALSE
WX,svr_lightning,checkbox_item,"In addition to tornadoes, the National Weather Service issues alerts for severe thunderstorms. To the best of your knowledge, which of the following hazards does the National Weather Service consider when issuing SEVERE THUNDERSTORM WARNINGS? Please indicate all that apply.",Lightning,0 = Not selected | 1 = Selected,2,checkbox,FALSE,,"RANDOM ORDER, CHECK BOX, 1 = SELECTED",WX24;WX25,FALSE
WX,svr_flood,checkbox_item,"In addition to tornadoes, the National Weather Service issues alerts for severe thunderstorms. To the best of your knowledge, which of the following hazards does the National Weather Service consider when issuing SEVERE THUNDERSTORM WARNINGS? Please indicate all that apply.",Flooding,0 = Not selected | 1 = Selected,2,checkbox,FALSE,,"RANDOM ORDER, CHECK BOX, 1 = SELECTED",WX24;WX25,FALSE
WX,svr_rain,checkbox_item,"In addition to tornadoes, the National Weather Service issues alerts for severe thunderstorms. To the best of your knowledge, which of the following hazards does the National Weather Service consider when issuing SEVERE THUNDERSTORM WARNINGS? Please indicate all that apply.",Extreme rainfall,0 = Not selected | 1 = Selected,2,checkbox,FALSE,,"RANDOM ORDER, CHECK BOX, 1 = SELECTED",WX24;WX25,FALSE
WX,svr_watchwarn_und,question,,How would you rate your understanding of severe thunderstorm WATCHES and WARNINGS?,1 = Poor | 2 = Fair | 3 = Good | 4 = Very good | 5 = Excellent,5,quality_5,FALSE,,,WX24;WX25,FALSE
WX,rec_all,question,Please tell us how strongly you agree with the following statements about tornado WARNINGS:,I receive all tornado warnings that are issued for my area.,1 = Strongly disagree | 2 = Disagree | 3 = Neither disagree nor agree | 4 = Agree | 5 = Strongly agree,5,agree_5,FALSE,,RANDOM ORDER,WX24;WX25,FALSE
WX,rec_most,question,Please tell us how strongly you agree with the following statements about tornado WARNINGS:,I receive most tornado warnings that are issued for my area.,1 = Strongly disagree | 2 = Disagree | 3 = Neither disagree nor agree | 4 = Agree | 5 = Strongly agree,5,agree_5,FALSE,,RANDOM ORDER,WX24;WX25,FALSE
WX,rec_soon,question,Please tell us how strongly you agree with the following statements about tornado WARNINGS:,I receive tornado warnings as soon as they are issued for my area.,1 = Strongly disagree | 2 = Disagree | 3 = Neither disagree nor agree | 4 = Agree | 5 = Strongly agree,5,agree_5,FALSE,,RANDOM ORDER,WX24;WX25,FALSE
WX,rec_miss,question,Please tell us how strongly you agree with the following statements about tornado WARNINGS:,Sometimes I miss tornado warnings that are issued for my area.,1 = Strongly disagree | 2 = Disagree | 3 = Neither disagree nor agree | 4 = Agree | 5 = Strongly agree,5,agree_5,TRUE,,RANDOM ORDER,WX24;WX25,FALSE
WX,rec_area,question,Please tell us how strongly you agree with the following statements about tornado WARNINGS:,Sometimes I am not sure if a tornado warning is for my area or a different area.,1 = Strongly disagree | 2 = Disagree | 3 = Neither disagree nor agree | 4 = Agree | 5 = Strongly agree,5,agree_5,TRUE,,RANDOM ORDER,WX24;WX25,FALSE
WX,rec_time,question,Please tell us how strongly you agree with the following statements about tornado WARNINGS:,Sometimes I am not sure what time tornado warnings begin and end for my area.,1 = Strongly disagree | 2 = Disagree | 3 = Neither disagree nor agree | 4 = Agree | 5 = Strongly agree,5,agree_5,TRUE,,RANDOM ORDER; wording is negative here but positive in the TC/WW/FL instruments,WX24;WX25,FALSE
WX,rec_sleep,question,"Sometimes people miss tornado WARNINGS because they are doing something that makes it difficult to pay attention to the weather. For example, people often miss tornado warnings when they are sleeping. How confident are you that you would receive tornado warnings in the following situations?",If you are sleeping?,1 = Not at all confident | 2 = Not very confident | 3 = Somewhat confident | 4 = Very confident | 5 = Extremely confident,5,confidence_5,FALSE,,RANDOM ORDER,WX24;WX25,FALSE
WX,rec_driving,question,"Sometimes people miss tornado WARNINGS because they are doing something that makes it difficult to pay attention to the weather. For example, people often miss tornado warnings when they are sleeping. How confident are you that you would receive tornado warnings in the following situations?",If you are in a car?,1 = Not at all confident | 2 = Not very confident | 3 = Somewhat confident | 4 = Very confident | 5 = Extremely confident,5,confidence_5,FALSE,,RANDOM ORDER,WX24;WX25,FALSE
WX,rec_work,question,"Sometimes people miss tornado WARNINGS because they are doing something that makes it difficult to pay attention to the weather. For example, people often miss tornado warnings when they are sleeping. How confident are you that you would receive tornado warnings in the following situations?",If you are at work or school?,1 = Not at all confident | 2 = Not very confident | 3 = Somewhat confident | 4 = Very confident | 5 = Extremely confident,5,confidence_5,FALSE,,RANDOM ORDER,WX24;WX25,FALSE
WX,rec_store,question,"Sometimes people miss tornado WARNINGS because they are doing something that makes it difficult to pay attention to the weather. For example, people often miss tornado warnings when they are sleeping. How confident are you that you would receive tornado warnings in the following situations?",If you are at a store?,1 = Not at all confident | 2 = Not very confident | 3 = Somewhat confident | 4 = Very confident | 5 = Extremely confident,5,confidence_5,FALSE,,RANDOM ORDER,WX24;WX25,FALSE
WX,rec_small_group,question,"Sometimes people miss tornado WARNINGS because they are doing something that makes it difficult to pay attention to the weather. For example, people often miss tornado warnings when they are sleeping. How confident are you that you would receive tornado warnings in the following situations?",If you are with a small group of friends or family?,1 = Not at all confident | 2 = Not very confident | 3 = Somewhat confident | 4 = Very confident | 5 = Extremely confident,5,confidence_5,FALSE,,RANDOM ORDER,WX24;WX25,FALSE
WX,rec_large_group,question,"Sometimes people miss tornado WARNINGS because they are doing something that makes it difficult to pay attention to the weather. For example, people often miss tornado warnings when they are sleeping. How confident are you that you would receive tornado warnings in the following situations?",If you are with a large group of friends or family?,1 = Not at all confident | 2 = Not very confident | 3 = Somewhat confident | 4 = Very confident | 5 = Extremely confident,5,confidence_5,FALSE,,RANDOM ORDER,WX24;WX25,FALSE
WX,rec_stream,question,"Sometimes people miss tornado WARNINGS because they are doing something that makes it difficult to pay attention to the weather. For example, people often miss tornado warnings when they are sleeping. How confident are you that you would receive tornado warnings in the following situations?","If you are watching a show or movie using an online streaming service like Netflix, Amazon Prime, or Hulu?",1 = Not at all confident | 2 = Not very confident | 3 = Somewhat confident | 4 = Very confident | 5 = Extremely confident,5,confidence_5,FALSE,,RANDOM ORDER,WX24;WX25,FALSE
WX,rec_phone,question,"Sometimes people miss tornado WARNINGS because they are doing something that makes it difficult to pay attention to the weather. For example, people often miss tornado warnings when they are sleeping. How confident are you that you would receive tornado warnings in the following situations?",If your phone is not on or not working?,1 = Not at all confident | 2 = Not very confident | 3 = Somewhat confident | 4 = Very confident | 5 = Extremely confident,5,confidence_5,FALSE,,RANDOM ORDER,WX24;WX25,FALSE
WX,rec_dif_sit,question,,Can you think of a different situation that might cause you to miss a tornado warning?,,0,open_text,FALSE,,VERBATIM,WX24;WX25,FALSE
WX,warn_hist,question,,Do you recall having ever received a tornado WARNING for your area?,0 = No | 1 = Yes,2,yes_no,FALSE,,,WX24;WX25,FALSE
WX,warn_when,question,Think about the most recent tornado WARNING that you remember receiving.,When did you receive the tornado warning?,1 = less than 1 month ago | 2 = between 1 and 3 months ago | 3 = between 3 and 12 months ago | 4 = between 1 and 3 years ago | 5 = more than 3 years ago | 6 = I don't recall,6,categorical,FALSE,warn_hist = 1,,WX24;WX25,FALSE
WX,warn_how_br_rad,checkbox_item,How did you learn about the tornado warning? Please select all that apply.,Broadcast radio,0 = Not selected | 1 = Selected,2,checkbox,FALSE,warn_hist = 1,,WX24;WX25,FALSE
WX,warn_how_wx_rad,checkbox_item,How did you learn about the tornado warning? Please select all that apply.,Weather radio (National Weather Service radio),0 = Not selected | 1 = Selected,2,checkbox,FALSE,warn_hist = 1,,WX24;WX25,FALSE
WX,warn_how_tv,checkbox_item,How did you learn about the tornado warning? Please select all that apply.,Television,0 = Not selected | 1 = Selected,2,checkbox,FALSE,warn_hist = 1,,WX24;WX25,FALSE
WX,warn_how_siren,checkbox_item,How did you learn about the tornado warning? Please select all that apply.,Siren or other alarm,0 = Not selected | 1 = Selected,2,checkbox,FALSE,warn_hist = 1,,WX24;WX25,FALSE
WX,warn_how_int,checkbox_item,How did you learn about the tornado warning? Please select all that apply.,Internet,0 = Not selected | 1 = Selected,2,checkbox,FALSE,warn_hist = 1,,WX24;WX25,FALSE
WX,warn_how_soc,checkbox_item,How did you learn about the tornado warning? Please select all that apply.,Social media such as X (formerly Twitter) or Facebook,0 = Not selected | 1 = Selected,2,checkbox,FALSE,warn_hist = 1,,WX24;WX25,FALSE
WX,warn_how_word,checkbox_item,How did you learn about the tornado warning? Please select all that apply.,"Word-of-mouth (including telephone or text messages, email, etc.) from family, friends, neighbors, employers, co-workers, etc.",0 = Not selected | 1 = Selected,2,checkbox,FALSE,warn_hist = 1,,WX24;WX25,FALSE
WX,warn_how_phone,checkbox_item,How did you learn about the tornado warning? Please select all that apply.,Automated text or phone notification,0 = Not selected | 1 = Selected,2,checkbox,FALSE,warn_hist = 1,,WX24;WX25,FALSE
WX,warn_how_oth,checkbox_item,How did you learn about the tornado warning? Please select all that apply.,Other source (please specify),0 = Not selected | 1 = Selected,2,checkbox,FALSE,warn_hist = 1,,WX24;WX25,FALSE
WX,warn_how_dk,checkbox_item,How did you learn about the tornado warning? Please select all that apply.,I don't recall,0 = Not selected | 1 = Selected,2,checkbox,FALSE,warn_hist = 1,,WX24;WX25,FALSE
WX,warn_how_spec,verbatim_followup,How did you learn about the tornado warning? Please select all that apply.,,,0,open_text,FALSE,warn_how_oth = 1,VERBATIM,WX24;WX25,FALSE
WX,warn_timercv,question,Think about the most recent tornado WARNING that you remember receiving.,What time was it when you received the tornado warning?,1 = Between 6am and noon | 2 = Between noon and 6pm | 3 = Between 6pm and midnight | 4 = Between midnight and 6am | 5 = I don't recall,5,categorical,FALSE,warn_hist = 1,,WX24;WX25,FALSE
WX,warn_where,question,Think about the most recent tornado WARNING that you remember receiving.,Where were you when you received the tornado warning?,"1 = At home | 2 = At work | 3 = At school | 4 = At a business (such as a store or restaurant) | 5 = In a vehicle (such as a car, truck, or bus) | 6 = Somewhere else (please specify) | 7 = I don't recall",7,categorical,FALSE,warn_hist = 1,,WX24;WX25,FALSE
WX,warn_where_specify,verbatim_followup,Where were you when you received the tornado warning?,,,0,open_text,FALSE,warn_where = 6,VERBATIM,WX24;WX25,FALSE
WX,warn_iss,question,Think about the most recent tornado WARNING that you remember receiving.,Did you receive the tornado warning as soon as it was issued?,0 = No | 1 = Yes | 2 = I don't recall,3,yes_no_recall,FALSE,warn_hist = 1,,WX24;WX25,FALSE
WX,warn_sure,question,Think about the most recent tornado WARNING that you remember receiving.,Were you sure that the tornado warning was for your area and not a different area?,0 = No | 1 = Yes | 2 = I don't recall,3,yes_no_recall,FALSE,warn_hist = 1,,WX24;WX25,FALSE
WX,warn_tor,question,Think about the most recent tornado WARNING that you remember receiving.,Did a tornado touch down in the tornado warning area?,0 = No | 1 = Yes | 2 = I don't recall/don't know,3,yes_no_recall,FALSE,warn_hist = 1,,WX24;WX25,FALSE
WX,last_act,question,,What did you do when you got the most recent tornado warning that you remember receiving?,"0 = Nothing; continued my daily activities | 1 = Monitored the situation, but did not move to shelter | 2 = Moved to the most sheltered part of the building, but did not leave the building | 3 = Moved to a specially constructed storm shelter in the building | 4 = Moved to a nearby location or building that provided safer shelter | 5 = Left the building and drove away from the tornado warning area | 6 = Something else (please specify) | 7 = I don't recall",8,categorical,FALSE,"warn_where = 1, 2, 3, or 4",,WX24;WX25,FALSE
WX,last_act_spec,verbatim_followup,What did you do when you got the most recent tornado warning that you remember receiving?,,,0,open_text,FALSE,last_act = 6,VERBATIM,WX24;WX25,FALSE
WX,last_act_satis,question,,"Looking back, how would you rate your satisfaction with the action you took?",1 = Very dissatisfied | 2 = Dissatisfied | 3 = Neither dissatisfied nor satisfied | 4 = Satisfied | 5 = Very satisfied,5,satisfaction_5,FALSE,"warn_where = 1, 2, 3, or 4",,WX24;WX25,FALSE
WX,last_act_again,question,,How likely is it that you would take the same action again if you were in the same situation in the future?,1 = Very unlikely | 2 = Somewhat unlikely | 3 = About as likely as not | 4 = Somewhat likely | 5 = Very likely,5,likelihood_5,FALSE,"warn_where = 1, 2, 3, or 4",,WX24;WX25,FALSE
WX,next_act_day,question,Now we want you to think about the NEXT TIME you receive a tornado WARNING from the National Weather Service.,"If you are at home during daylight hours and you receive a tornado warning for your area, what do you plan to do?","0 = Nothing; continue my daily activities | 1 = Monitor the situation, but not move to shelter | 2 = Move to the most sheltered part of my residence, but not leave the building | 3 = Move to a specially constructed storm shelter in the building | 4 = Move to a nearby location or building that provides safer shelter | 5 = Leave the building and drive away from the tornado warning area | 6 = Something else (please specify) | 7 = Not sure",8,categorical,FALSE,,,WX24;WX25,FALSE
WX,next_act_day_spec,verbatim_followup,"If you are at home during daylight hours and you receive a tornado warning for your area, what do you plan to do?",,,0,open_text,FALSE,next_act_day = 6,VERBATIM,WX24;WX25,FALSE
WX,next_act_night,question,Now we want you to think about the NEXT TIME you receive a tornado WARNING from the National Weather Service.,"If you are at home in the middle of the night and you receive a tornado warning for your area, what do you plan to do?","0 = Nothing; continue my nightly activities | 1 = Monitor the situation, but not move to shelter | 2 = Move to the most sheltered part of my residence, but not leave the building | 3 = Move to a specially constructed storm shelter in the building | 4 = Move to a nearby location or building that provides safer shelter | 5 = Leave the building and drive away from the tornado warning area | 6 = Something else (please specify) | 7 = Not sure",8,categorical,FALSE,,,WX24;WX25,FALSE
WX,next_act_night_spec,verbatim_followup,"If you are at home in the middle of the night and you receive a tornado warning for your area, what do you plan to do?",,,0,open_text,FALSE,next_act_night = 6,VERBATIM,WX24;WX25,FALSE
WX,resp_ignore,question,"Please tell us how strongly you agree with the following statements about tornado WARNINGS. If you have never received a tornado WARNING, please tell us how you think you will respond if you receive a WARNING in the future.",Sometimes I ignore tornado warnings that are issued for my area.,1 = Strongly disagree | 2 = Disagree | 3 = Neither disagree nor agree | 4 = Agree | 5 = Strongly agree,5,agree_5,TRUE,,RANDOM ORDER,WX24;WX25,FALSE
WX,resp_prot,question,"Please tell us how strongly you agree with the following statements about tornado WARNINGS. If you have never received a tornado WARNING, please tell us how you think you will respond if you receive a WARNING in the future.",I always take protective action when tornado warnings are issued for my area.,1 = Strongly disagree | 2 = Disagree | 3 = Neither disagree nor agree | 4 = Agree | 5 = Strongly agree,5,agree_5,FALSE,,RANDOM ORDER,WX24;WX25,FALSE
WX,resp_busy,question,"Please tell us how strongly you agree with the following statements about tornado WARNINGS. If you have never received a tornado WARNING, please tell us how you think you will respond if you receive a WARNING in the future.",Sometimes I am too busy to take protective action when tornado warnings are issued for my area.,1 = Strongly disagree | 2 = Disagree | 3 = Neither disagree nor agree | 4 = Agree | 5 = Strongly agree,5,agree_5,TRUE,,RANDOM ORDER,WX24;WX25,FALSE
WX,resp_unsure,question,"Please tell us how strongly you agree with the following statements about tornado WARNINGS. If you have never received a tornado WARNING, please tell us how you think you will respond if you receive a WARNING in the future.",I am not sure what to do when tornado warnings are issued for my area.,1 = Strongly disagree | 2 = Disagree | 3 = Neither disagree nor agree | 4 = Agree | 5 = Strongly agree,5,agree_5,TRUE,,RANDOM ORDER,WX24;WX25,FALSE
WX,resp_sleep,question,"Sometimes people receive tornado WARNINGS but do not take protective action because they are busy or doing something that makes it difficult to respond. For example, people often decide not to take protective action in response to tornado warnings when they are sleeping. How confident are you that you would take protective action in response to tornado warnings in the following situations?",If you are sleeping?,1 = Not at all confident | 2 = Not very confident | 3 = Somewhat confident | 4 = Very confident | 5 = Extremely confident,5,confidence_5,FALSE,,RANDOM ORDER,WX24;WX25,FALSE
WX,resp_driving,question,"Sometimes people receive tornado WARNINGS but do not take protective action because they are busy or doing something that makes it difficult to respond. For example, people often decide not to take protective action in response to tornado warnings when they are sleeping. How confident are you that you would take protective action in response to tornado warnings in the following situations?",If you are in a car?,1 = Not at all confident | 2 = Not very confident | 3 = Somewhat confident | 4 = Very confident | 5 = Extremely confident,5,confidence_5,FALSE,,RANDOM ORDER,WX24;WX25,FALSE
WX,resp_work,question,"Sometimes people receive tornado WARNINGS but do not take protective action because they are busy or doing something that makes it difficult to respond. For example, people often decide not to take protective action in response to tornado warnings when they are sleeping. How confident are you that you would take protective action in response to tornado warnings in the following situations?",If you are at work or school?,1 = Not at all confident | 2 = Not very confident | 3 = Somewhat confident | 4 = Very confident | 5 = Extremely confident,5,confidence_5,FALSE,,RANDOM ORDER,WX24;WX25,FALSE
WX,resp_store,question,"Sometimes people receive tornado WARNINGS but do not take protective action because they are busy or doing something that makes it difficult to respond. For example, people often decide not to take protective action in response to tornado warnings when they are sleeping. How confident are you that you would take protective action in response to tornado warnings in the following situations?",If you are at a store?,1 = Not at all confident | 2 = Not very confident | 3 = Somewhat confident | 4 = Very confident | 5 = Extremely confident,5,confidence_5,FALSE,,RANDOM ORDER,WX24;WX25,FALSE
WX,resp_small_group,question,"Sometimes people receive tornado WARNINGS but do not take protective action because they are busy or doing something that makes it difficult to respond. For example, people often decide not to take protective action in response to tornado warnings when they are sleeping. How confident are you that you would take protective action in response to tornado warnings in the following situations?",If you are with a small group of friends or family?,1 = Not at all confident | 2 = Not very confident | 3 = Somewhat confident | 4 = Very confident | 5 = Extremely confident,5,confidence_5,FALSE,,RANDOM ORDER,WX24;WX25,FALSE
WX,resp_large_group,question,"Sometimes people receive tornado WARNINGS but do not take protective action because they are busy or doing something that makes it difficult to respond. For example, people often decide not to take protective action in response to tornado warnings when they are sleeping. How confident are you that you would take protective action in response to tornado warnings in the following situations?",If you are with a large group of friends or family?,1 = Not at all confident | 2 = Not very confident | 3 = Somewhat confident | 4 = Very confident | 5 = Extremely confident,5,confidence_5,FALSE,,RANDOM ORDER,WX24;WX25,FALSE
WX,resp_stream,question,"Sometimes people receive tornado WARNINGS but do not take protective action because they are busy or doing something that makes it difficult to respond. For example, people often decide not to take protective action in response to tornado warnings when they are sleeping. How confident are you that you would take protective action in response to tornado warnings in the following situations?","If you are watching a show or movie using an online streaming service like Netflix, Amazon Prime, or Hulu?",1 = Not at all confident | 2 = Not very confident | 3 = Somewhat confident | 4 = Very confident | 5 = Extremely confident,5,confidence_5,FALSE,,RANDOM ORDER,WX24;WX25,FALSE
WX,resp_phone,question,"Sometimes people receive tornado WARNINGS but do not take protective action because they are busy or doing something that makes it difficult to respond. For example, people often decide not to take protective action in response to tornado warnings when they are sleeping. How confident are you that you would take protective action in response to tornado warnings in the following situations?",If your phone is not on or not working?,1 = Not at all confident | 2 = Not very confident | 3 = Somewhat confident | 4 = Very confident | 5 = Extremely confident,5,confidence_5,FALSE,,RANDOM ORDER,WX24;WX25,FALSE
WX,resp_dif_sit,question,,Can you think of a different situation that might cause you to not take protective action in response to a tornado warning?,,0,open_text,FALSE,,VERBATIM,WX24;WX25,FALSE
WX,rand_morn,randomization,,,1:00 AM | 2:00 AM | 3:00 AM | 4:00 AM | 5:00 AM | 6:00 AM | 7:00 AM | 8:00 AM | 9:00 AM,9,randomization,FALSE,,Morning hour inserted into the rec_morn / und_morn / resp_morn stem,WX24;WX25,FALSE
WX,rec_morn,question,"If a tornado WARNING were issued for your area tomorrow at [rand_morn], how confident are you that you would...",Receive the warning?,1 = Not at all confident | 2 = Not very confident | 3 = Somewhat confident | 4 = Very confident | 5 = Extremely confident,5,confidence_5,FALSE,,,WX24;WX25,FALSE
WX,und_morn,question,"If a tornado WARNING were issued for your area tomorrow at [rand_morn], how confident are you that you would...",Understand the warning?,1 = Not at all confident | 2 = Not very confident | 3 = Somewhat confident | 4 = Very confident | 5 = Extremely confident,5,confidence_5,FALSE,,,WX24;WX25,FALSE
WX,resp_morn,question,"If a tornado WARNING were issued for your area tomorrow at [rand_morn], how confident are you that you would...",Take protective action in response to the warning?,1 = Not at all confident | 2 = Not very confident | 3 = Somewhat confident | 4 = Very confident | 5 = Extremely confident,5,confidence_5,FALSE,,,WX24;WX25,FALSE
WX,rand_aft,randomization,,,10:00 AM | 11:00 AM | 12:00 PM (noon) | 1:00 PM | 2:00 PM | 3:00 PM | 4:00 PM | 5:00 PM,8,randomization,FALSE,,Afternoon hour inserted into the rec_aft / und_aft / resp_aft stem,WX24;WX25,FALSE
WX,rec_aft,question,"If a tornado WARNING were issued for your area tomorrow at [rand_aft], how confident are you that you would...",Receive the warning?,1 = Not at all confident | 2 = Not very confident | 3 = Somewhat confident | 4 = Very confident | 5 = Extremely confident,5,confidence_5,FALSE,,,WX24;WX25,FALSE
WX,und_aft,question,"If a tornado WARNING were issued for your area tomorrow at [rand_aft], how confident are you that you would...",Understand the warning?,1 = Not at all confident | 2 = Not very confident | 3 = Somewhat confident | 4 = Very confident | 5 = Extremely confident,5,confidence_5,FALSE,,,WX24;WX25,FALSE
WX,resp_aft,question,"If a tornado WARNING were issued for your area tomorrow at [rand_aft], how confident are you that you would...",Take protective action in response to the warning?,1 = Not at all confident | 2 = Not very confident | 3 = Somewhat confident | 4 = Very confident | 5 = Extremely confident,5,confidence_5,FALSE,,,WX24;WX25,FALSE
WX,rand_eve,randomization,,,6:00 PM | 7:00 PM | 8:00 PM | 9:00 PM | 10:00 PM | 11:00 PM | 12:00 AM (midnight),7,randomization,FALSE,,Evening hour inserted into the rec_eve / und_eve / resp_eve stem,WX24;WX25,FALSE
WX,rec_eve,question,"If a tornado WARNING were issued for your area tomorrow at [rand_eve], how confident are you that you would...",Receive the warning?,1 = Not at all confident | 2 = Not very confident | 3 = Somewhat confident | 4 = Very confident | 5 = Extremely confident,5,confidence_5,FALSE,,,WX24;WX25,FALSE
WX,und_eve,question,"If a tornado WARNING were issued for your area tomorrow at [rand_eve], how confident are you that you would...",Understand the warning?,1 = Not at all confident | 2 = Not very confident | 3 = Somewhat confident | 4 = Very confident | 5 = Extremely confident,5,confidence_5,FALSE,,,WX24;WX25,FALSE
WX,resp_eve,question,"If a tornado WARNING were issued for your area tomorrow at [rand_eve], how confident are you that you would...",Take protective action in response to the warning?,1 = Not at all confident | 2 = Not very confident | 3 = Somewhat confident | 4 = Very confident | 5 = Extremely confident,5,confidence_5,FALSE,,,WX24;WX25,FALSE
WX,tor_em_hrd,question,"In addition to standard tornado warnings, the National Weather Service sometimes issues an enhanced version called a tornado EMERGENCY.","Prior to this survey, had you heard of tornado EMERGENCY alerts?",0 = No | 1 = Yes | 2 = Not sure,3,yes_no_unsure,FALSE,,,WX25,FALSE
WX,tor_em_rec,question,,Have you ever personally received a tornado EMERGENCY alert from the National Weather Service before?,0 = No | 1 = Yes | 2 = Not sure,3,yes_no_unsure,FALSE,tor_em_hrd = 1,,WX25,FALSE
WX,tor_em_und,question,,"In general, do you think you understand the difference between a tornado WARNING and a tornado EMERGENCY?",1 = Definitely no | 2 = Probably no | 3 = Not sure | 4 = Probably yes | 5 = Definitely yes,5,certainty_5,FALSE,tor_em_hrd = 1,,WX25,FALSE
WX,tor_em_dis_str,checkbox_item,What do you think distinguishes a tornado EMERGENCY from a standard tornado WARNING? It is ok if you are unsure - just give us your best guess. Please select all that apply.,A tornado EMERGENCY means that a tornado is stronger than in a tornado WARNING.,0 = Not selected | 1 = Selected,2,checkbox,FALSE,,,WX25,FALSE
WX,tor_em_dis_lrg,checkbox_item,What do you think distinguishes a tornado EMERGENCY from a standard tornado WARNING? It is ok if you are unsure - just give us your best guess. Please select all that apply.,A tornado EMERGENCY means that a tornado is larger than in a tornado WARNING.,0 = Not selected | 1 = Selected,2,checkbox,FALSE,,,WX25,FALSE
WX,tor_em_dis_con,checkbox_item,What do you think distinguishes a tornado EMERGENCY from a standard tornado WARNING? It is ok if you are unsure - just give us your best guess. Please select all that apply.,A tornado EMERGENCY means that confidence is higher that a tornado will occur than in a tornado WARNING.,0 = Not selected | 1 = Selected,2,checkbox,FALSE,,,WX25,FALSE
WX,tor_em_dis_ppl,checkbox_item,What do you think distinguishes a tornado EMERGENCY from a standard tornado WARNING? It is ok if you are unsure - just give us your best guess. Please select all that apply.,A tornado EMERGENCY means that more people are at risk than in a tornado WARNING.,0 = Not selected | 1 = Selected,2,checkbox,FALSE,,,WX25,FALSE
WX,tor_em_dis_thr,checkbox_item,What do you think distinguishes a tornado EMERGENCY from a standard tornado WARNING? It is ok if you are unsure - just give us your best guess. Please select all that apply.,A tornado EMERGENCY means that the threat to life safety is higher than in a tornado WARNING.,0 = Not selected | 1 = Selected,2,checkbox,FALSE,,,WX25,FALSE
WX,tor_em_time,question,,"How much advance warning do you think people typically get with a tornado EMERGENCY versus a standard tornado WARNING? Again, it is ok if you are unsure - just give us your best guess.",1 = Less time for a tornado EMERGENCY than for a tornado WARNING. | 2 = About the same amount of time. | 3 = More time for a tornado EMERGENCY than for a tornado WARNING.,3,categorical,FALSE,,,WX25,FALSE
WX,tor_em_rare,randomization,,,see | do not see,2,randomization,FALSE,,"Controls whether the respondent is shown the definition of a tornado EMERGENCY before tor_em_seek_shelt, not a question",WX25,FALSE
WX,tor_em_seek_shelt,question,,"If you were to receive an alert for a tornado EMERGENCY at your location, how would this change your likelihood of seeking shelter compared to receiving a standard tornado WARNING?",1 = I would be much more likely to seek shelter for a tornado EMERGENCY than for a tornado WARNING | 2 = I would be more likely to seek shelter for a tornado EMERGENCY than for a tornado WARNING | 3 = My likelihood of seeking shelter would be about the same for a tornado EMERGENCY and a tornado WARNING,3,categorical,FALSE,,,WX25,FALSE
WX,tor_em_shelt_type,question,,"If you were to receive an alert for a tornado EMERGENCY at your location, how would this change the type of shelter you would seek compared to receiving a standard tornado WARNING?",1 = I would definitely seek a more secure shelter for a tornado EMERGENCY than for a tornado WARNING | 2 = I would probably seek a more secure shelter for a tornado EMERGENCY than for a tornado WARNING | 3 = The type of shelter I would seek would be about the same for a tornado EMERGENCY and a tornado WARNING,3,categorical,FALSE,,,WX25,FALSE
WX,tor_em_shelt_desc,question,,"You mentioned that you would definitely or probably seek a more secure shelter during a tornado EMERGENCY than during a tornado WARNING. Could you briefly describe what type of shelter you would look for, and whether you have access to that type of shelter?",,0,open_text,FALSE,tor_em_shelt_type = 1,verbatim,WX25,FALSE
WX,nws_trust,question,"Extreme weather can be dangerous and technically complex, so getting information you can trust is important. Please indicate your level of trust in information about extreme weather from each of the following organizations and groups.",The National Weather Service,1 = No trust | 2 = Low trust | 3 = Moderate trust | 4 = High trust | 5 = Complete trust,5,trust_5,FALSE,,RANDOM ORDER IN TABLE,WX24;WX25,FALSE
WX,lotv_trust,question,"Extreme weather can be dangerous and technically complex, so getting information you can trust is important. Please indicate your level of trust in information about extreme weather from each of the following organizations and groups.",Regional or local TV stations,1 = No trust | 2 = Low trust | 3 = Moderate trust | 4 = High trust | 5 = Complete trust,5,trust_5,FALSE,,RANDOM ORDER IN TABLE,WX24;WX25,FALSE
WX,natv_trust,question,"Extreme weather can be dangerous and technically complex, so getting information you can trust is important. Please indicate your level of trust in information about extreme weather from each of the following organizations and groups.",National TV stations (like the Weather Channel),1 = No trust | 2 = Low trust | 3 = Moderate trust | 4 = High trust | 5 = Complete trust,5,trust_5,FALSE,,RANDOM ORDER IN TABLE,WX24;WX25,FALSE
WX,em_trust,question,"Extreme weather can be dangerous and technically complex, so getting information you can trust is important. Please indicate your level of trust in information about extreme weather from each of the following organizations and groups.",State or local emergency managers,1 = No trust | 2 = Low trust | 3 = Moderate trust | 4 = High trust | 5 = Complete trust,5,trust_5,FALSE,,RANDOM ORDER IN TABLE,WX24;WX25,FALSE
WX,fam_trust,question,"Extreme weather can be dangerous and technically complex, so getting information you can trust is important. Please indicate your level of trust in information about extreme weather from each of the following organizations and groups.","Family, friends, neighbors, employers, co-workers, etc.",1 = No trust | 2 = Low trust | 3 = Moderate trust | 4 = High trust | 5 = Complete trust,5,trust_5,FALSE,,RANDOM ORDER IN TABLE,WX24;WX25,FALSE
WX,wx_info1,question,"Warnings and information about severe weather are available from multiple sources. How much do you, personally, rely on each of the following sources of information about extreme weather?",Broadcast radio,1 = Not much | 2 = Little | 3 = Somewhat | 4 = Much | 5 = A great deal,5,reliance_5,FALSE,,RANDOM ORDER,WX24;WX25,FALSE
WX,wx_info2,question,"Warnings and information about severe weather are available from multiple sources. How much do you, personally, rely on each of the following sources of information about extreme weather?",Weather radio (National Weather Service radio),1 = Not much | 2 = Little | 3 = Somewhat | 4 = Much | 5 = A great deal,5,reliance_5,FALSE,,RANDOM ORDER,WX24;WX25,FALSE
WX,wx_info3,question,"Warnings and information about severe weather are available from multiple sources. How much do you, personally, rely on each of the following sources of information about extreme weather?",Television,1 = Not much | 2 = Little | 3 = Somewhat | 4 = Much | 5 = A great deal,5,reliance_5,FALSE,,RANDOM ORDER,WX24;WX25,FALSE
WX,wx_info4,question,"Warnings and information about severe weather are available from multiple sources. How much do you, personally, rely on each of the following sources of information about extreme weather?","Internet web pages focused on weather forecasts, such as those provided by the National Weather Service",1 = Not much | 2 = Little | 3 = Somewhat | 4 = Much | 5 = A great deal,5,reliance_5,FALSE,,RANDOM ORDER,WX24;WX25,FALSE
WX,wx_info5,question,"Warnings and information about severe weather are available from multiple sources. How much do you, personally, rely on each of the following sources of information about extreme weather?","Social media, such as Twitter or Facebook",1 = Not much | 2 = Little | 3 = Somewhat | 4 = Much | 5 = A great deal,5,reliance_5,FALSE,,RANDOM ORDER,WX24;WX25,FALSE
WX,wx_info6,question,"Warnings and information about severe weather are available from multiple sources. How much do you, personally, rely on each of the following sources of information about extreme weather?","Word-of-mouth (including telephone calls or texts) from family, friends, neighbors, employers, co-workers, etc.",1 = Not much | 2 = Little | 3 = Somewhat | 4 = Much | 5 = A great deal,5,reliance_5,FALSE,,RANDOM ORDER,WX24;WX25,FALSE
WX,wx_info7,question,"Warnings and information about severe weather are available from multiple sources. How much do you, personally, rely on each of the following sources of information about extreme weather?",Automated text or phone notifications,1 = Not much | 2 = Little | 3 = Somewhat | 4 = Much | 5 = A great deal,5,reliance_5,FALSE,,RANDOM ORDER,WX24;WX25,FALSE
WX,wx_info8,question,"Warnings and information about severe weather are available from multiple sources. How much do you, personally, rely on each of the following sources of information about extreme weather?",Outdoor warning sirens,1 = Not much | 2 = Little | 3 = Somewhat | 4 = Much | 5 = A great deal,5,reliance_5,FALSE,,RANDOM ORDER,WX24;WX25,FALSE
WX,wx_info_tie,question,,Please indicate which source you rely on the most for information about extreme weather events.,"1 = Broadcast radio | 2 = Weather radio (National Weather Service radio) | 3 = Television | 4 = Internet web pages focused on weather forecasts, such as those provided by the National Weather Service | 5 = Social media, such as Twitter or Facebook | 6 = Word-of-mouth (including telephone calls or texts) from family, friends, neighbors, employers, co-workers, etc. | 7 = Automated text or phone notifications | 8 = Outdoor warning sirens",8,categorical,FALSE,,RANDOM ORDER; tie-breaker for the wx_info battery,WX24;WX25,FALSE
WX,your_ability,question,Probabilities can be difficult to calculate and interpret when you are trying to sort through a lot of information at once.,How would you rate your ability to calculate and interpret probabilities when making decisions?,1 = Poor | 2 = Fair | 3 = Good | 4 = Very good | 5 = Excellent,5,quality_5,FALSE,,,WX24;WX25,FALSE
WX,co_prev_exp,question,"One such forecast is shown in a graphic called the Convective Outlook, which is used to communicate the risks posed by severe weather (hail, strong winds, and tornadoes). This graphic uses words and colors on a map to indicate the probability of severe weather on a given day.",Have you ever seen a Convective Outlook before?,0 = No | 1 = Yes | 2 = Maybe,3,yes_no_maybe,FALSE,,Respondent is shown an example social media post containing a Convective Outlook,WX25,FALSE
WX,co_conf_ab,question,,How confident are you in your ability to understand the Convective Outlook?,1 = Not at all confident | 2 = Slightly confident | 3 = Moderately confident | 4 = Very confident | 5 = Extremely confident,5,confidence_slightly_5,FALSE,,,WX25,FALSE
WX,co_highest,randomization,,,enh | mod | enh_verb | mod_verb | enh_num | mod_num,6,randomization,FALSE,,Selects which Convective Outlook graphic is shown for the co_* interpretation questions,WX25,FALSE
WX,co_num_prob,question,"Now, you will see an example of a social media post with a Convective Outlook for a different day. On the Convective Outlook, there is a location marked with a star and labeled A. As you answer the following questions, imagine that you are at Location A on the day of this outlook.","Based on this Convective Outlook, what is the probability that Location A will experience severe weather?",,0,dropdown,FALSE,,DROPDOWN; 0-10%; 11-20%; 21-30%; 31-40%; 41-50%; 51-60%; 61-70%; 71-80%; 81-90%; 91-100%,WX25,FALSE
WX,co_verbal_prob,question,"Now, you will see an example of a social media post with a Convective Outlook for a different day. On the Convective Outlook, there is a location marked with a star and labeled A. As you answer the following questions, imagine that you are at Location A on the day of this outlook.",Based on this Convective Outlook would you say that Location A is...,1 = Not at all likely to experience severe weather | 2 = Not very likely to experience severe weather | 3 = Somewhat likely as not to experience severe weather | 4 = Very likely to experience severe weather | 5 = Extremely likely to experience severe weather,5,likelihood_5,FALSE,,Option 3 reads 'Somewhat likely as not' in the instrument,WX25,FALSE
WX,co_verbal_sig,question,"Now, you will see an example of a social media post with a Convective Outlook for a different day. On the Convective Outlook, there is a location marked with a star and labeled A. As you answer the following questions, imagine that you are at Location A on the day of this outlook.","If Location A were to experience severe weather, how significant do you think the impact might be?",1 = Not at all significant | 2 = Not very significant | 3 = Somewhat significant | 4 = Very significant | 5 = Extremely significant,5,significance_5,FALSE,,,WX25,FALSE
WX,co_concern,question,"Now, you will see an example of a social media post with a Convective Outlook for a different day. On the Convective Outlook, there is a location marked with a star and labeled A. As you answer the following questions, imagine that you are at Location A on the day of this outlook.","If you were at Location A, how concerned would you feel about the possibility of severe weather?",1 = Not at all concerned | 2 = Not very concerned | 3 = Somewhat concerned | 4 = Very concerned | 5 = Extremely concerned,5,concern_5,FALSE,,,WX25,FALSE
WX,exf_adv_look,question,,"How far in advance do you usually start looking for forecasts about your risk for severe thunderstorms (including tornadoes, damaging winds, or large hail)?",1 = On the same day (less than 24 hours before the event) | 2 = 1-2 days before the event | 3 = 2-3 days before the event | 4 = 3-4 days before the event | 5 = 5-7 days before the event | 6 = More than a week before the event | 7 = I usually do not look for severe weather forecasts,7,categorical,FALSE,,,WX25,FALSE
WX,exf_info,question,,You mentioned that you start looking for forecasts about your risk for severe thunderstorms [exf_adv_look]. What are your primary sources for obtaining this information? Please select all that apply.,,0,checkbox_parent,FALSE,exf_adv_look != 7,RANDOM ORDER; parent of the exf_info_* checkbox items,WX24;WX25,TRUE
WX,exf_info_loctv,checkbox_item,You mentioned that you start looking for forecasts about your risk for severe thunderstorms [exf_adv_look]. What are your primary sources for obtaining this information? Please select all that apply.,Local TV (television) news,0 = Not selected | 1 = Selected,2,checkbox,FALSE,exf_adv_look != 7,RANDOM ORDER,WX24;WX25,TRUE
WX,exf_info_web,checkbox_item,You mentioned that you start looking for forecasts about your risk for severe thunderstorms [exf_adv_look]. What are your primary sources for obtaining this information? Please select all that apply.,Non-government Internet websites (such as weather.com),0 = Not selected | 1 = Selected,2,checkbox,FALSE,exf_adv_look != 7,RANDOM ORDER,WX24;WX25,TRUE
WX,exf_info_phone,checkbox_item,You mentioned that you start looking for forecasts about your risk for severe thunderstorms [exf_adv_look]. What are your primary sources for obtaining this information? Please select all that apply.,Cell phone applications or automated text messages,0 = Not selected | 1 = Selected,2,checkbox,FALSE,exf_adv_look != 7,RANDOM ORDER,WX24;WX25,TRUE
WX,exf_info_govweb,checkbox_item,You mentioned that you start looking for forecasts about your risk for severe thunderstorms [exf_adv_look]. What are your primary sources for obtaining this information? Please select all that apply.,Government internet websites (such as noaa.gov),0 = Not selected | 1 = Selected,2,checkbox,FALSE,exf_adv_look != 7,RANDOM ORDER,WX24;WX25,TRUE
WX,exf_info_cabtv,checkbox_item,You mentioned that you start looking for forecasts about your risk for severe thunderstorms [exf_adv_look]. What are your primary sources for obtaining this information? Please select all that apply.,Cable TV (television) news (such as The Weather Channel),0 = Not selected | 1 = Selected,2,checkbox,FALSE,exf_adv_look != 7,RANDOM ORDER,WX24;WX25,TRUE
WX,exf_info_soc,checkbox_item,You mentioned that you start looking for forecasts about your risk for severe thunderstorms [exf_adv_look]. What are your primary sources for obtaining this information? Please select all that apply.,Social media such as Facebook and X (formerly Twitter),0 = Not selected | 1 = Selected,2,checkbox,FALSE,exf_adv_look != 7,RANDOM ORDER,WX24;WX25,TRUE
WX,exf_info_fam,checkbox_item,You mentioned that you start looking for forecasts about your risk for severe thunderstorms [exf_adv_look]. What are your primary sources for obtaining this information? Please select all that apply.,"Family, friends, or colleagues",0 = Not selected | 1 = Selected,2,checkbox,FALSE,exf_adv_look != 7,RANDOM ORDER,WX24;WX25,TRUE
WX,exf_info_radio,checkbox_item,You mentioned that you start looking for forecasts about your risk for severe thunderstorms [exf_adv_look]. What are your primary sources for obtaining this information? Please select all that apply.,Radio,0 = Not selected | 1 = Selected,2,checkbox,FALSE,exf_adv_look != 7,RANDOM ORDER,WX24;WX25,TRUE
WX,exf_info_paper,checkbox_item,You mentioned that you start looking for forecasts about your risk for severe thunderstorms [exf_adv_look]. What are your primary sources for obtaining this information? Please select all that apply.,Newspapers,0 = Not selected | 1 = Selected,2,checkbox,FALSE,exf_adv_look != 7,RANDOM ORDER,WX24;WX25,TRUE
WX,exf_aware,question,"Forecasters also use a version of the Convective Outlook to provide extended-range forecasts for tornado, hail, and thunderstorm wind threats that focus on the next three to seven days. These forecasts predict general regions where severe weather is most likely to occur on a given day up to a week in advance. When forecasters think severe weather is possible in a region, they indicate this using one of two probability categories: a 15% chance or a 30% chance.","Before reading this information, were you aware that forecasts predicting severe weather conditions for the next three to seven days are available?",0 = No | 1 = Yes | 2 = Not sure,3,yes_no_unsure,FALSE,,,WX24;WX25,TRUE
WX,exf_exp_rand,randomization,,,"Conditions 1-9 crossing three forecast probabilities (day 7, day 5, day 3): 1 = 0/0/15 | 2 = 0/15/15 | 3 = 15/0/15 | 4 = 15/30/30 | 5 = 0/15/30 | 6 = 0/0/30 | 7 = 0/15/0 | 8 = 15/0/0 | 9 = 0/30/0",9,randomization,FALSE,,"Assignment table, not a question. Supplies exf_exp_rand_d7, exf_exp_rand_d5 and exf_exp_rand_d3 to the three concern questions",WX25,FALSE
WX,exf_exp_d7_concern,question,"Imagine it is Saturday morning, and forecasters have issued a severe weather forecast for next Saturday (7 days from now). This forecast shows a [exf_exp_rand_d7]% chance of severe weather - including tornadoes, damaging winds, or large hail - occurring within 25 miles of where you live next Saturday.","If you received this forecast, how concerned would you feel about the possibility of severe weather at your location next Saturday (7 days from now)?",1 = Not at all concerned | 2 = Slightly concerned | 3 = Somewhat concerned | 4 = Very concerned | 5 = Extremely concerned,5,concern_slightly_5,FALSE,,,WX25,FALSE
WX,exf_exp_d5_concern,question,"It is now Monday morning. Forecasters have updated the forecast for Saturday (5 days from now). In the previous forecast (7 days out), the probability was [exf_exp_rand_d7]%. The new forecast shows a [exf_exp_rand_d5]% chance of severe weather - including tornadoes, damaging winds, or large hail - within 25 miles of where you live on Saturday.","If you received this forecast, how concerned would you feel about the possibility of severe weather at your location on Saturday (5 days from now)?",1 = Not at all concerned | 2 = Slightly concerned | 3 = Somewhat concerned | 4 = Very concerned | 5 = Extremely concerned,5,concern_slightly_5,FALSE,,,WX25,FALSE
WX,exf_exp_d3_concern,question,"It is now Wednesday morning. Forecasters have updated the forecast for Saturday (3 days from now). In the previous forecast (5 days out), the probability was [exf_exp_rand_d5]%. The new forecast shows a [exf_exp_rand_d3]% chance of severe weather - including tornadoes, damaging winds, or large hail - within 25 miles of where you live on Saturday.","If you received this forecast, how concerned would you feel about the possibility of severe weather at your location on Saturday (3 days from now)?",1 = Not at all concerned | 2 = Slightly concerned | 3 = Somewhat concerned | 4 = Very concerned | 5 = Extremely concerned,5,concern_slightly_5,FALSE,,,WX25,FALSE
WX,exf_exp_d7_recall,question,We are curious if you remember the series of three forecasts you just saw. What probability did each one show?,First forecast (7 days out),1 = 0% | 2 = 15% | 3 = 30% | 4 = Not sure,4,categorical,FALSE,,,WX25,FALSE
WX,exf_exp_d5_recall,question,We are curious if you remember the series of three forecasts you just saw. What probability did each one show?,Second forecast (5 days out),1 = 0% | 2 = 15% | 3 = 30% | 4 = Not sure,4,categorical,FALSE,,,WX25,FALSE
WX,exf_exp_d3_recall,question,We are curious if you remember the series of three forecasts you just saw. What probability did each one show?,Third forecast (3 days out),1 = 0% | 2 = 15% | 3 = 30% | 4 = Not sure,4,categorical,FALSE,,,WX25,FALSE
WX,exf_exp_surprise,question,"It is now Saturday - the day of the event. After following the series of forecasts for your area, you see that a damaging severe thunderstorm [exf_exp_rand_event: occurs | does not occur] within 25 miles of where you live.","Based on the forecasts you saw leading up to today, how surprised would you feel about this outcome?",1 = Not at all surprised | 2 = Slightly surprised | 3 = Somewhat surprised | 4 = Very surprised | 5 = Extremely surprised,5,surprise_5,FALSE,,Whether the storm occurs is randomized by exf_exp_rand_event,WX25,FALSE
WX,exf_exp_trust,question,,"If you were to experience a series of extended-range forecasts like this, how would it affect your level of trust in future extended-range severe weather forecasts?",1 = Greatly decrease my trust | 2 = Slightly decrease my trust | 3 = No change in my trust | 4 = Slightly increase my trust | 5 = Greatly increase my trust,5,trust_change_5,FALSE,,The three forecast probabilities the respondent saw are restated in the question,WX25,FALSE
WX,exf_ml,question,"Currently, the extended-range severe weather outlooks discussed above are created by human forecasters based on weather models and technical expertise. However, within the last five to ten years, machine learning techniques have demonstrated success in identifying severe weather events three to seven days in advance. Machine learning is a form of artificial intelligence that allows computer systems to leverage past data to identify future atmospheric patterns that may lead to severe weather environments three to seven days in advance.","Imagine that the previous severe weather forecasts for your area were created from a machine learning algorithm and did not have any human influence. Now knowing this information, how would this have changed your level of trust in this series of forecasts?",1 = I would trust forecasts generated by machine learning much less than forecasts generated by humans | 2 = I would trust forecasts generated by machine learning less than forecasts generated by humans | 3 = I would trust forecasts generated by machine learning the same as forecasts generated by humans | 4 = I would trust forecasts generated by machine learning more than forecasts generated by humans | 5 = I would trust forecasts generated by machine learning much more than forecasts generated by humans,5,trust_change_5,FALSE,,,WX25,FALSE
WX,income,question,,Was the estimated annual income for your household in 2024:,"1 = Less than $50,000 [go to inc50] | 2 = At least $50,000 but less than $100,000 [go to inc100] | 3 = At least $100,000 but less than $150,000 [go to inc150] | 4 = $150,000 or more [go to inc200]",4,categorical,FALSE,,Reference year is 2022 in WX24 and 2024 in WX25,WX24;WX25,TRUE
WX,inc_50,question,,Was the estimated annual income for your household in 2024:,"1 = Less than $10,000 | 2 = $10,000 to less than $20,000 | 3 = $20,000 to less than $30,000 | 4 = $30,000 to less than $40,000 | 5 = $40,000 to less than $50,000",5,categorical,FALSE,income = 1,Reference year is 2022 in WX24 and 2024 in WX25,WX24;WX25,TRUE
WX,inc_100,question,,Was the estimated annual income for your household in 2024:,"6 = $50,000 to less than $60,000 | 7 = $60,000 to less than $70,000 | 8 = $70,000 to less than $80,000 | 9 = $80,000 to less than $90,000 | 10 = $90,000 to less than $100,000",5,categorical,FALSE,income = 2,Reference year is 2022 in WX24 and 2024 in WX25,WX24;WX25,TRUE
WX,inc_150,question,,Was the estimated annual income for your household in 2024:,"11 = $100,000 to less than $110,000 | 12 = $110,000 to less than $120,000 | 13 = $120,000 to less than $130,000 | 14 = $130,000 to less than $140,000 | 15 = $140,000 to less than $150,000",5,categorical,FALSE,income = 3,Reference year is 2022 in WX24 and 2024 in WX25,WX24;WX25,TRUE
WX,inc_200,question,,Was the estimated annual income for your household in 2024:,"16 = $150,000 to less than $160,000 | 17 = $160,000 to less than $170,000 | 18 = $170,000 to less than $180,000 | 19 = $180,000 to less than $190,000 | 20 = $190,000 to less than $200,000 | 21 = $200,000 or more",6,categorical,FALSE,income = 4,Reference year is 2022 in WX24 and 2024 in WX25,WX24;WX25,TRUE
WX,edu,question,,What is the highest level of education you have COMPLETED?,1 = Less than high school | 2 = High school / GED | 3 = Vocational or Technical Training | 4 = Some College; NO degree | 5 = 2-year College / Associate's degree | 6 = Bachelor's Degree | 7 = Master's Degree | 8 = PhD / JD (Law) / MD,8,categorical,FALSE,,,WX24;WX25,FALSE
WX,comments,question,,"Is there anything else that you would like us to know about how you receive, understand, or respond to information from the National Weather Service?",,0,open_text,FALSE,,,WX24;WX25,FALSE
WX,ffd_und,question,,The National Weather Service also issues alerts for flash floods. How would you rate your understanding of flash flood WATCHES and WARNINGS?,1 = Poor | 2 = Fair | 3 = Good | 4 = Very good | 5 = Excellent,5,quality_5,FALSE,,,WX24,FALSE
WX,ffd_watchwarn_und,question,,Do you understand the difference between floods and flash floods?,1 = Definitely no | 2 = Probably no | 3 = Not sure | 4 = Probably yes | 5 = Definitely yes,5,certainty_5,FALSE,,Variable name and question content are swapped relative to ffd_und,WX24,FALSE
WX,tor_eff1,question,Please tell us how strongly you agree or disagree with the following statements.,It is possible for most people in my area to prepare and to secure their property ahead of time for a tornado.,1 = Strongly disagree | 2 = Disagree | 3 = Neither disagree nor agree | 4 = Agree | 5 = Strongly agree,5,agree_5,FALSE,,RANDOM ORDER,WX24,FALSE
WX,tor_eff2,question,Please tell us how strongly you agree or disagree with the following statements.,It is possible for most people in my area to develop a safety plan for how to deal with a tornado.,1 = Strongly disagree | 2 = Disagree | 3 = Neither disagree nor agree | 4 = Agree | 5 = Strongly agree,5,agree_5,FALSE,,RANDOM ORDER,WX24,FALSE
WX,tor_eff3,question,Please tell us how strongly you agree or disagree with the following statements.,It is possible for most people in my area to protect themselves against a tornado.,1 = Strongly disagree | 2 = Disagree | 3 = Neither disagree nor agree | 4 = Agree | 5 = Strongly agree,5,agree_5,FALSE,,RANDOM ORDER,WX24,FALSE
WX,tor_eff4,question,Please tell us how strongly you agree or disagree with the following statements.,It is possible for most people in my area to evacuate when necessary ahead of a tornado.,1 = Strongly disagree | 2 = Disagree | 3 = Neither disagree nor agree | 4 = Agree | 5 = Strongly agree,5,agree_5,FALSE,,RANDOM ORDER,WX24,FALSE
WX,tor_eff5,question,Please tell us how strongly you agree or disagree with the following statements.,I feel that I can prepare and secure my property ahead of time for a tornado.,1 = Strongly disagree | 2 = Disagree | 3 = Neither disagree nor agree | 4 = Agree | 5 = Strongly agree,5,agree_5,FALSE,,RANDOM ORDER,WX24,FALSE
WX,tor_eff6,question,Please tell us how strongly you agree or disagree with the following statements.,I have a safety plan for how to deal with a tornado.,1 = Strongly disagree | 2 = Disagree | 3 = Neither disagree nor agree | 4 = Agree | 5 = Strongly agree,5,agree_5,FALSE,,RANDOM ORDER,WX24,FALSE
WX,tor_eff7,question,Please tell us how strongly you agree or disagree with the following statements.,I can protect myself against a tornado.,1 = Strongly disagree | 2 = Disagree | 3 = Neither disagree nor agree | 4 = Agree | 5 = Strongly agree,5,agree_5,FALSE,,RANDOM ORDER,WX24,FALSE
WX,tor_eff8,question,Please tell us how strongly you agree or disagree with the following statements.,I can evacuate when necessary ahead of a tornado.,1 = Strongly disagree | 2 = Disagree | 3 = Neither disagree nor agree | 4 = Agree | 5 = Strongly agree,5,agree_5,FALSE,,RANDOM ORDER,WX24,FALSE
WX,rand_svr,randomization,,,severe | wind | hail | wind_hail,4,randomization,FALSE,,"Selects which experimental severe thunderstorm alert wording and map the respondent sees: severe thunderstorm warning, thunderstorm wind warning, hail warning, or both",WX24,FALSE
WX,rand_svr_con,question,Imagine it's Saturday morning at 8:00 a.m. You are at the marker in the center of this map when you learn that a [rand_svr] has been issued for your location.,How concerned would you be if you were to get this forecast?,1 = Not at all concerned | 2 = Not very concerned | 3 = Somewhat concerned | 4 = Very concerned | 5 = Extremely concerned,5,concern_5,FALSE,,,WX24,FALSE
WX,rand_svr_resp,question,Imagine it's Saturday morning at 8:00 a.m. You are at the marker in the center of this map when you learn that a [rand_svr] has been issued for your location.,How likely would you be to take protective action if you were to get this forecast?,1 = Not at all likely | 2 = Slightly likely | 3 = Moderately likely | 4 = Very likely | 5 = Extremely likely,5,likelihood_slightly_5,FALSE,,,WX24,FALSE
WX,rand_svr_und,question,Here is the same forecast graphic again.,How well do you understand the information presented in this graphic?,1 = Not at all well | 2 = Slightly well | 3 = Moderately well | 4 = Very well | 5 = Extremely well,5,understanding_5,FALSE,,,WX24,FALSE
WX,rand_svr_conf,question,Here is the same forecast graphic again.,"If you encountered this forecast in the future, how confident are you that you'd know what to do to protect yourself?",1 = Not at all confident | 2 = Not very confident | 3 = Somewhat confident | 4 = Very confident | 5 = Extremely confident,5,confidence_5,FALSE,,,WX24,FALSE
WX,rand_otlk_loc,randomization,,,st_louis | memphis | indy_to_okc | little_to_nash,4,randomization,FALSE,,Selects which Convective Outlook location vignette the respondent sees,WX24,FALSE
WX,st_louis,vignette,"One of the products that forecasters use to communicate tornado, hail, and thunderstorm wind threats in the United States is called the Convective Outlook. The next few questions will ask you to interpret your risk from severe weather using a Convective Outlook Graphic.","Imagine that it is a Saturday morning at 8:00AM, and you are currently located in St. Louis, Missouri. You are shown this forecast:",,0,none,FALSE,rand_otlk_loc = st_louis,"Scenario text, not a question. Repeated on the following page with Remember in place of Imagine",WX24,FALSE
WX,memphis,vignette,"One of the products that forecasters use to communicate tornado, hail, and thunderstorm wind threats in the United States is called the Convective Outlook. The next few questions will ask you to interpret your risk from severe weather using a Convective Outlook Graphic.","Imagine that it is a Saturday morning at 8:00AM, and you are currently located in Memphis, Tennessee. You are shown this forecast:",,0,none,FALSE,rand_otlk_loc = memphis,"Scenario text, not a question. Repeated on the following page with Remember in place of Imagine",WX24,FALSE
WX,indy_to_okc,vignette,"One of the products that forecasters use to communicate tornado, hail, and thunderstorm wind threats in the United States is called the Convective Outlook. The next few questions will ask you to interpret your risk from severe weather using a Convective Outlook Graphic.","Imagine that it is a Saturday morning at 8:00AM, and you are currently located in Indianapolis, Indiana, but you will be traveling southwest on Interstates 70 and 44 to reach Oklahoma City, Oklahoma, this evening. You are shown this forecast:",,0,none,FALSE,rand_otlk_loc = indy_to_okc,"Scenario text, not a question. Repeated on the following page with Remember in place of Imagine",WX24,FALSE
WX,little_to_nash,vignette,"One of the products that forecasters use to communicate tornado, hail, and thunderstorm wind threats in the United States is called the Convective Outlook. The next few questions will ask you to interpret your risk from severe weather using a Convective Outlook Graphic.","Imagine that it is a Saturday morning at 8:00AM, and you are currently located in Little Rock, Arkansas, but you will be traveling east along Interstate 40 to reach Nashville, Tennessee, this evening. You are shown this forecast:",,0,none,FALSE,rand_otlk_loc = little_to_nash,"Scenario text, not a question. Repeated on the following page with Remember in place of Imagine",WX24,FALSE
WX,rand_otlk_format,randomization,,,rand_otlk_static | rand_otlk_interactive,2,randomization,FALSE,,Selects whether the Convective Outlook graphic is shown as a static image or an interactive one,WX24,FALSE
WX,rand_otlk_cern,question,,How concerned would you be if you were to get this forecast?,1 = Not at all concerned | 2 = Not very concerned | 3 = Somewhat concerned | 4 = Very concerned | 5 = Extremely concerned,5,concern_5,FALSE,,,WX24,FALSE
WX,rand_otlk_point_risk,question,,What level of risk does the outlook forecast for your area today?,1 = No Risk | 2 = Thunderstorms | 3 = Marginal Risk | 4 = Slight Risk | 5 = Enhanced Risk | 6 = Moderate Risk | 7 = High Risk,7,categorical,FALSE,rand_otlk_loc = st_louis or memphis,,WX24,FALSE
WX,rand_otlk_point_plan,question,,Would you change your plans for today if you were to receive this forecast?,1 = Definitely no | 2 = Probably no | 3 = Not sure | 4 = Probably yes | 5 = Definitely yes,5,certainty_5,FALSE,rand_otlk_loc = st_louis or memphis,,WX24,FALSE
WX,rand_otlk_drive_risk,question,,What is the highest level of risk that the outlook forecasts for your route on the interstate today?,1 = No Risk | 2 = Thunderstorms | 3 = Marginal Risk | 4 = Slight Risk | 5 = Enhanced Risk | 6 = Moderate Risk | 7 = High Risk,7,categorical,FALSE,rand_otlk_loc = indy_to_okc or little_to_nash,,WX24,FALSE
WX,rand_otlk_drive_plan,question,,Would you change your plans for today if you were to receive this forecast?,1 = Definitely no | 2 = Probably no | 3 = Not sure | 4 = Probably yes | 5 = Definitely yes,5,certainty_5,FALSE,rand_otlk_loc = indy_to_okc or little_to_nash,,WX24,FALSE
WX,rand_otlk_und,question,Here is the same forecast graphic again.,How well do you understand the information presented in this graphic?,1 = Not at all well | 2 = Slightly well | 3 = Moderately well | 4 = Very well | 5 = Extremely well,5,understanding_5,FALSE,,,WX24,FALSE
WX,rand_otlk_help,question,Here is the same forecast graphic again.,How helpful is the information presented in this graphic?,1 = Not at all helpful | 2 = Slightly helpful | 3 = Moderately helpful | 4 = Very helpful | 5 = Extremely helpful,5,helpfulness_5,FALSE,,,WX24,FALSE
WX,rand_otlk_use,question,Here is the same forecast graphic again.,"If you encountered a similar situation in the future, how likely would you be to use a graphic like this?",1 = Not at all likely | 2 = Slightly likely | 3 = Moderately likely | 4 = Very likely | 5 = Extremely likely,5,likelihood_slightly_5,FALSE,,,WX24,FALSE
WX,exf_access,question,,"How often do you use extended-range severe weather forecasts that predict tornado, hail, and thunderstorm wind threats 3-7 days in advance?",1 = Never | 2 = Rarely | 3 = Occasionally | 4 = Regularly | 5 = Frequently,5,frequency_5,FALSE,exf_aware = 1,,WX24,FALSE
WX,exf_use,question,,"For what purposes do you use extended-range severe weather forecasts that predict tornado, hail, and thunderstorm wind threats 3-7 days in advance (e.g., planning outdoor activities, agriculture, travel)?",,0,open_text,FALSE,exf_access > 2,VERBATIM,WX24,FALSE
WX,exf_trust,question,,"How much trust do you place in the accuracy of extended-range severe weather forecasts that predict tornado, hail, and thunderstorm wind threats 3-7 days in advance?",1 = No trust | 2 = Low trust | 3 = Moderate trust | 4 = High trust | 5 = Complete trust,5,trust_5,FALSE,exf_access > 2,,WX24,FALSE
WX,exf_reliable,question,,"Have you found extended-range severe weather forecasts that predict tornado, hail, and thunderstorm wind threats 3-7 days in advance to be reliable in your experience?",1 = Definitely no | 2 = Probably no | 3 = Unsure | 4 = Probably yes | 5 = Definitely yes,5,certainty_5,FALSE,exf_access > 2,Middle option reads Unsure rather than Not sure,WX24,FALSE
WX,exf_detail,question,,"Do you feel that extended-range severe weather forecasts that predict tornado, hail, and thunderstorm wind threats 3-7 days in advance provide enough detail and specificity for your needs?",1 = Definitely no | 2 = Probably no | 3 = Unsure | 4 = Probably yes | 5 = Definitely yes,5,certainty_5,FALSE,exf_access > 2,Middle option reads Unsure rather than Not sure,WX24,FALSE
WX,exf_access_no_inacc,checkbox_item,"You indicated that you never or rarely access extended-range severe weather forecasts that predict tornado, hail, and thunderstorm wind threats 3-7 days in advance. Can you tell us why? Please select all that apply.",I believe these forecasts are too inaccurate or unreliable,0 = Not selected | 1 = Selected,2,checkbox,FALSE,exf_access < 3,,WX24,FALSE
WX,exf_access_no_rel,checkbox_item,"You indicated that you never or rarely access extended-range severe weather forecasts that predict tornado, hail, and thunderstorm wind threats 3-7 days in advance. Can you tell us why? Please select all that apply.",These forecasts are not relevant to my daily life or activities,0 = Not selected | 1 = Selected,2,checkbox,FALSE,exf_access < 3,,WX24,FALSE
WX,exf_access_no_fnd,checkbox_item,"You indicated that you never or rarely access extended-range severe weather forecasts that predict tornado, hail, and thunderstorm wind threats 3-7 days in advance. Can you tell us why? Please select all that apply.",I don't know where to find these forecasts,0 = Not selected | 1 = Selected,2,checkbox,FALSE,exf_access < 3,Instrument omits the space after the colon in this line,WX24,FALSE
WX,exf_access_no_int,checkbox_item,"You indicated that you never or rarely access extended-range severe weather forecasts that predict tornado, hail, and thunderstorm wind threats 3-7 days in advance. Can you tell us why? Please select all that apply.",I find it hard to interpret what these forecasts mean for my specific location or needs,0 = Not selected | 1 = Selected,2,checkbox,FALSE,exf_access < 3,,WX24,FALSE
WX,exf_access_no_oth,checkbox_item,"You indicated that you never or rarely access extended-range severe weather forecasts that predict tornado, hail, and thunderstorm wind threats 3-7 days in advance. Can you tell us why? Please select all that apply.",Other (please specify),0 = Not selected | 1 = Selected,2,checkbox,FALSE,exf_access < 3,,WX24,FALSE
WX,exf_access_no_oth_spec,verbatim_followup,"You indicated that you never or rarely access extended-range severe weather forecasts that predict tornado, hail, and thunderstorm wind threats 3-7 days in advance. Can you tell us why? Please select all that apply.",,,0,open_text,FALSE,exf_access_no_oth = 1,VERBATIM,WX24,FALSE
WX,exf_ex_loc,randomization,,,Location A | Location B | Location C,3,randomization,FALSE,,Location inserted into the extended-range outlook scenario,WX24,FALSE
WX,exf_ex_day,randomization,,,3 days (Tuesday) | 5 days (Thursday) | 7 days (next Saturday),3,randomization,FALSE,,Lead time inserted into the extended-range outlook scenario,WX24,FALSE
WX,exf_ex_see,question,Imagine it is a Saturday morning at 8:00AM and you are currently located at [exf_ex_loc] and you see this severe weather forecast for [exf_ex_day] from today.,Have you previously encountered a forecast similar to the one shown above?,0 = No | 1 = Yes | 2 = Not sure,3,yes_no_unsure,FALSE,,,WX24,FALSE
WX,exf_ex_risk,question,Imagine it is a Saturday morning at 8:00AM and you are currently located at [exf_ex_loc] and you see this severe weather forecast for [exf_ex_day] from today.,How concerned would you be at [exf_ex_loc] if you were to get this forecast for [exf_ex_day] in the future?,1 = Not at all concerned | 2 = Not very concerned | 3 = Somewhat concerned | 4 = Very concerned | 5 = Extremely concerned,5,concern_5,FALSE,,,WX24,FALSE
WX,exf_resp,question,Imagine it is a Saturday morning at 8:00AM and you are currently located at [exf_ex_loc] and you see this severe weather forecast for [exf_ex_day] from today.,How likely is it that you would begin altering plans and/or making decisions based on your chance of severe weather at [exf_ex_loc] in [exf_ex_day]?,1 = Not at all likely | 2 = Slightly likely | 3 = Moderately likely | 4 = Very likely | 5 = Extremely likely,5,likelihood_slightly_5,FALSE,,,WX24,FALSE
WX,ex_int_obj,question,,"Based on this forecast, would you say that [exf_ex_loc] is...",1 = Not at all likely to experience severe weather in [exf_ex_day] | 2 = Slightly likely to experience severe weather in [exf_ex_day] | 3 = Moderately likely to experience severe weather in [exf_ex_day] | 4 = Very likely to experience severe weather in [exf_ex_day] | 5 = Extremely likely to experience severe weather in [exf_ex_day],5,likelihood_slightly_5,FALSE,,,WX24,FALSE
WX,exf_ex_monitor,question,,How likely would you be to continue monitoring the weather forecast over the next [exf_ex_loc] after seeing this forecast?,1 = Very unlikely | 2 = Unlikely | 3 = Neutral | 4 = Likely | 5 = Very likely,5,likelihood_5,FALSE,,Question inserts exf_ex_loc where a time period is expected; likely an instrument error,WX24,FALSE
WX,exf_ex_conf,question,,How confident are you in your ability to understand the information presented in this type of forecast?,1 = Not at all confident | 2 = Slightly confident | 3 = Moderately confident | 4 = Very confident | 5 = Extremely confident,5,confidence_slightly_5,FALSE,,,WX24,FALSE
WX,exf_ex_use,question,,How likely are you to use a forecast like this for making decisions about severe weather risks in the future?,1 = I am not at all likely to use it | 2 = I am not very likely to use it | 3 = I am unsure if I would use it | 4 = I am very likely to use it | 5 = I am extremely likely to use it,5,use_likelihood_5,FALSE,,,WX24,FALSE
WX,exf_int_no_conf,question,,You indicated that you are not confident in your ability to understand this kind of forecast. Can you tell us what aspects of the forecast or graphic are most confusing?,,0,open_text,FALSE,exf_ex_conf < 3,VERBATIM,WX24,FALSE
WX,exf_use_no,question,,You indicated that you are unlikely or not very likely to use forecasts like this for making future decisions. Can you tell us why? Please select all that apply.,,0,checkbox_parent,FALSE,exf_ex_use < 3,Parent of the exf_use_no_* checkbox items,WX24,FALSE
WX,exf_use_no_rel,checkbox_item,You indicated that you are unlikely or not very likely to use forecasts like this for making future decisions. Can you tell us why? Please select all that apply.,These forecasts are not relevant to my daily life or activities,0 = Not selected | 1 = Selected,2,checkbox,FALSE,exf_ex_use < 3,,WX24,FALSE
WX,exf_use_no_inacc,checkbox_item,You indicated that you are unlikely or not very likely to use forecasts like this for making future decisions. Can you tell us why? Please select all that apply.,I believe these forecasts are too inaccurate or unreliable,0 = Not selected | 1 = Selected,2,checkbox,FALSE,exf_ex_use < 3,,WX24,FALSE
WX,exf_use_no_fnd,checkbox_item,You indicated that you are unlikely or not very likely to use forecasts like this for making future decisions. Can you tell us why? Please select all that apply.,I don't know where to find these forecasts,0 = Not selected | 1 = Selected,2,checkbox,FALSE,exf_ex_use < 3,,WX24,FALSE
WX,exf_use_no_int,checkbox_item,You indicated that you are unlikely or not very likely to use forecasts like this for making future decisions. Can you tell us why? Please select all that apply.,I find it hard to interpret what these forecasts mean for my specific location or needs,0 = Not selected | 1 = Selected,2,checkbox,FALSE,exf_ex_use < 3,,WX24,FALSE
WX,exf_use_no_oth,checkbox_item,You indicated that you are unlikely or not very likely to use forecasts like this for making future decisions. Can you tell us why? Please select all that apply.,Other (please specify),0 = Not selected | 1 = Selected,2,checkbox,FALSE,exf_ex_use < 3,,WX24,FALSE
WX,exf_use_no_oth_spec,verbatim_followup,You indicated that you are unlikely or not very likely to use forecasts like this for making future decisions. Can you tell us why? Please select all that apply.,,,0,open_text,FALSE,exf_use_no_oth = 1,VERBATIM,WX24,FALSE
WX,timing_aware,question,"We have a few more questions about severe weather timing forecasts. These forecasts are meant to provide more details about when severe weather and tornadoes will occur. For example, a forecast may indicate that the probability of tornadoes starts to increase at 1:00 PM, peaks at 5:00 PM, and then decreases after 8:00 PM.","Before reading this information, were you aware that forecasts predicting the timing of severe weather and tornadoes are available?",0 = No | 1 = Yes | 2 = Not sure,3,yes_no_unsure,FALSE,,,WX24,FALSE
WX,timing_see,question,"Here is an example of a severe weather timing forecast from the National Weather Service for March 31st in Memphis, Tennessee.",Have you previously encountered a forecast similar to the one shown above?,0 = No | 1 = Yes | 2 = Not sure,3,yes_no_unsure,FALSE,,,WX24,FALSE
WX,timing_int_sub,question,"Here is an example of a severe weather timing forecast from the National Weather Service for March 31st in Memphis, Tennessee.",How confident are you in your ability to understand the information presented in this type of forecast?,1 = Not at all confident | 2 = Slightly confident | 3 = Moderately confident | 4 = Very confident | 5 = Extremely confident,5,confidence_slightly_5,FALSE,,,WX24,FALSE
WX,timing_start_obj,question,"Here is an example of a severe weather timing forecast from the National Weather Service for March 31st in Memphis, Tennessee.","Based on this forecast, when do you think the severe weather would begin in Memphis?",,0,dropdown,FALSE,,time dropdown,WX24,FALSE
WX,timing_like_obj,question,"Here is an example of a severe weather timing forecast from the National Weather Service for March 31st in Memphis, Tennessee.","Based on this forecast, when do you think the severe weather is most likely in Memphis?",,0,dropdown,FALSE,,time dropdown,WX24,FALSE
WX,timing_end_obj,question,"Here is an example of a severe weather timing forecast from the National Weather Service for March 31st in Memphis, Tennessee.","Based on this forecast, when do you think the severe weather would end in Memphis?",,0,dropdown,FALSE,,time dropdown,WX24,FALSE
WX,timing_use,question,,How likely are you to use a forecast like this for making future decisions?,1 = I am not at all likely to use it | 2 = I am not very likely to use it | 3 = I am unsure if I would use it | 4 = I am very likely to use it | 5 = I am extremely likely to use it,5,use_likelihood_5,FALSE,,,WX24,FALSE
WX,timing_int_no_why,question,,You indicated that you are not confident in your ability to understand this type of forecast. Can you tell us what aspects of the forecast or graphic are most confusing?,,0,open_text,FALSE,timing_int_sub < 3,VERBATIM,WX24,FALSE
WX,timing_use_no_fnd,checkbox_item,You indicated that are unlikely or not very likely to use forecasts like this for making future decisions. Can you tell us why? Please select all that apply.,I don't know where to find forecasts like this.,0 = Not selected | 1 = Selected,2,checkbox,FALSE,timing_use < 3,,WX24,FALSE
WX,timine_use_no_info,checkbox_item,You indicated that are unlikely or not very likely to use forecasts like this for making future decisions. Can you tell us why? Please select all that apply.,This forecast doesn't have all of the information I need.,0 = Not selected | 1 = Selected,2,checkbox,FALSE,timing_use < 3,Variable name is misspelled as timine_ in the instrument,WX24,FALSE
WX,timing_use_no_inacc,checkbox_item,You indicated that are unlikely or not very likely to use forecasts like this for making future decisions. Can you tell us why? Please select all that apply.,I believe forecasts like this are too inaccurate or unreliable.,0 = Not selected | 1 = Selected,2,checkbox,FALSE,timing_use < 3,,WX24,FALSE
WX,timing_use_no_rel,checkbox_item,You indicated that are unlikely or not very likely to use forecasts like this for making future decisions. Can you tell us why? Please select all that apply.,Forecasts like this are not relevant to my daily life or activities.,0 = Not selected | 1 = Selected,2,checkbox,FALSE,timing_use < 3,,WX24,FALSE
WX,timing_use_no_int,checkbox_item,You indicated that are unlikely or not very likely to use forecasts like this for making future decisions. Can you tell us why? Please select all that apply.,I find it hard to interpret forecasts like this.,0 = Not selected | 1 = Selected,2,checkbox,FALSE,timing_use < 3,,WX24,FALSE
WX,timing_use_no_oth,checkbox_item,You indicated that are unlikely or not very likely to use forecasts like this for making future decisions. Can you tell us why? Please select all that apply.,Other (please specify),0 = Not selected | 1 = Selected,2,checkbox,FALSE,timing_use < 3,,WX24,FALSE
WX,timing_use_oth_spec,verbatim_followup,You indicated that are unlikely or not very likely to use forecasts like this for making future decisions. Can you tell us why? Please select all that apply.,,,0,open_text,FALSE,timing_use_no_oth = 1,VERBATIM,WX24,FALSE
WX,rq_1,question,The survey is nearly complete. We have just a few more questions.,Does your local government have an emergency or disaster plan for your community?,0 = No | 1 = Yes | 2 = Not sure,3,yes_no_unsure,FALSE,,RANDOM ORDER IN TABLE,WX24,FALSE
WX,rq_2,question,The survey is nearly complete. We have just a few more questions.,Do you know how to find the emergency broadcasting channel on the radio?,0 = No | 1 = Yes | 2 = Not sure,3,yes_no_unsure,FALSE,,RANDOM ORDER IN TABLE,WX24,FALSE
WX,rq_3,question,The survey is nearly complete. We have just a few more questions.,"In the past 30 days, have you seen or heard any messages that encourage people to take steps to be prepared for emergency situations in your community?",0 = No | 1 = Yes | 2 = Not sure,3,yes_no_unsure,FALSE,,RANDOM ORDER IN TABLE,WX24,FALSE
WX,rq_4,question,The survey is nearly complete. We have just a few more questions.,"In the last year, have you prepared a Disaster Supply Kit with emergency supplies like water, food and medicine that is kept in a designated place in your home?",0 = No | 1 = Yes | 2 = Not sure,3,yes_no_unsure,FALSE,,RANDOM ORDER IN TABLE,WX24,FALSE
WX,rq_5,question,The survey is nearly complete. We have just a few more questions.,"In the last year, have you prepared a small kit with emergency supplies that you keep at home, in your car or where you work to take with you if you had to leave quickly?",0 = No | 1 = Yes | 2 = Not sure,3,yes_no_unsure,FALSE,,RANDOM ORDER IN TABLE,WX24,FALSE
WX,rq_6,question,The survey is nearly complete. We have just a few more questions.,"In the last year, have you made a specific plan for how you and your family would communicate in an emergency situation if you were separated?",0 = No | 1 = Yes | 2 = Not sure,3,yes_no_unsure,FALSE,,RANDOM ORDER IN TABLE,WX24,FALSE
WX,rq_7,question,The survey is nearly complete. We have just a few more questions.,"In the last year, have you established a specific meeting place to reunite in the event you and your family cannot return home or are evacuated?",0 = No | 1 = Yes | 2 = Not sure,3,yes_no_unsure,FALSE,,RANDOM ORDER IN TABLE,WX24,FALSE
WX,rq_8,question,The survey is nearly complete. We have just a few more questions.,"In the last year, have you practiced or drilled on what to do in an emergency at home?",0 = No | 1 = Yes | 2 = Not sure,3,yes_no_unsure,FALSE,,RANDOM ORDER IN TABLE,WX24,FALSE
WX,rq_9,question,The survey is nearly complete. We have just a few more questions.,"In the last year, have you volunteered to help prepare for or respond to a major emergency?",0 = No | 1 = Yes | 2 = Not sure,3,yes_no_unsure,FALSE,,RANDOM ORDER IN TABLE,WX24,FALSE
WX,rq_10,question,The survey is nearly complete. We have just a few more questions.,Have you taken first aid training such as CPR in the past five years?,0 = No | 1 = Yes | 2 = Not sure,3,yes_no_unsure,FALSE,,RANDOM ORDER IN TABLE,WX24,FALSE
WX,p_id,dataset_field,,A unique identifier for each respondent.,,0,none,FALSE,,Codebook appendix; not asked of respondents,WX24,FALSE
WX,start_date,dataset_field,,The date and time a respondent started the survey. Time is listed in UTC.,,0,none,FALSE,,Codebook appendix; not asked of respondents,WX24,FALSE
WX,end_date,dataset_field,,The date and time a respondent finished the survey. Time is listed in UTC.,,0,none,FALSE,,Codebook appendix; not asked of respondents,WX24,FALSE
WX,time_taken,dataset_field,,"The time taken to complete the survey in minutes, calculated by subtracting start_date from end_date.",,0,none,FALSE,,Codebook appendix; not asked of respondents,WX24,FALSE
WX,nws_region,dataset_field,,The NWS region the respondent falls under. This should be the same as NWS_REGION.,,0,none,FALSE,,Codebook appendix; not asked of respondents,WX24,FALSE
WX,old_weight,dataset_field,,"The survey weight calculated using cell-based weighting, used by IPPRA prior to 2025.",,0,none,FALSE,,Codebook appendix; not asked of respondents,WX24,FALSE
WX,lat,dataset_field,,"The latitude of the respondent, calculated using their zip code.",,0,none,FALSE,,Codebook appendix; not asked of respondents,WX24,FALSE
WX,lon,dataset_field,,"The longitude of the respondent, calculated using their zip code.",,0,none,FALSE,,Codebook appendix; not asked of respondents,WX24,FALSE
WX,FIPS,dataset_field,,"A code based on the respondent's state and county, derived from their zip code.",,0,none,FALSE,,Codebook appendix; not asked of respondents,WX24,FALSE
WX,CWA,dataset_field,,"The NWS county warning area the respondent lives in, derived from their zip code.",,0,none,FALSE,,Codebook appendix; not asked of respondents,WX24,FALSE
WX,AGE_GROUP,dataset_field,,The age group the respondent falls within. Groups are set up to match the American Community Survey benchmarks. This is used in the iterative proportional fitting weighting process.,,0,none,FALSE,,Codebook appendix; not asked of respondents,WX24,FALSE
WX,EDUC_GROUP,dataset_field,,The education group the respondent falls within. Groups are set up to match the American Community Survey benchmarks. This is used in the iterative proportional fitting weighting process.,,0,none,FALSE,,Codebook appendix; not asked of respondents,WX24,FALSE
WX,GENDER_GROUP,dataset_field,,The gender group the respondent falls within. Groups are set up to match the American Community Survey benchmarks. This is used in the iterative proportional fitting weighting process.,,0,none,FALSE,,Codebook appendix; not asked of respondents,WX24,FALSE
WX,INCOME_GROUP,dataset_field,,The income group the respondent falls within. Groups are set up to match the American Community Survey benchmarks. This is used in the iterative proportional fitting weighting process.,,0,none,FALSE,,Codebook appendix; not asked of respondents,WX24,FALSE
WX,RACE_GROUP,dataset_field,,The race group the respondent falls within. Groups are set up to match the American Community Survey benchmarks. This is used in the iterative proportional fitting weighting process.,,0,none,FALSE,,Codebook appendix; not asked of respondents,WX24,FALSE
WX,NWS_REGION,dataset_field,,"The NWS region the respondent falls within, matching nws_region. Groups are set up to match the American Community Survey benchmarks. This is used in the iterative proportional fitting weighting process.",,0,none,FALSE,,Codebook appendix; not asked of respondents,WX24,FALSE
WX,PERSON_WEIGHT,dataset_field,,A weight for each respondent calculated using the American Community Survey benchmarks for the prior year and the derived variables as listed above.,,0,none,FALSE,,Codebook appendix; not asked of respondents,WX24,FALSE
