hazard,variable,question,keywords,response_scale,response_options,n_options,experimental,graphic_shown
Severe Weather (WX),follow,Now we have some basic questions about the weather. How much do you agree or disagree with the following statements? I follow the weather very closely.,engagement,agree_5,1 = Strongly disagree | 2 = Disagree | 3 = Neither disagree nor agree | 4 = Agree | 5 = Strongly agree,5,FALSE,FALSE
Severe Weather (WX),plan_around,Now we have some basic questions about the weather. How much do you agree or disagree with the following statements? I plan my daily routine around the weather.,engagement,agree_5,1 = Strongly disagree | 2 = Disagree | 3 = Neither disagree nor agree | 4 = Agree | 5 = Strongly agree,5,FALSE,FALSE
Severe Weather (WX),und_weather,"Now we have some basic questions about the weather. How much do you agree or disagree with the following statements? I don't understand what causes extreme weather events like thunderstorms, tornadoes, and hurricanes.",engagement|comprehension,agree_5,1 = Strongly disagree | 2 = Disagree | 3 = Neither disagree nor agree | 4 = Agree | 5 = Strongly agree,5,FALSE,FALSE
Severe Weather (WX),wthr_info_paper,How frequently do you get information about the weather from each of the following sources? Newspapers,channels,frequency_6,1 = Never | 2 = Less than once per week | 3 = About once per week | 4 = Several times per week | 5 = About once a day | 6 = Several times a day,6,FALSE,FALSE
Severe Weather (WX),wthr_info_web,How frequently do you get information about the weather from each of the following sources? Non-government Internet websites (such as weather.com),channels,frequency_6,1 = Never | 2 = Less than once per week | 3 = About once per week | 4 = Several times per week | 5 = About once a day | 6 = Several times a day,6,FALSE,FALSE
Severe Weather (WX),wthr_info_govweb,How frequently do you get information about the weather from each of the following sources? Government Internet websites (such as noaa.gov),channels,frequency_6,1 = Never | 2 = Less than once per week | 3 = About once per week | 4 = Several times per week | 5 = About once a day | 6 = Several times a day,6,FALSE,FALSE
Severe Weather (WX),wthr_info_loctv,How frequently do you get information about the weather from each of the following sources? Local TV (television) news,channels,frequency_6,1 = Never | 2 = Less than once per week | 3 = About once per week | 4 = Several times per week | 5 = About once a day | 6 = Several times a day,6,FALSE,FALSE
Severe Weather (WX),wthr_info_cabtv,How frequently do you get information about the weather from each of the following sources? Cable TV (television) news (such as The Weather Channel),channels,frequency_6,1 = Never | 2 = Less than once per week | 3 = About once per week | 4 = Several times per week | 5 = About once a day | 6 = Several times a day,6,FALSE,FALSE
Severe Weather (WX),wthr_info_radio,How frequently do you get information about the weather from each of the following sources? Radio,channels,frequency_6,1 = Never | 2 = Less than once per week | 3 = About once per week | 4 = Several times per week | 5 = About once a day | 6 = Several times a day,6,FALSE,FALSE
Severe Weather (WX),wthr_info_fam,"How frequently do you get information about the weather from each of the following sources? Family, friends or colleagues",channels,frequency_6,1 = Never | 2 = Less than once per week | 3 = About once per week | 4 = Several times per week | 5 = About once a day | 6 = Several times a day,6,FALSE,FALSE
Severe Weather (WX),wthr_info_soc,"How frequently do you get information about the weather from each of the following sources? Social Media, such as Facebook and Twitter",channels,frequency_6,1 = Never | 2 = Less than once per week | 3 = About once per week | 4 = Several times per week | 5 = About once a day | 6 = Several times a day,6,FALSE,FALSE
Severe Weather (WX),wthr_info_phone,How frequently do you get information about the weather from each of the following sources? Cell phone applications or automated text messages,channels,frequency_6,1 = Never | 2 = Less than once per week | 3 = About once per week | 4 = Several times per week | 5 = About once a day | 6 = Several times a day,6,FALSE,FALSE
Severe Weather (WX),risk_hail,"Thinking about all four seasons (winter, summer, spring, and fall), how do you rate the risk of the following extreme weather events to you and the people in your area? Hail",risk_perception,risk_5,1 = No risk | 2 = Low risk | 3 = Moderate risk | 4 = High risk | 5 = Extreme risk,5,FALSE,FALSE
Severe Weather (WX),risk_wind,"Thinking about all four seasons (winter, summer, spring, and fall), how do you rate the risk of the following extreme weather events to you and the people in your area? High winds",risk_perception,risk_5,1 = No risk | 2 = Low risk | 3 = Moderate risk | 4 = High risk | 5 = Extreme risk,5,FALSE,FALSE
Severe Weather (WX),risk_heat,"Thinking about all four seasons (winter, summer, spring, and fall), how do you rate the risk of the following extreme weather events to you and the people in your area? Extreme heat",risk_perception,risk_5,1 = No risk | 2 = Low risk | 3 = Moderate risk | 4 = High risk | 5 = Extreme risk,5,FALSE,FALSE
Severe Weather (WX),risk_rain,"Thinking about all four seasons (winter, summer, spring, and fall), how do you rate the risk of the following extreme weather events to you and the people in your area? Excessive rain",risk_perception,risk_5,1 = No risk | 2 = Low risk | 3 = Moderate risk | 4 = High risk | 5 = Extreme risk,5,FALSE,FALSE
Severe Weather (WX),risk_drought,"Thinking about all four seasons (winter, summer, spring, and fall), how do you rate the risk of the following extreme weather events to you and the people in your area? Drought",risk_perception,risk_5,1 = No risk | 2 = Low risk | 3 = Moderate risk | 4 = High risk | 5 = Extreme risk,5,FALSE,FALSE
Severe Weather (WX),risk_cold,"Thinking about all four seasons (winter, summer, spring, and fall), how do you rate the risk of the following extreme weather events to you and the people in your area? Extreme cold",risk_perception,risk_5,1 = No risk | 2 = Low risk | 3 = Moderate risk | 4 = High risk | 5 = Extreme risk,5,FALSE,FALSE
Severe Weather (WX),risk_snow,"Thinking about all four seasons (winter, summer, spring, and fall), how do you rate the risk of the following extreme weather events to you and the people in your area? Snow",risk_perception,risk_5,1 = No risk | 2 = Low risk | 3 = Moderate risk | 4 = High risk | 5 = Extreme risk,5,FALSE,FALSE
Severe Weather (WX),risk_ice,"Thinking about all four seasons (winter, summer, spring, and fall), how do you rate the risk of the following extreme weather events to you and the people in your area? Ice or freezing rain",risk_perception,risk_5,1 = No risk | 2 = Low risk | 3 = Moderate risk | 4 = High risk | 5 = Extreme risk,5,FALSE,FALSE
Severe Weather (WX),risk_tor,"Thinking about all four seasons (winter, summer, spring, and fall), how do you rate the risk of the following extreme weather events to you and the people in your area? Tornadoes",risk_perception,risk_5,1 = No risk | 2 = Low risk | 3 = Moderate risk | 4 = High risk | 5 = Extreme risk,5,FALSE,FALSE
Severe Weather (WX),risk_flood,"Thinking about all four seasons (winter, summer, spring, and fall), how do you rate the risk of the following extreme weather events to you and the people in your area? Floods",risk_perception,risk_5,1 = No risk | 2 = Low risk | 3 = Moderate risk | 4 = High risk | 5 = Extreme risk,5,FALSE,FALSE
Severe Weather (WX),risk_hur,"Thinking about all four seasons (winter, summer, spring, and fall), how do you rate the risk of the following extreme weather events to you and the people in your area? Hurricanes",risk_perception,risk_5,1 = No risk | 2 = Low risk | 3 = Moderate risk | 4 = High risk | 5 = Extreme risk,5,FALSE,FALSE
Severe Weather (WX),risk_fire,"Thinking about all four seasons (winter, summer, spring, and fall), how do you rate the risk of the following extreme weather events to you and the people in your area? Wildfires",risk_perception,risk_5,1 = No risk | 2 = Low risk | 3 = Moderate risk | 4 = High risk | 5 = Extreme risk,5,FALSE,FALSE
Severe Weather (WX),risk_surge,"Thinking about all four seasons (winter, summer, spring, and fall), how do you rate the risk of the following extreme weather events to you and the people in your area? Storm surge",risk_perception,risk_5,1 = No risk | 2 = Low risk | 3 = Moderate risk | 4 = High risk | 5 = Extreme risk,5,FALSE,FALSE
Severe Weather (WX),alert_und,"Now we have some questions about the National Weather Service (NWS), an agency of the United States government that issues weather forecasts and different kinds of alerts to the public about hazardous weather, including severe weather watches and warnings. In general, do you understand the difference between watches and warnings?",comprehension,certainty_5,1 = Definitely no | 2 = Probably no | 3 = Not sure | 4 = Probably yes | 5 = Definitely yes,5,FALSE,FALSE
Severe Weather (WX),torwatch,"To the best of your knowledge, is the following alert considered a tornado watch or a warning? This alert is issued when severe thunderstorms and tornadoes are possible in and near the area. It does not mean that they will occur. It only means they are possible.",comprehension,categorical,1 = Tornado WATCH | 2 = Tornado WARNING | 3 = Don't know,3,FALSE,FALSE
Severe Weather (WX),torwarn,"To the best of your knowledge, is the following alert considered a tornado watch or a warning? This alert is used when a tornado is imminent. When this alert is issued, seek safe shelter immediately.",comprehension,categorical,1 = Tornado WATCH | 2 = Tornado WARNING | 3 = Don't know,3,FALSE,FALSE
Severe Weather (WX),warn_time,"If the National Weather Service issues a tornado WARNING for your area, how much time do you have before the tornado arrives?",comprehension,categorical,1 = less than 1 hour | 2 = 1 to 24 hours | 3 = 1 to 3 days | 4 = more than 3 days,4,FALSE,FALSE
Severe Weather (WX),warn_size,Approximately how large is the area included in an average tornado WARNING?,comprehension,categorical,1 = around the size of a city | 2 = around the size of a county | 3 = around the size of multiple counties | 4 = around the size of a state | 5 = around the size of multiple states,5,FALSE,FALSE
Severe Weather (WX),watch_time,"If the National Weather Service issues a tornado WATCH for your area, how much time do you have before the tornado arrives?",comprehension,categorical,1 = less than 1 hour | 2 = 1 to 24 hours | 3 = 1 to 3 days | 4 = more than 3 days,4,FALSE,FALSE
Severe Weather (WX),watch_size,Approximately how large is the area included in an average tornado WATCH?,comprehension,categorical,1 = around the size of a city | 2 = around the size of a county | 3 = around the size of multiple counties | 4 = around the size of a state | 5 = around the size of multiple states,5,FALSE,FALSE
Severe Weather (WX),tor_watchwarn_und,How would you rate your understanding of tornado watches and warnings?,comprehension,quality_5,1 = Poor | 2 = Fair | 3 = Good | 4 = Very good | 5 = Excellent,5,FALSE,FALSE
Severe Weather (WX),tor_map_und,"Forecasters, websites, and phone applications often use maps to display tornado watches and warnings. How would you rate your understanding of maps?",comprehension|graphics,quality_5,1 = Poor | 2 = Fair | 3 = Good | 4 = Very good | 5 = Excellent,5,FALSE,FALSE
Severe Weather (WX),tor_radar_und,"Forecasters, websites, and phone applications also use radar images to communicate tornado risk. How would you rate your understanding of radar images?",comprehension|graphics,quality_5,1 = Poor | 2 = Fair | 3 = Good | 4 = Very good | 5 = Excellent,5,FALSE,FALSE
Severe Weather (WX),svr_watchwarn_und,How would you rate your understanding of severe thunderstorm WATCHES and WARNINGS?,comprehension,quality_5,1 = Poor | 2 = Fair | 3 = Good | 4 = Very good | 5 = Excellent,5,FALSE,FALSE
Severe Weather (WX),rec_all,Please tell us how strongly you agree with the following statements about tornado WARNINGS: I receive all tornado warnings that are issued for my area.,reception,agree_5,1 = Strongly disagree | 2 = Disagree | 3 = Neither disagree nor agree | 4 = Agree | 5 = Strongly agree,5,FALSE,FALSE
Severe Weather (WX),rec_most,Please tell us how strongly you agree with the following statements about tornado WARNINGS: I receive most tornado warnings that are issued for my area.,reception,agree_5,1 = Strongly disagree | 2 = Disagree | 3 = Neither disagree nor agree | 4 = Agree | 5 = Strongly agree,5,FALSE,FALSE
Severe Weather (WX),rec_soon,Please tell us how strongly you agree with the following statements about tornado WARNINGS: I receive tornado warnings as soon as they are issued for my area.,reception,agree_5,1 = Strongly disagree | 2 = Disagree | 3 = Neither disagree nor agree | 4 = Agree | 5 = Strongly agree,5,FALSE,FALSE
Severe Weather (WX),rec_miss,Please tell us how strongly you agree with the following statements about tornado WARNINGS: Sometimes I miss tornado warnings that are issued for my area.,reception,agree_5,1 = Strongly disagree | 2 = Disagree | 3 = Neither disagree nor agree | 4 = Agree | 5 = Strongly agree,5,FALSE,FALSE
Severe Weather (WX),rec_area,Please tell us how strongly you agree with the following statements about tornado WARNINGS: Sometimes I am not sure if a tornado warning is for my area or a different area.,reception,agree_5,1 = Strongly disagree | 2 = Disagree | 3 = Neither disagree nor agree | 4 = Agree | 5 = Strongly agree,5,FALSE,FALSE
Severe Weather (WX),rec_time,Please tell us how strongly you agree with the following statements about tornado WARNINGS: Sometimes I am not sure what time tornado warnings begin and end for my area.,reception,agree_5,1 = Strongly disagree | 2 = Disagree | 3 = Neither disagree nor agree | 4 = Agree | 5 = Strongly agree,5,FALSE,FALSE
Severe Weather (WX),rec_sleep,"Sometimes people miss tornado WARNINGS because they are doing something that makes it difficult to pay attention to the weather. For example, people often miss tornado warnings when they are sleeping. How confident are you that you would receive tornado warnings in the following situations? If you are sleeping?",reception,confidence_5,1 = Not at all confident | 2 = Not very confident | 3 = Somewhat confident | 4 = Very confident | 5 = Extremely confident,5,FALSE,FALSE
Severe Weather (WX),rec_driving,"Sometimes people miss tornado WARNINGS because they are doing something that makes it difficult to pay attention to the weather. For example, people often miss tornado warnings when they are sleeping. How confident are you that you would receive tornado warnings in the following situations? If you are in a car?",reception,confidence_5,1 = Not at all confident | 2 = Not very confident | 3 = Somewhat confident | 4 = Very confident | 5 = Extremely confident,5,FALSE,FALSE
Severe Weather (WX),rec_work,"Sometimes people miss tornado WARNINGS because they are doing something that makes it difficult to pay attention to the weather. For example, people often miss tornado warnings when they are sleeping. How confident are you that you would receive tornado warnings in the following situations? If you are at work or school?",reception,confidence_5,1 = Not at all confident | 2 = Not very confident | 3 = Somewhat confident | 4 = Very confident | 5 = Extremely confident,5,FALSE,FALSE
Severe Weather (WX),rec_store,"Sometimes people miss tornado WARNINGS because they are doing something that makes it difficult to pay attention to the weather. For example, people often miss tornado warnings when they are sleeping. How confident are you that you would receive tornado warnings in the following situations? If you are at a store?",reception,confidence_5,1 = Not at all confident | 2 = Not very confident | 3 = Somewhat confident | 4 = Very confident | 5 = Extremely confident,5,FALSE,FALSE
Severe Weather (WX),rec_small_group,"Sometimes people miss tornado WARNINGS because they are doing something that makes it difficult to pay attention to the weather. For example, people often miss tornado warnings when they are sleeping. How confident are you that you would receive tornado warnings in the following situations? If you are with a small group of friends or family?",reception,confidence_5,1 = Not at all confident | 2 = Not very confident | 3 = Somewhat confident | 4 = Very confident | 5 = Extremely confident,5,FALSE,FALSE
Severe Weather (WX),rec_large_group,"Sometimes people miss tornado WARNINGS because they are doing something that makes it difficult to pay attention to the weather. For example, people often miss tornado warnings when they are sleeping. How confident are you that you would receive tornado warnings in the following situations? If you are with a large group of friends or family?",reception,confidence_5,1 = Not at all confident | 2 = Not very confident | 3 = Somewhat confident | 4 = Very confident | 5 = Extremely confident,5,FALSE,FALSE
Severe Weather (WX),rec_stream,"Sometimes people miss tornado WARNINGS because they are doing something that makes it difficult to pay attention to the weather. For example, people often miss tornado warnings when they are sleeping. How confident are you that you would receive tornado warnings in the following situations? If you are watching a show or movie using an online streaming service like Netflix, Amazon Prime, or Hulu?",reception,confidence_5,1 = Not at all confident | 2 = Not very confident | 3 = Somewhat confident | 4 = Very confident | 5 = Extremely confident,5,FALSE,FALSE
Severe Weather (WX),rec_phone,"Sometimes people miss tornado WARNINGS because they are doing something that makes it difficult to pay attention to the weather. For example, people often miss tornado warnings when they are sleeping. How confident are you that you would receive tornado warnings in the following situations? If your phone is not on or not working?",reception,confidence_5,1 = Not at all confident | 2 = Not very confident | 3 = Somewhat confident | 4 = Very confident | 5 = Extremely confident,5,FALSE,FALSE
Severe Weather (WX),warn_hist,Do you recall having ever received a tornado WARNING for your area?,experience,yes_no,0 = No | 1 = Yes,2,FALSE,FALSE
Severe Weather (WX),warn_when,Think about the most recent tornado WARNING that you remember receiving. When did you receive the tornado warning?,experience,categorical,1 = less than 1 month ago | 2 = between 1 and 3 months ago | 3 = between 3 and 12 months ago | 4 = between 1 and 3 years ago | 5 = more than 3 years ago | 6 = I don't recall,6,FALSE,FALSE
Severe Weather (WX),warn_timercv,Think about the most recent tornado WARNING that you remember receiving. What time was it when you received the tornado warning?,experience,categorical,1 = Between 6am and noon | 2 = Between noon and 6pm | 3 = Between 6pm and midnight | 4 = Between midnight and 6am | 5 = I don't recall,5,FALSE,FALSE
Severe Weather (WX),warn_where,Think about the most recent tornado WARNING that you remember receiving. Where were you when you received the tornado warning?,experience,categorical,"1 = At home | 2 = At work | 3 = At school | 4 = At a business (such as a store or restaurant) | 5 = In a vehicle (such as a car, truck, or bus) | 6 = Somewhere else (please specify) | 7 = I don't recall",7,FALSE,FALSE
Severe Weather (WX),warn_iss,Think about the most recent tornado WARNING that you remember receiving. Did you receive the tornado warning as soon as it was issued?,experience|reception,yes_no_recall,0 = No | 1 = Yes | 2 = I don't recall,3,FALSE,FALSE
Severe Weather (WX),warn_sure,Think about the most recent tornado WARNING that you remember receiving. Were you sure that the tornado warning was for your area and not a different area?,experience|reception,yes_no_recall,0 = No | 1 = Yes | 2 = I don't recall,3,FALSE,FALSE
Severe Weather (WX),warn_tor,Think about the most recent tornado WARNING that you remember receiving. Did a tornado touch down in the tornado warning area?,experience,yes_no_recall,0 = No | 1 = Yes | 2 = I don't recall/don't know,3,FALSE,FALSE
Severe Weather (WX),last_act,What did you do when you got the most recent tornado warning that you remember receiving?,experience|response,categorical,"0 = Nothing; continued my daily activities | 1 = Monitored the situation, but did not move to shelter | 2 = Moved to the most sheltered part of the building, but did not leave the building | 3 = Moved to a specially constructed storm shelter in the building | 4 = Moved to a nearby location or building that provided safer shelter | 5 = Left the building and drove away from the tornado warning area | 6 = Something else (please specify) | 7 = I don't recall",8,FALSE,FALSE
Severe Weather (WX),last_act_satis,"Looking back, how would you rate your satisfaction with the action you took?",experience|response,satisfaction_5,1 = Very dissatisfied | 2 = Dissatisfied | 3 = Neither dissatisfied nor satisfied | 4 = Satisfied | 5 = Very satisfied,5,FALSE,FALSE
Severe Weather (WX),last_act_again,How likely is it that you would take the same action again if you were in the same situation in the future?,experience|response,likelihood_5,1 = Very unlikely | 2 = Somewhat unlikely | 3 = About as likely as not | 4 = Somewhat likely | 5 = Very likely,5,FALSE,FALSE
Severe Weather (WX),next_act_day,"Now we want you to think about the NEXT TIME you receive a tornado WARNING from the National Weather Service. If you are at home during daylight hours and you receive a tornado warning for your area, what do you plan to do?",response,categorical,"0 = Nothing; continue my daily activities | 1 = Monitor the situation, but not move to shelter | 2 = Move to the most sheltered part of my residence, but not leave the building | 3 = Move to a specially constructed storm shelter in the building | 4 = Move to a nearby location or building that provides safer shelter | 5 = Leave the building and drive away from the tornado warning area | 6 = Something else (please specify) | 7 = Not sure",8,FALSE,FALSE
Severe Weather (WX),next_act_night,"Now we want you to think about the NEXT TIME you receive a tornado WARNING from the National Weather Service. If you are at home in the middle of the night and you receive a tornado warning for your area, what do you plan to do?",response,categorical,"0 = Nothing; continue my nightly activities | 1 = Monitor the situation, but not move to shelter | 2 = Move to the most sheltered part of my residence, but not leave the building | 3 = Move to a specially constructed storm shelter in the building | 4 = Move to a nearby location or building that provides safer shelter | 5 = Leave the building and drive away from the tornado warning area | 6 = Something else (please specify) | 7 = Not sure",8,FALSE,FALSE
Severe Weather (WX),resp_ignore,"Please tell us how strongly you agree with the following statements about tornado WARNINGS. If you have never received a tornado WARNING, please tell us how you think you will respond if you receive a WARNING in the future. Sometimes I ignore tornado warnings that are issued for my area.",response,agree_5,1 = Strongly disagree | 2 = Disagree | 3 = Neither disagree nor agree | 4 = Agree | 5 = Strongly agree,5,FALSE,FALSE
Severe Weather (WX),resp_prot,"Please tell us how strongly you agree with the following statements about tornado WARNINGS. If you have never received a tornado WARNING, please tell us how you think you will respond if you receive a WARNING in the future. I always take protective action when tornado warnings are issued for my area.",response,agree_5,1 = Strongly disagree | 2 = Disagree | 3 = Neither disagree nor agree | 4 = Agree | 5 = Strongly agree,5,FALSE,FALSE
Severe Weather (WX),resp_busy,"Please tell us how strongly you agree with the following statements about tornado WARNINGS. If you have never received a tornado WARNING, please tell us how you think you will respond if you receive a WARNING in the future. Sometimes I am too busy to take protective action when tornado warnings are issued for my area.",response,agree_5,1 = Strongly disagree | 2 = Disagree | 3 = Neither disagree nor agree | 4 = Agree | 5 = Strongly agree,5,FALSE,FALSE
Severe Weather (WX),resp_unsure,"Please tell us how strongly you agree with the following statements about tornado WARNINGS. If you have never received a tornado WARNING, please tell us how you think you will respond if you receive a WARNING in the future. I am not sure what to do when tornado warnings are issued for my area.",response,agree_5,1 = Strongly disagree | 2 = Disagree | 3 = Neither disagree nor agree | 4 = Agree | 5 = Strongly agree,5,FALSE,FALSE
Severe Weather (WX),resp_sleep,"Sometimes people receive tornado WARNINGS but do not take protective action because they are busy or doing something that makes it difficult to respond. For example, people often decide not to take protective action in response to tornado warnings when they are sleeping. How confident are you that you would take protective action in response to tornado warnings in the following situations? If you are sleeping?",response,confidence_5,1 = Not at all confident | 2 = Not very confident | 3 = Somewhat confident | 4 = Very confident | 5 = Extremely confident,5,FALSE,FALSE
Severe Weather (WX),resp_driving,"Sometimes people receive tornado WARNINGS but do not take protective action because they are busy or doing something that makes it difficult to respond. For example, people often decide not to take protective action in response to tornado warnings when they are sleeping. How confident are you that you would take protective action in response to tornado warnings in the following situations? If you are in a car?",response,confidence_5,1 = Not at all confident | 2 = Not very confident | 3 = Somewhat confident | 4 = Very confident | 5 = Extremely confident,5,FALSE,FALSE
Severe Weather (WX),resp_work,"Sometimes people receive tornado WARNINGS but do not take protective action because they are busy or doing something that makes it difficult to respond. For example, people often decide not to take protective action in response to tornado warnings when they are sleeping. How confident are you that you would take protective action in response to tornado warnings in the following situations? If you are at work or school?",response,confidence_5,1 = Not at all confident | 2 = Not very confident | 3 = Somewhat confident | 4 = Very confident | 5 = Extremely confident,5,FALSE,FALSE
Severe Weather (WX),resp_store,"Sometimes people receive tornado WARNINGS but do not take protective action because they are busy or doing something that makes it difficult to respond. For example, people often decide not to take protective action in response to tornado warnings when they are sleeping. How confident are you that you would take protective action in response to tornado warnings in the following situations? If you are at a store?",response,confidence_5,1 = Not at all confident | 2 = Not very confident | 3 = Somewhat confident | 4 = Very confident | 5 = Extremely confident,5,FALSE,FALSE
Severe Weather (WX),resp_small_group,"Sometimes people receive tornado WARNINGS but do not take protective action because they are busy or doing something that makes it difficult to respond. For example, people often decide not to take protective action in response to tornado warnings when they are sleeping. How confident are you that you would take protective action in response to tornado warnings in the following situations? If you are with a small group of friends or family?",response,confidence_5,1 = Not at all confident | 2 = Not very confident | 3 = Somewhat confident | 4 = Very confident | 5 = Extremely confident,5,FALSE,FALSE
Severe Weather (WX),resp_large_group,"Sometimes people receive tornado WARNINGS but do not take protective action because they are busy or doing something that makes it difficult to respond. For example, people often decide not to take protective action in response to tornado warnings when they are sleeping. How confident are you that you would take protective action in response to tornado warnings in the following situations? If you are with a large group of friends or family?",response,confidence_5,1 = Not at all confident | 2 = Not very confident | 3 = Somewhat confident | 4 = Very confident | 5 = Extremely confident,5,FALSE,FALSE
Severe Weather (WX),resp_stream,"Sometimes people receive tornado WARNINGS but do not take protective action because they are busy or doing something that makes it difficult to respond. For example, people often decide not to take protective action in response to tornado warnings when they are sleeping. How confident are you that you would take protective action in response to tornado warnings in the following situations? If you are watching a show or movie using an online streaming service like Netflix, Amazon Prime, or Hulu?",response,confidence_5,1 = Not at all confident | 2 = Not very confident | 3 = Somewhat confident | 4 = Very confident | 5 = Extremely confident,5,FALSE,FALSE
Severe Weather (WX),resp_phone,"Sometimes people receive tornado WARNINGS but do not take protective action because they are busy or doing something that makes it difficult to respond. For example, people often decide not to take protective action in response to tornado warnings when they are sleeping. How confident are you that you would take protective action in response to tornado warnings in the following situations? If your phone is not on or not working?",response,confidence_5,1 = Not at all confident | 2 = Not very confident | 3 = Somewhat confident | 4 = Very confident | 5 = Extremely confident,5,FALSE,FALSE
Severe Weather (WX),rec_morn,"If a tornado WARNING were issued for your area tomorrow at [rand_morn], how confident are you that you would... Receive the warning?",reception,confidence_5,1 = Not at all confident | 2 = Not very confident | 3 = Somewhat confident | 4 = Very confident | 5 = Extremely confident,5,TRUE,FALSE
Severe Weather (WX),und_morn,"If a tornado WARNING were issued for your area tomorrow at [rand_morn], how confident are you that you would... Understand the warning?",comprehension,confidence_5,1 = Not at all confident | 2 = Not very confident | 3 = Somewhat confident | 4 = Very confident | 5 = Extremely confident,5,TRUE,FALSE
Severe Weather (WX),resp_morn,"If a tornado WARNING were issued for your area tomorrow at [rand_morn], how confident are you that you would... Take protective action in response to the warning?",response,confidence_5,1 = Not at all confident | 2 = Not very confident | 3 = Somewhat confident | 4 = Very confident | 5 = Extremely confident,5,TRUE,FALSE
Severe Weather (WX),rec_aft,"If a tornado WARNING were issued for your area tomorrow at [rand_aft], how confident are you that you would... Receive the warning?",reception,confidence_5,1 = Not at all confident | 2 = Not very confident | 3 = Somewhat confident | 4 = Very confident | 5 = Extremely confident,5,TRUE,FALSE
Severe Weather (WX),und_aft,"If a tornado WARNING were issued for your area tomorrow at [rand_aft], how confident are you that you would... Understand the warning?",comprehension,confidence_5,1 = Not at all confident | 2 = Not very confident | 3 = Somewhat confident | 4 = Very confident | 5 = Extremely confident,5,TRUE,FALSE
Severe Weather (WX),resp_aft,"If a tornado WARNING were issued for your area tomorrow at [rand_aft], how confident are you that you would... Take protective action in response to the warning?",response,confidence_5,1 = Not at all confident | 2 = Not very confident | 3 = Somewhat confident | 4 = Very confident | 5 = Extremely confident,5,TRUE,FALSE
Severe Weather (WX),rec_eve,"If a tornado WARNING were issued for your area tomorrow at [rand_eve], how confident are you that you would... Receive the warning?",reception,confidence_5,1 = Not at all confident | 2 = Not very confident | 3 = Somewhat confident | 4 = Very confident | 5 = Extremely confident,5,TRUE,FALSE
Severe Weather (WX),und_eve,"If a tornado WARNING were issued for your area tomorrow at [rand_eve], how confident are you that you would... Understand the warning?",comprehension,confidence_5,1 = Not at all confident | 2 = Not very confident | 3 = Somewhat confident | 4 = Very confident | 5 = Extremely confident,5,TRUE,FALSE
Severe Weather (WX),resp_eve,"If a tornado WARNING were issued for your area tomorrow at [rand_eve], how confident are you that you would... Take protective action in response to the warning?",response,confidence_5,1 = Not at all confident | 2 = Not very confident | 3 = Somewhat confident | 4 = Very confident | 5 = Extremely confident,5,TRUE,FALSE
Severe Weather (WX),tor_em_hrd,"In addition to standard tornado warnings, the National Weather Service sometimes issues an enhanced version called a tornado EMERGENCY. Prior to this survey, had you heard of tornado EMERGENCY alerts?",comprehension,yes_no_unsure,0 = No | 1 = Yes | 2 = Not sure,3,FALSE,FALSE
Severe Weather (WX),tor_em_rec,Have you ever personally received a tornado EMERGENCY alert from the National Weather Service before?,reception|experience,yes_no_unsure,0 = No | 1 = Yes | 2 = Not sure,3,FALSE,FALSE
Severe Weather (WX),tor_em_und,"In general, do you think you understand the difference between a tornado WARNING and a tornado EMERGENCY?",comprehension,certainty_5,1 = Definitely no | 2 = Probably no | 3 = Not sure | 4 = Probably yes | 5 = Definitely yes,5,FALSE,FALSE
Severe Weather (WX),tor_em_time,"How much advance warning do you think people typically get with a tornado EMERGENCY versus a standard tornado WARNING? Again, it is ok if you are unsure - just give us your best guess.",comprehension,categorical,1 = Less time for a tornado EMERGENCY than for a tornado WARNING. | 2 = About the same amount of time. | 3 = More time for a tornado EMERGENCY than for a tornado WARNING.,3,FALSE,FALSE
Severe Weather (WX),tor_em_seek_shelt,"If you were to receive an alert for a tornado EMERGENCY at your location, how would this change your likelihood of seeking shelter compared to receiving a standard tornado WARNING?",response,categorical,1 = I would be much more likely to seek shelter for a tornado EMERGENCY than for a tornado WARNING | 2 = I would be more likely to seek shelter for a tornado EMERGENCY than for a tornado WARNING | 3 = My likelihood of seeking shelter would be about the same for a tornado EMERGENCY and a tornado WARNING,3,TRUE,FALSE
Severe Weather (WX),tor_em_shelt_type,"If you were to receive an alert for a tornado EMERGENCY at your location, how would this change the type of shelter you would seek compared to receiving a standard tornado WARNING?",response,categorical,1 = I would definitely seek a more secure shelter for a tornado EMERGENCY than for a tornado WARNING | 2 = I would probably seek a more secure shelter for a tornado EMERGENCY than for a tornado WARNING | 3 = The type of shelter I would seek would be about the same for a tornado EMERGENCY and a tornado WARNING,3,TRUE,FALSE
Severe Weather (WX),nws_trust,"Extreme weather can be dangerous and technically complex, so getting information you can trust is important. Please indicate your level of trust in information about extreme weather from each of the following organizations and groups. The National Weather Service",trust|sources,trust_5,1 = No trust | 2 = Low trust | 3 = Moderate trust | 4 = High trust | 5 = Complete trust,5,FALSE,FALSE
Severe Weather (WX),lotv_trust,"Extreme weather can be dangerous and technically complex, so getting information you can trust is important. Please indicate your level of trust in information about extreme weather from each of the following organizations and groups. Regional or local TV stations",trust|sources,trust_5,1 = No trust | 2 = Low trust | 3 = Moderate trust | 4 = High trust | 5 = Complete trust,5,FALSE,FALSE
Severe Weather (WX),natv_trust,"Extreme weather can be dangerous and technically complex, so getting information you can trust is important. Please indicate your level of trust in information about extreme weather from each of the following organizations and groups. National TV stations (like the Weather Channel)",trust|sources,trust_5,1 = No trust | 2 = Low trust | 3 = Moderate trust | 4 = High trust | 5 = Complete trust,5,FALSE,FALSE
Severe Weather (WX),em_trust,"Extreme weather can be dangerous and technically complex, so getting information you can trust is important. Please indicate your level of trust in information about extreme weather from each of the following organizations and groups. State or local emergency managers",trust|sources,trust_5,1 = No trust | 2 = Low trust | 3 = Moderate trust | 4 = High trust | 5 = Complete trust,5,FALSE,FALSE
Severe Weather (WX),fam_trust,"Extreme weather can be dangerous and technically complex, so getting information you can trust is important. Please indicate your level of trust in information about extreme weather from each of the following organizations and groups. Family, friends, neighbors, employers, co-workers, etc.",trust|sources,trust_5,1 = No trust | 2 = Low trust | 3 = Moderate trust | 4 = High trust | 5 = Complete trust,5,FALSE,FALSE
Severe Weather (WX),wx_info1,"Warnings and information about severe weather are available from multiple sources. How much do you, personally, rely on each of the following sources of information about extreme weather? Broadcast radio",channels,reliance_5,1 = Not much | 2 = Little | 3 = Somewhat | 4 = Much | 5 = A great deal,5,FALSE,FALSE
Severe Weather (WX),wx_info2,"Warnings and information about severe weather are available from multiple sources. How much do you, personally, rely on each of the following sources of information about extreme weather? Weather radio (National Weather Service radio)",channels,reliance_5,1 = Not much | 2 = Little | 3 = Somewhat | 4 = Much | 5 = A great deal,5,FALSE,FALSE
Severe Weather (WX),wx_info3,"Warnings and information about severe weather are available from multiple sources. How much do you, personally, rely on each of the following sources of information about extreme weather? Television",channels,reliance_5,1 = Not much | 2 = Little | 3 = Somewhat | 4 = Much | 5 = A great deal,5,FALSE,FALSE
Severe Weather (WX),wx_info4,"Warnings and information about severe weather are available from multiple sources. How much do you, personally, rely on each of the following sources of information about extreme weather? Internet web pages focused on weather forecasts, such as those provided by the National Weather Service",channels,reliance_5,1 = Not much | 2 = Little | 3 = Somewhat | 4 = Much | 5 = A great deal,5,FALSE,FALSE
Severe Weather (WX),wx_info5,"Warnings and information about severe weather are available from multiple sources. How much do you, personally, rely on each of the following sources of information about extreme weather? Social media, such as Twitter or Facebook",channels,reliance_5,1 = Not much | 2 = Little | 3 = Somewhat | 4 = Much | 5 = A great deal,5,FALSE,FALSE
Severe Weather (WX),wx_info6,"Warnings and information about severe weather are available from multiple sources. How much do you, personally, rely on each of the following sources of information about extreme weather? Word-of-mouth (including telephone calls or texts) from family, friends, neighbors, employers, co-workers, etc.",channels,reliance_5,1 = Not much | 2 = Little | 3 = Somewhat | 4 = Much | 5 = A great deal,5,FALSE,FALSE
Severe Weather (WX),wx_info7,"Warnings and information about severe weather are available from multiple sources. How much do you, personally, rely on each of the following sources of information about extreme weather? Automated text or phone notifications",channels,reliance_5,1 = Not much | 2 = Little | 3 = Somewhat | 4 = Much | 5 = A great deal,5,FALSE,FALSE
Severe Weather (WX),wx_info8,"Warnings and information about severe weather are available from multiple sources. How much do you, personally, rely on each of the following sources of information about extreme weather? Outdoor warning sirens",channels,reliance_5,1 = Not much | 2 = Little | 3 = Somewhat | 4 = Much | 5 = A great deal,5,FALSE,FALSE
Severe Weather (WX),wx_info_tie,Please indicate which source you rely on the most for information about extreme weather events.,channels,categorical,"1 = Broadcast radio | 2 = Weather radio (National Weather Service radio) | 3 = Television | 4 = Internet web pages focused on weather forecasts, such as those provided by the National Weather Service | 5 = Social media, such as Twitter or Facebook | 6 = Word-of-mouth (including telephone calls or texts) from family, friends, neighbors, employers, co-workers, etc. | 7 = Automated text or phone notifications | 8 = Outdoor warning sirens",8,FALSE,FALSE
Severe Weather (WX),co_prev_exp,"One such forecast is shown in a graphic called the Convective Outlook, which is used to communicate the risks posed by severe weather (hail, strong winds, and tornadoes). This graphic uses words and colors on a map to indicate the probability of severe weather on a given day. Have you ever seen a Convective Outlook before?",graphics|forecast_products,yes_no_maybe,0 = No | 1 = Yes | 2 = Maybe,3,TRUE,TRUE
Severe Weather (WX),co_conf_ab,How confident are you in your ability to understand the Convective Outlook?,graphics|comprehension,confidence_slightly_5,1 = Not at all confident | 2 = Slightly confident | 3 = Moderately confident | 4 = Very confident | 5 = Extremely confident,5,TRUE,TRUE
Severe Weather (WX),co_verbal_prob,"Now, you will see an example of a social media post with a Convective Outlook for a different day. On the Convective Outlook, there is a location marked with a star and labeled A. As you answer the following questions, imagine that you are at Location A on the day of this outlook. Based on this Convective Outlook would you say that Location A is...",graphics|comprehension,likelihood_5,1 = Not at all likely to experience severe weather | 2 = Not very likely to experience severe weather | 3 = Somewhat likely as not to experience severe weather | 4 = Very likely to experience severe weather | 5 = Extremely likely to experience severe weather,5,TRUE,TRUE
Severe Weather (WX),co_verbal_sig,"Now, you will see an example of a social media post with a Convective Outlook for a different day. On the Convective Outlook, there is a location marked with a star and labeled A. As you answer the following questions, imagine that you are at Location A on the day of this outlook. If Location A were to experience severe weather, how significant do you think the impact might be?",graphics|risk_perception,significance_5,1 = Not at all significant | 2 = Not very significant | 3 = Somewhat significant | 4 = Very significant | 5 = Extremely significant,5,TRUE,TRUE
Severe Weather (WX),co_concern,"Now, you will see an example of a social media post with a Convective Outlook for a different day. On the Convective Outlook, there is a location marked with a star and labeled A. As you answer the following questions, imagine that you are at Location A on the day of this outlook. If you were at Location A, how concerned would you feel about the possibility of severe weather?",graphics|risk_perception,concern_5,1 = Not at all concerned | 2 = Not very concerned | 3 = Somewhat concerned | 4 = Very concerned | 5 = Extremely concerned,5,TRUE,TRUE
Severe Weather (WX),exf_adv_look,"How far in advance do you usually start looking for forecasts about your risk for severe thunderstorms (including tornadoes, damaging winds, or large hail)?",forecast_products,categorical,1 = On the same day (less than 24 hours before the event) | 2 = 1-2 days before the event | 3 = 2-3 days before the event | 4 = 3-4 days before the event | 5 = 5-7 days before the event | 6 = More than a week before the event | 7 = I usually do not look for severe weather forecasts,7,FALSE,FALSE
Severe Weather (WX),exf_aware,"Forecasters also use a version of the Convective Outlook to provide extended-range forecasts for tornado, hail, and thunderstorm wind threats that focus on the next three to seven days. These forecasts predict general regions where severe weather is most likely to occur on a given day up to a week in advance. When forecasters think severe weather is possible in a region, they indicate this using one of two probability categories: a 15% chance or a 30% chance. Before reading this information, were you aware that forecasts predicting severe weather conditions for the next three to seven days are available?",forecast_products,yes_no_unsure,0 = No | 1 = Yes | 2 = Not sure,3,FALSE,FALSE
Severe Weather (WX),exf_exp_d7_concern,"Imagine it is Saturday morning, and forecasters have issued a severe weather forecast for next Saturday (7 days from now). This forecast shows a [exf_exp_rand_d7]% chance of severe weather - including tornadoes, damaging winds, or large hail - occurring within 25 miles of where you live next Saturday. If you received this forecast, how concerned would you feel about the possibility of severe weather at your location next Saturday (7 days from now)?",forecast_products|risk_perception,concern_slightly_5,1 = Not at all concerned | 2 = Slightly concerned | 3 = Somewhat concerned | 4 = Very concerned | 5 = Extremely concerned,5,TRUE,FALSE
Severe Weather (WX),exf_exp_d5_concern,"It is now Monday morning. Forecasters have updated the forecast for Saturday (5 days from now). In the previous forecast (7 days out), the probability was [exf_exp_rand_d7]%. The new forecast shows a [exf_exp_rand_d5]% chance of severe weather - including tornadoes, damaging winds, or large hail - within 25 miles of where you live on Saturday. If you received this forecast, how concerned would you feel about the possibility of severe weather at your location on Saturday (5 days from now)?",forecast_products|risk_perception,concern_slightly_5,1 = Not at all concerned | 2 = Slightly concerned | 3 = Somewhat concerned | 4 = Very concerned | 5 = Extremely concerned,5,TRUE,FALSE
Severe Weather (WX),exf_exp_d3_concern,"It is now Wednesday morning. Forecasters have updated the forecast for Saturday (3 days from now). In the previous forecast (5 days out), the probability was [exf_exp_rand_d5]%. The new forecast shows a [exf_exp_rand_d3]% chance of severe weather - including tornadoes, damaging winds, or large hail - within 25 miles of where you live on Saturday. If you received this forecast, how concerned would you feel about the possibility of severe weather at your location on Saturday (3 days from now)?",forecast_products|risk_perception,concern_slightly_5,1 = Not at all concerned | 2 = Slightly concerned | 3 = Somewhat concerned | 4 = Very concerned | 5 = Extremely concerned,5,TRUE,FALSE
Severe Weather (WX),exf_exp_d7_recall,We are curious if you remember the series of three forecasts you just saw. What probability did each one show? First forecast (7 days out),forecast_products|comprehension,categorical,1 = 0% | 2 = 15% | 3 = 30% | 4 = Not sure,4,TRUE,FALSE
Severe Weather (WX),exf_exp_d5_recall,We are curious if you remember the series of three forecasts you just saw. What probability did each one show? Second forecast (5 days out),forecast_products|comprehension,categorical,1 = 0% | 2 = 15% | 3 = 30% | 4 = Not sure,4,TRUE,FALSE
Severe Weather (WX),exf_exp_d3_recall,We are curious if you remember the series of three forecasts you just saw. What probability did each one show? Third forecast (3 days out),forecast_products|comprehension,categorical,1 = 0% | 2 = 15% | 3 = 30% | 4 = Not sure,4,TRUE,FALSE
Severe Weather (WX),exf_exp_surprise,"It is now Saturday - the day of the event. After following the series of forecasts for your area, you see that a damaging severe thunderstorm [exf_exp_rand_event: occurs | does not occur] within 25 miles of where you live. Based on the forecasts you saw leading up to today, how surprised would you feel about this outcome?",forecast_products,surprise_5,1 = Not at all surprised | 2 = Slightly surprised | 3 = Somewhat surprised | 4 = Very surprised | 5 = Extremely surprised,5,TRUE,FALSE
Severe Weather (WX),exf_exp_trust,"If you were to experience a series of extended-range forecasts like this, how would it affect your level of trust in future extended-range severe weather forecasts?",forecast_products|trust,trust_change_5,1 = Greatly decrease my trust | 2 = Slightly decrease my trust | 3 = No change in my trust | 4 = Slightly increase my trust | 5 = Greatly increase my trust,5,TRUE,FALSE
Severe Weather (WX),exf_ml,"Currently, the extended-range severe weather outlooks discussed above are created by human forecasters based on weather models and technical expertise. However, within the last five to ten years, machine learning techniques have demonstrated success in identifying severe weather events three to seven days in advance. Machine learning is a form of artificial intelligence that allows computer systems to leverage past data to identify future atmospheric patterns that may lead to severe weather environments three to seven days in advance. Imagine that the previous severe weather forecasts for your area were created from a machine learning algorithm and did not have any human influence. Now knowing this information, how would this have changed your level of trust in this series of forecasts?",forecast_products|trust|ai,trust_change_5,1 = I would trust forecasts generated by machine learning much less than forecasts generated by humans | 2 = I would trust forecasts generated by machine learning less than forecasts generated by humans | 3 = I would trust forecasts generated by machine learning the same as forecasts generated by humans | 4 = I would trust forecasts generated by machine learning more than forecasts generated by humans | 5 = I would trust forecasts generated by machine learning much more than forecasts generated by humans,5,TRUE,FALSE
Severe Weather (WX),ffd_und,The National Weather Service also issues alerts for flash floods. How would you rate your understanding of flash flood WATCHES and WARNINGS?,comprehension,quality_5,1 = Poor | 2 = Fair | 3 = Good | 4 = Very good | 5 = Excellent,5,FALSE,FALSE
Severe Weather (WX),ffd_watchwarn_und,Do you understand the difference between floods and flash floods?,comprehension,certainty_5,1 = Definitely no | 2 = Probably no | 3 = Not sure | 4 = Probably yes | 5 = Definitely yes,5,FALSE,FALSE
Severe Weather (WX),tor_eff1,Please tell us how strongly you agree or disagree with the following statements. It is possible for most people in my area to prepare and to secure their property ahead of time for a tornado.,preparedness,agree_5,1 = Strongly disagree | 2 = Disagree | 3 = Neither disagree nor agree | 4 = Agree | 5 = Strongly agree,5,FALSE,FALSE
Severe Weather (WX),tor_eff2,Please tell us how strongly you agree or disagree with the following statements. It is possible for most people in my area to develop a safety plan for how to deal with a tornado.,preparedness,agree_5,1 = Strongly disagree | 2 = Disagree | 3 = Neither disagree nor agree | 4 = Agree | 5 = Strongly agree,5,FALSE,FALSE
Severe Weather (WX),tor_eff3,Please tell us how strongly you agree or disagree with the following statements. It is possible for most people in my area to protect themselves against a tornado.,preparedness,agree_5,1 = Strongly disagree | 2 = Disagree | 3 = Neither disagree nor agree | 4 = Agree | 5 = Strongly agree,5,FALSE,FALSE
Severe Weather (WX),tor_eff4,Please tell us how strongly you agree or disagree with the following statements. It is possible for most people in my area to evacuate when necessary ahead of a tornado.,preparedness,agree_5,1 = Strongly disagree | 2 = Disagree | 3 = Neither disagree nor agree | 4 = Agree | 5 = Strongly agree,5,FALSE,FALSE
Severe Weather (WX),tor_eff5,Please tell us how strongly you agree or disagree with the following statements. I feel that I can prepare and secure my property ahead of time for a tornado.,preparedness,agree_5,1 = Strongly disagree | 2 = Disagree | 3 = Neither disagree nor agree | 4 = Agree | 5 = Strongly agree,5,FALSE,FALSE
Severe Weather (WX),tor_eff6,Please tell us how strongly you agree or disagree with the following statements. I have a safety plan for how to deal with a tornado.,preparedness,agree_5,1 = Strongly disagree | 2 = Disagree | 3 = Neither disagree nor agree | 4 = Agree | 5 = Strongly agree,5,FALSE,FALSE
Severe Weather (WX),tor_eff7,Please tell us how strongly you agree or disagree with the following statements. I can protect myself against a tornado.,preparedness,agree_5,1 = Strongly disagree | 2 = Disagree | 3 = Neither disagree nor agree | 4 = Agree | 5 = Strongly agree,5,FALSE,FALSE
Severe Weather (WX),tor_eff8,Please tell us how strongly you agree or disagree with the following statements. I can evacuate when necessary ahead of a tornado.,preparedness,agree_5,1 = Strongly disagree | 2 = Disagree | 3 = Neither disagree nor agree | 4 = Agree | 5 = Strongly agree,5,FALSE,FALSE
Severe Weather (WX),rand_svr_con,Imagine it's Saturday morning at 8:00 a.m. You are at the marker in the center of this map when you learn that a [rand_svr] has been issued for your location. How concerned would you be if you were to get this forecast?,graphics|risk_perception,concern_5,1 = Not at all concerned | 2 = Not very concerned | 3 = Somewhat concerned | 4 = Very concerned | 5 = Extremely concerned,5,TRUE,TRUE
Severe Weather (WX),rand_svr_resp,Imagine it's Saturday morning at 8:00 a.m. You are at the marker in the center of this map when you learn that a [rand_svr] has been issued for your location. How likely would you be to take protective action if you were to get this forecast?,graphics|response,likelihood_slightly_5,1 = Not at all likely | 2 = Slightly likely | 3 = Moderately likely | 4 = Very likely | 5 = Extremely likely,5,TRUE,TRUE
Severe Weather (WX),rand_svr_und,Here is the same forecast graphic again. How well do you understand the information presented in this graphic?,graphics|comprehension,understanding_5,1 = Not at all well | 2 = Slightly well | 3 = Moderately well | 4 = Very well | 5 = Extremely well,5,TRUE,TRUE
Severe Weather (WX),rand_svr_conf,"Here is the same forecast graphic again. If you encountered this forecast in the future, how confident are you that you'd know what to do to protect yourself?",graphics|response,confidence_5,1 = Not at all confident | 2 = Not very confident | 3 = Somewhat confident | 4 = Very confident | 5 = Extremely confident,5,TRUE,TRUE
Severe Weather (WX),rand_otlk_cern,How concerned would you be if you were to get this forecast?,graphics|risk_perception,concern_5,1 = Not at all concerned | 2 = Not very concerned | 3 = Somewhat concerned | 4 = Very concerned | 5 = Extremely concerned,5,TRUE,TRUE
Severe Weather (WX),rand_otlk_point_risk,What level of risk does the outlook forecast for your area today?,graphics|comprehension,categorical,1 = No Risk | 2 = Thunderstorms | 3 = Marginal Risk | 4 = Slight Risk | 5 = Enhanced Risk | 6 = Moderate Risk | 7 = High Risk,7,TRUE,TRUE
Severe Weather (WX),rand_otlk_point_plan,Would you change your plans for today if you were to receive this forecast?,graphics|response,certainty_5,1 = Definitely no | 2 = Probably no | 3 = Not sure | 4 = Probably yes | 5 = Definitely yes,5,TRUE,TRUE
Severe Weather (WX),rand_otlk_drive_risk,What is the highest level of risk that the outlook forecasts for your route on the interstate today?,graphics|comprehension,categorical,1 = No Risk | 2 = Thunderstorms | 3 = Marginal Risk | 4 = Slight Risk | 5 = Enhanced Risk | 6 = Moderate Risk | 7 = High Risk,7,TRUE,TRUE
Severe Weather (WX),rand_otlk_drive_plan,Would you change your plans for today if you were to receive this forecast?,graphics|response,certainty_5,1 = Definitely no | 2 = Probably no | 3 = Not sure | 4 = Probably yes | 5 = Definitely yes,5,TRUE,TRUE
Severe Weather (WX),rand_otlk_und,Here is the same forecast graphic again. How well do you understand the information presented in this graphic?,graphics|comprehension,understanding_5,1 = Not at all well | 2 = Slightly well | 3 = Moderately well | 4 = Very well | 5 = Extremely well,5,TRUE,TRUE
Severe Weather (WX),rand_otlk_help,Here is the same forecast graphic again. How helpful is the information presented in this graphic?,graphics,helpfulness_5,1 = Not at all helpful | 2 = Slightly helpful | 3 = Moderately helpful | 4 = Very helpful | 5 = Extremely helpful,5,TRUE,TRUE
Severe Weather (WX),rand_otlk_use,"Here is the same forecast graphic again. If you encountered a similar situation in the future, how likely would you be to use a graphic like this?",graphics,likelihood_slightly_5,1 = Not at all likely | 2 = Slightly likely | 3 = Moderately likely | 4 = Very likely | 5 = Extremely likely,5,TRUE,TRUE
Severe Weather (WX),exf_access,"How often do you use extended-range severe weather forecasts that predict tornado, hail, and thunderstorm wind threats 3-7 days in advance?",forecast_products,frequency_5,1 = Never | 2 = Rarely | 3 = Occasionally | 4 = Regularly | 5 = Frequently,5,FALSE,FALSE
Severe Weather (WX),exf_trust,"How much trust do you place in the accuracy of extended-range severe weather forecasts that predict tornado, hail, and thunderstorm wind threats 3-7 days in advance?",forecast_products|trust,trust_5,1 = No trust | 2 = Low trust | 3 = Moderate trust | 4 = High trust | 5 = Complete trust,5,FALSE,FALSE
Severe Weather (WX),exf_reliable,"Have you found extended-range severe weather forecasts that predict tornado, hail, and thunderstorm wind threats 3-7 days in advance to be reliable in your experience?",forecast_products|trust,certainty_5,1 = Definitely no | 2 = Probably no | 3 = Unsure | 4 = Probably yes | 5 = Definitely yes,5,FALSE,FALSE
Severe Weather (WX),exf_detail,"Do you feel that extended-range severe weather forecasts that predict tornado, hail, and thunderstorm wind threats 3-7 days in advance provide enough detail and specificity for your needs?",forecast_products,certainty_5,1 = Definitely no | 2 = Probably no | 3 = Unsure | 4 = Probably yes | 5 = Definitely yes,5,FALSE,FALSE
Severe Weather (WX),exf_ex_see,Imagine it is a Saturday morning at 8:00AM and you are currently located at [exf_ex_loc] and you see this severe weather forecast for [exf_ex_day] from today. Have you previously encountered a forecast similar to the one shown above?,graphics|forecast_products,yes_no_unsure,0 = No | 1 = Yes | 2 = Not sure,3,TRUE,TRUE
Severe Weather (WX),exf_ex_risk,Imagine it is a Saturday morning at 8:00AM and you are currently located at [exf_ex_loc] and you see this severe weather forecast for [exf_ex_day] from today. How concerned would you be at [exf_ex_loc] if you were to get this forecast for [exf_ex_day] in the future?,graphics|risk_perception,concern_5,1 = Not at all concerned | 2 = Not very concerned | 3 = Somewhat concerned | 4 = Very concerned | 5 = Extremely concerned,5,TRUE,TRUE
Severe Weather (WX),exf_resp,Imagine it is a Saturday morning at 8:00AM and you are currently located at [exf_ex_loc] and you see this severe weather forecast for [exf_ex_day] from today. How likely is it that you would begin altering plans and/or making decisions based on your chance of severe weather at [exf_ex_loc] in [exf_ex_day]?,graphics|response,likelihood_slightly_5,1 = Not at all likely | 2 = Slightly likely | 3 = Moderately likely | 4 = Very likely | 5 = Extremely likely,5,TRUE,TRUE
Severe Weather (WX),exf_ex_monitor,How likely would you be to continue monitoring the weather forecast over the next [exf_ex_loc] after seeing this forecast?,graphics|response,likelihood_neutral_5,1 = Very unlikely | 2 = Unlikely | 3 = Neutral | 4 = Likely | 5 = Very likely,5,TRUE,TRUE
Severe Weather (WX),exf_ex_conf,How confident are you in your ability to understand the information presented in this type of forecast?,graphics|comprehension,confidence_slightly_5,1 = Not at all confident | 2 = Slightly confident | 3 = Moderately confident | 4 = Very confident | 5 = Extremely confident,5,TRUE,TRUE
Severe Weather (WX),exf_ex_use,How likely are you to use a forecast like this for making decisions about severe weather risks in the future?,graphics|forecast_products,use_likelihood_5,1 = I am not at all likely to use it | 2 = I am not very likely to use it | 3 = I am unsure if I would use it | 4 = I am very likely to use it | 5 = I am extremely likely to use it,5,TRUE,TRUE
Severe Weather (WX),timing_aware,"We have a few more questions about severe weather timing forecasts. These forecasts are meant to provide more details about when severe weather and tornadoes will occur. For example, a forecast may indicate that the probability of tornadoes starts to increase at 1:00 PM, peaks at 5:00 PM, and then decreases after 8:00 PM. Before reading this information, were you aware that forecasts predicting the timing of severe weather and tornadoes are available?",forecast_products,yes_no_unsure,0 = No | 1 = Yes | 2 = Not sure,3,FALSE,FALSE
Severe Weather (WX),timing_see,"Here is an example of a severe weather timing forecast from the National Weather Service for March 31st in Memphis, Tennessee. Have you previously encountered a forecast similar to the one shown above?",graphics|forecast_products,yes_no_unsure,0 = No | 1 = Yes | 2 = Not sure,3,TRUE,TRUE
Severe Weather (WX),timing_int_sub,"Here is an example of a severe weather timing forecast from the National Weather Service for March 31st in Memphis, Tennessee. How confident are you in your ability to understand the information presented in this type of forecast?",graphics|comprehension,confidence_slightly_5,1 = Not at all confident | 2 = Slightly confident | 3 = Moderately confident | 4 = Very confident | 5 = Extremely confident,5,TRUE,TRUE
Severe Weather (WX),timing_use,How likely are you to use a forecast like this for making future decisions?,graphics|forecast_products,use_likelihood_5,1 = I am not at all likely to use it | 2 = I am not very likely to use it | 3 = I am unsure if I would use it | 4 = I am very likely to use it | 5 = I am extremely likely to use it,5,TRUE,TRUE
Severe Weather (WX),rq_1,The survey is nearly complete. We have just a few more questions. Does your local government have an emergency or disaster plan for your community?,preparedness,yes_no_unsure,0 = No | 1 = Yes | 2 = Not sure,3,FALSE,FALSE
Severe Weather (WX),rq_2,The survey is nearly complete. We have just a few more questions. Do you know how to find the emergency broadcasting channel on the radio?,preparedness,yes_no_unsure,0 = No | 1 = Yes | 2 = Not sure,3,FALSE,FALSE
Severe Weather (WX),rq_3,"The survey is nearly complete. We have just a few more questions. In the past 30 days, have you seen or heard any messages that encourage people to take steps to be prepared for emergency situations in your community?",preparedness,yes_no_unsure,0 = No | 1 = Yes | 2 = Not sure,3,FALSE,FALSE
Severe Weather (WX),rq_4,"The survey is nearly complete. We have just a few more questions. In the last year, have you prepared a Disaster Supply Kit with emergency supplies like water, food and medicine that is kept in a designated place in your home?",preparedness,yes_no_unsure,0 = No | 1 = Yes | 2 = Not sure,3,FALSE,FALSE
Severe Weather (WX),rq_5,"The survey is nearly complete. We have just a few more questions. In the last year, have you prepared a small kit with emergency supplies that you keep at home, in your car or where you work to take with you if you had to leave quickly?",preparedness,yes_no_unsure,0 = No | 1 = Yes | 2 = Not sure,3,FALSE,FALSE
Severe Weather (WX),rq_6,"The survey is nearly complete. We have just a few more questions. In the last year, have you made a specific plan for how you and your family would communicate in an emergency situation if you were separated?",preparedness,yes_no_unsure,0 = No | 1 = Yes | 2 = Not sure,3,FALSE,FALSE
Severe Weather (WX),rq_7,"The survey is nearly complete. We have just a few more questions. In the last year, have you established a specific meeting place to reunite in the event you and your family cannot return home or are evacuated?",preparedness,yes_no_unsure,0 = No | 1 = Yes | 2 = Not sure,3,FALSE,FALSE
Severe Weather (WX),rq_8,"The survey is nearly complete. We have just a few more questions. In the last year, have you practiced or drilled on what to do in an emergency at home?",preparedness,yes_no_unsure,0 = No | 1 = Yes | 2 = Not sure,3,FALSE,FALSE
Severe Weather (WX),rq_9,"The survey is nearly complete. We have just a few more questions. In the last year, have you volunteered to help prepare for or respond to a major emergency?",preparedness,yes_no_unsure,0 = No | 1 = Yes | 2 = Not sure,3,FALSE,FALSE
Severe Weather (WX),rq_10,The survey is nearly complete. We have just a few more questions. Have you taken first aid training such as CPR in the past five years?,preparedness,yes_no_unsure,0 = No | 1 = Yes | 2 = Not sure,3,FALSE,FALSE
Severe Weather (WX),prop_impact,"Please indicate how strongly you agree or disagree with the following statements. When there is a forecast for extreme weather, I worry about the impact it will have on my property.",risk_perception,agree_5,1 = Strongly disagree | 2 = Disagree | 3 = Neither disagree nor agree | 4 = Agree | 5 = Strongly agree,5,FALSE,FALSE
Severe Weather (WX),prop_anything,"Please indicate how strongly you agree or disagree with the following statements. When extreme weather is coming, I am more concerned about potential damage to my property than anything else.",risk_perception,agree_5,1 = Strongly disagree | 2 = Disagree | 3 = Neither disagree nor agree | 4 = Agree | 5 = Strongly agree,5,FALSE,FALSE
Severe Weather (WX),prop_financial,Please indicate how strongly you agree or disagree with the following statements. Property damage from extreme weather would have a significant impact on me financially.,risk_perception,agree_5,1 = Strongly disagree | 2 = Disagree | 3 = Neither disagree nor agree | 4 = Agree | 5 = Strongly agree,5,FALSE,FALSE
Severe Weather (WX),prop_recover,Please indicate how strongly you agree or disagree with the following statements. I feel confident in my ability to recover if my property was damaged by an extreme weather event.,preparedness,agree_5,1 = Strongly disagree | 2 = Disagree | 3 = Neither disagree nor agree | 4 = Agree | 5 = Strongly agree,5,FALSE,FALSE
Severe Weather (WX),prop_secure,Please indicate how strongly you agree or disagree with the following statements. I can prepare and secure my property ahead of an extreme weather event.,preparedness,agree_5,1 = Strongly disagree | 2 = Disagree | 3 = Neither disagree nor agree | 4 = Agree | 5 = Strongly agree,5,FALSE,FALSE
Severe Weather (WX),sev_int_risk,"Forecasters often use a combination of phrases, scales, probabilities, and graphics to describe the risk of severe thunderstorms and tornadoes in an area. To begin, imagine that it is a Saturday morning at 8:00 AM and you see this forecast. How much risk does this forecast suggest for people in Location A?",graphics|risk_perception,risk_5,1 = No risk | 2 = Low risk | 3 = Medium risk | 4 = High risk | 5 = Extreme risk,5,TRUE,TRUE
Severe Weather (WX),sev_int_conf,How much do you agree or disagree with the following statement? I am confident I understand the risk for severe weather for people in Location A next Saturday.,graphics|comprehension,agree_5,1 = Strongly disagree | 2 = Disagree | 3 = Neither disagree nor agree | 4 = Agree | 5 = Strongly agree,5,TRUE,TRUE
Severe Weather (WX),sev_int_resp,How likely is it that you would change your plans for the day if you were in Location A?,graphics|response,likelihood_5,1 = Very unlikely | 2 = Somewhat unlikely | 3 = About as likely as not | 4 = Somewhat likely | 5 = Very likely,5,TRUE,TRUE
Severe Weather (WX),spc_word_def,Many words and phrases used to convey the risk of severe weather have descriptions associated with them. Below we have listed the definitions of different severe weather risk levels. Which definition do you think most closely aligns with a [spc_scale_level_disp] risk of severe weather? Note that the definitions are listed in random order.,forecast_products|comprehension,categorical,"1 = Isolated severe storms are possible; storms are limited in duration, coverage, and/or intensity. | 2 = Scattered severe storms are possible; storms are short-lived and not widespread. | 3 = Numerous severe storms are possible; storms are more persistent and/or widespread, a few storms are intense. | 4 = Widespread severe storms are likely; storms are long-lived, widespread, and intense. | 5 = Widespread severe storms are expected; storms are long-lived, widespread, and particularly intense.",5,TRUE,FALSE
Severe Weather (WX),spc_label_comp,"Currently, the Storm Prediction Center uses the following scale to convey the risk of tornadoes, damaging winds, and large hail in different parts of the country: Marginal risk, Slight risk, Enhanced risk, Moderate risk, High risk. On the previous pages, you saw a forecast from an experimental scale that may replace the current scale. The table below depicts the two alternatives - the current scale and the experimental scale. Which scale do you think helps you better understand your risk of severe weather?",graphics|forecast_products,categorical,1 = Current scale | 2 = Experimental scale | 3 = Not sure,3,TRUE,TRUE
Severe Weather (WX),threedays_message,"Imagine that it is Wednesday afternoon, and you live in a town called Bartlesville. You see a message from the National Weather Service about a possible tornado event on Saturday. Please choose which message is most useful to you. Again, please imagine that it is currently Wednesday afternoon (4 days before the event). Which message is most useful to you?",forecast_products,categorical,1 = There is a 10% chance (a medium chance) of a tornado happening within 25 miles of Bartlesville on Saturday. | 2 = If tornadoes form; they will most likely occur Saturday afternoon and early evening in the Bartlesville area. | 3 = If tornadoes form on Saturday near Bartlesville; make sure you know where a sturdy building is so you can take shelter.,3,FALSE,FALSE
Severe Weather (WX),oneday_message,"Now imagine that it is Saturday morning (the morning of the event), and you see another message about the possible tornado event. Which message is most useful to you now?",forecast_products,categorical,1 = The chance of tornadoes for Bartlesville and surrounding areas has increased for today. The chance is now 15%; which is a medium-high chance. | 2 = Tornadoes will be possible this afternoon and evening. They are most likely to occur between 2:00 pm and 6:00 pm in Bartlesville. | 3 = Make sure you are ready for a tornado event in Bartlesville today. Pack a to-go back; check that you have multiple ways to receive tornado warnings and know where your tornado safe place is located.,3,FALSE,FALSE
Severe Weather (WX),fifteenmins_message,"Now imagine that it is Saturday afternoon, and a tornado is happening near Bartlesville. You see another message from the National Weather Service. Which message is most useful to you now?",forecast_products,categorical,1 = The chance of the tornado hitting Bartlesville is now high (80%). | 2 = The tornado will impact Bartlesville in the next 15 minutes. | 3 = If you are in Bartlesville; take shelter in a sturdy building. Get into a storm shelter or basement if possible; or an interior room on the lowest floor.,3,FALSE,FALSE
Severe Weather (WX),threedays_source,"Some people look for information from different sources at different points in time. In the next few questions, we are going to give you a timeline and ask you to indicate the source of information that you are most likely to use at that time. At 3 days before the storm, which source would you be most likely to use?",channels,categorical,"1 = Broadcast radio | 2 = Weather radio (National Weather Service radio) | 3 = Television | 4 = Internet web pages focused on weather forecasts, such as those provided by the National Weather Service | 5 = Social media, such as Twitter or Facebook | 6 = Word-of-mouth (including telephone calls or texts) from family, friends, neighbors, employers, co-workers, etc. | 7 = Emergency notifications on your phone | 8 = Weather applications on your phone | 9 = Outdoor warning sirens",9,FALSE,FALSE
Severe Weather (WX),oneday_source,"Some people look for information from different sources at different points in time. In the next few questions, we are going to give you a timeline and ask you to indicate the source of information that you are most likely to use at that time. At 1 day before the storm, which source is the most important?",channels,categorical,"1 = Broadcast radio | 2 = Weather radio (National Weather Service radio) | 3 = Television | 4 = Internet web pages focused on weather forecasts, such as those provided by the National Weather Service | 5 = Social media, such as Twitter or Facebook | 6 = Word-of-mouth (including telephone calls or texts) from family, friends, neighbors, employers, co-workers, etc. | 7 = Emergency notifications on your phone | 8 = Weather applications on your phone | 9 = Outdoor warning sirens",9,FALSE,FALSE
Severe Weather (WX),fourhours_source,"Some people look for information from different sources at different points in time. In the next few questions, we are going to give you a timeline and ask you to indicate the source of information that you are most likely to use at that time. At 4 hours before the storm, which source is the most important?",channels,categorical,"1 = Broadcast radio | 2 = Weather radio (National Weather Service radio) | 3 = Television | 4 = Internet web pages focused on weather forecasts, such as those provided by the National Weather Service | 5 = Social media, such as Twitter or Facebook | 6 = Word-of-mouth (including telephone calls or texts) from family, friends, neighbors, employers, co-workers, etc. | 7 = Emergency notifications on your phone | 8 = Weather applications on your phone | 9 = Outdoor warning sirens",9,FALSE,FALSE
Severe Weather (WX),sixtymin_source,"Some people look for information from different sources at different points in time. In the next few questions, we are going to give you a timeline and ask you to indicate the source of information that you are most likely to use at that time. At 60 minutes before the storm, which source is the most important?",channels,categorical,"1 = Broadcast radio | 2 = Weather radio (National Weather Service radio) | 3 = Television | 4 = Internet web pages focused on weather forecasts, such as those provided by the National Weather Service | 5 = Social media, such as Twitter or Facebook | 6 = Word-of-mouth (including telephone calls or texts) from family, friends, neighbors, employers, co-workers, etc. | 7 = Emergency notifications on your phone | 8 = Weather applications on your phone | 9 = Outdoor warning sirens",9,FALSE,FALSE
Severe Weather (WX),fifteenmin_source,"Some people look for information from different sources at different points in time. In the next few questions, we are going to give you a timeline and ask you to indicate the source of information that you are most likely to use at that time. At 15 minutes before the storm, which source is the most important?",channels,categorical,"1 = Broadcast radio | 2 = Weather radio (National Weather Service radio) | 3 = Television | 4 = Internet web pages focused on weather forecasts, such as those provided by the National Weather Service | 5 = Social media, such as Twitter or Facebook | 6 = Word-of-mouth (including telephone calls or texts) from family, friends, neighbors, employers, co-workers, etc. | 7 = Emergency notifications on your phone | 8 = Weather applications on your phone | 9 = Outdoor warning sirens",9,FALSE,FALSE
Severe Weather (WX),svr_number,"Now we have some questions about SEVERE THUNDERSTORM WARNINGS. If you had to guess, about how many severe thunderstorm warnings does your area receive in an average year?",comprehension,categorical,1 = 0 | 2 = Between 1 and 10 | 3 = Between 11 and 50 | 4 = Between 51 and 100 | 5 = More than 100,5,FALSE,FALSE
Severe Weather (WX),torn_svr_imp,"Now we have some questions about SEVERE THUNDERSTORM WARNINGS. In your opinion, how important are severe thunderstorm warnings to help protect yourself from dangerous weather?",forecast_products,importance_5,1 = Not at all important | 2 = Slightly important | 3 = Neutral | 4 = Moderately important | 5 = Extremely important,5,FALSE,FALSE
Severe Weather (WX),torn_svr_many,Now we have some questions about SEVERE THUNDERSTORM WARNINGS. Please fill in the blank in the following statement: The National Weather Service issues _________________ severe thunderstorm warnings.,forecast_products,calibration_5,1 = Way too few | 2 = Slightly too few | 3 = The right amount of | 4 = Slightly too many | 5 = Way too many,5,FALSE,FALSE
Severe Weather (WX),hia_cncrn,Now we are going to show you an example message from the National Weather Service and ask you how you might respond if you got this message. We know this can be difficult without more information. Just give us your first impression. If you saw this message and you were in the impacted area... How concerned would you be about the severe thunderstorm?,graphics|risk_perception,concern_5,1 = Not at all concerned | 2 = Not very concerned | 3 = Somewhat concerned | 4 = Very concerned | 5 = Extremely concerned,5,TRUE,TRUE
Severe Weather (WX),hia_act,Now we are going to show you an example message from the National Weather Service and ask you how you might respond if you got this message. We know this can be difficult without more information. Just give us your first impression. If you saw this message and you were in the impacted area... Would you take actions to protect yourself from the severe thunderstorm?,graphics|response,certainty_5,1 = Definitely no | 2 = Probably no | 3 = Not sure | 4 = Probably yes | 5 = Definitely yes,5,TRUE,TRUE
Severe Weather (WX),hia_act_conf,Now we are going to show you an example message from the National Weather Service and ask you how you might respond if you got this message. We know this can be difficult without more information. Just give us your first impression. If you saw this message and you were in the impacted area... How confident are you that the actions you might take to protect yourself from the severe thunderstorm would be effective?,graphics|response,confidence_5,1 = Not at all confident | 2 = Not very confident | 3 = Somewhat confident | 4 = Very confident | 5 = Extremely confident,5,TRUE,TRUE
Severe Weather (WX),cond_risk_trust,"Forecasters do the best they can, but sometimes they underestimate or overestimate the probability that a storm system will cause a tornado. We are interested in how these miscalculations might influence your trust in future forecasts. Again, imagine that it is a Saturday morning at 8:00 AM and you see this forecast: [rand_clim_format]. As the day progresses, imagine that you see some rain and lightning, but the storm does not produce a tornado with 25 miles of your residence. How would this influence your trust in future forecasts?",forecast_products|trust,trust_change_5,1 = It would strongly reduce my trust | 2 = It would reduce my trust | 3 = It would have no effect on my trust | 4 = It would increase my trust | 5 = It would strongly increase my trust,5,TRUE,FALSE
Severe Weather (WX),spc_cp_risk,"Now, please look at this example forecast from a few months ago. How much risk does this forecast suggest for people in Location A?",graphics|risk_perception,risk_5,1 = No risk | 2 = Low risk | 3 = Medium risk | 4 = High risk | 5 = Extreme risk,5,TRUE,TRUE
Severe Weather (WX),spc_cp_resp,"Now, please look at this example forecast from a few months ago. How likely is it that you would change your plans for the day if you were in Location A?",graphics|response,likelihood_5,1 = Very unlikely | 2 = Somewhat unlikely | 3 = About as likely as not | 4 = Somewhat likely | 5 = Very likely,5,TRUE,TRUE
Severe Weather (WX),spc_ci_risk,"Finally, please look at a different forecast from a few months ago. How much risk does this forecast suggest for people in Location A?",graphics|risk_perception,risk_5,1 = No risk | 2 = Low risk | 3 = Medium risk | 4 = High risk | 5 = Extreme risk,5,TRUE,TRUE
Severe Weather (WX),spc_ci_conf,"Finally, please look at a different forecast from a few months ago. How much do you agree or disagree with the following statement? I am confident I understand the risk for severe weather for people in Location A next Saturday.",graphics|comprehension,agree_5,1 = Strongly disagree | 2 = Disagree | 3 = Neither disagree nor agree | 4 = Agree | 5 = Strongly agree,5,TRUE,TRUE
Severe Weather (WX),spc_ci_resp,"Finally, please look at a different forecast from a few months ago. How likely is it that you would change your plans for the day if you were in Location A?",graphics|response,likelihood_5,1 = Very unlikely | 2 = Somewhat unlikely | 3 = About as likely as not | 4 = Somewhat likely | 5 = Very likely,5,TRUE,TRUE
Severe Weather (WX),rel_1,Can you tell us how strongly you agree with the following statements? I don't need to take protective action during disasters because I believe that God will protect me.,religion|response,agree_5,1 = Strongly disagree | 2 = Disagree | 3 = Neither disagree nor agree | 4 = Agree | 5 = Strongly agree,5,FALSE,FALSE
Severe Weather (WX),rel_2,Can you tell us how strongly you agree with the following statements? My actions during disasters don't matter because God has a plan for me.,religion|response,agree_5,1 = Strongly disagree | 2 = Disagree | 3 = Neither disagree nor agree | 4 = Agree | 5 = Strongly agree,5,FALSE,FALSE
Severe Weather (WX),rel_3,"Can you tell us how strongly you agree with the following statements? I can control small things, but ultimately God has control of what happens to me during disasters.",religion|response,agree_5,1 = Strongly disagree | 2 = Disagree | 3 = Neither disagree nor agree | 4 = Agree | 5 = Strongly agree,5,FALSE,FALSE
Severe Weather (WX),rel_4,Can you tell us how strongly you agree with the following statements? I believe that God leaves it up to me to make good decisions during disasters.,religion|response,agree_5,1 = Strongly disagree | 2 = Disagree | 3 = Neither disagree nor agree | 4 = Agree | 5 = Strongly agree,5,FALSE,FALSE
Severe Weather (WX),rel_5,Do your religious beliefs play a role in the way your respond to disasters?,religion|response,certainty_5,1 = Definitely no | 2 = Probably no | 3 = Not sure | 4 = Probably yes | 5 = Definitely yes,5,FALSE,FALSE
Severe Weather (WX),long_forcast,"Some meteorologists provide daily temperature and rain forecasts many days in advance. We want to know what you think about these forecasts. If you were to guess, about how far in advance can meteorologists accurately forecast daily temperatures and rain?",forecast_products|comprehension,categorical,1 = 5 days or less | 2 = 7 days | 3 = 10 days | 4 = 2 weeks | 5 = 4 weeks | 6 = 8 weeks | 7 = 2 months or more,7,FALSE,FALSE
Severe Weather (WX),covid_risk,"As you know, COVID-19 has had (and continues to have) a large impact on society. For some people, it may cause them to pay less attention to extreme weather risks or make it more difficult to take protective action in response to them. How do you rate the risk of COVID-19 in relation to extreme weather risks to you and the people in your area?",risk_perception,risk_comparison_5,1 = The risk of COVID-19 is significantly lower than the risk of extreme weather | 2 = The risk of COVID-19 is lower than the risk of extreme weather | 3 = The risks are about the same | 4 = The risk of COVID-19 is higher than the risk of extreme weather | 5 = The risk of COVID-19 is significantly higher than the risk of extreme weather,5,FALSE,FALSE
Severe Weather (WX),covid_attention,"As you know, COVID-19 has had (and continues to have) a large impact on society. For some people, it may cause them to pay less attention to extreme weather risks or make it more difficult to take protective action in response to them. Do you pay less attention to extreme weather risks than you did before COVID-19?",risk_perception|engagement,certainty_5,1 = Definitely no | 2 = Probably no | 3 = Not sure | 4 = Probably yes | 5 = Definitely yes,5,FALSE,FALSE
Severe Weather (WX),covid_respond,"As you know, COVID-19 has had (and continues to have) a large impact on society. For some people, it may cause them to pay less attention to extreme weather risks or make it more difficult to take protective action in response to them. Do you think COVID-19 will make it more difficult for you and other people in your area to take protective action in response to extreme weather events in the next few weeks?",response,certainty_5,1 = Definitely no | 2 = Probably no | 3 = Not sure | 4 = Probably yes | 5 = Definitely yes,5,FALSE,FALSE
Severe Weather (WX),forcast_loc,Severe weather forecasts often include multiple pieces of information. We want to know how important each of the following pieces of information is to you. Please drag the boxes below to rank each piece of information from most important (top) to least important (bottom). Location: what area is the storm going to affect?,forecast_products,ranking,NA,6,FALSE,FALSE
Severe Weather (WX),forcast_time,Severe weather forecasts often include multiple pieces of information. We want to know how important each of the following pieces of information is to you. Please drag the boxes below to rank each piece of information from most important (top) to least important (bottom). Timing: when is the storm going to happen?,forecast_products,ranking,NA,6,FALSE,FALSE
Severe Weather (WX),forcast_prob,Severe weather forecasts often include multiple pieces of information. We want to know how important each of the following pieces of information is to you. Please drag the boxes below to rank each piece of information from most important (top) to least important (bottom). Chance: how likely is the storm to occur?,forecast_products,ranking,NA,6,FALSE,FALSE
Severe Weather (WX),forcast_sev,"Severe weather forecasts often include multiple pieces of information. We want to know how important each of the following pieces of information is to you. Please drag the boxes below to rank each piece of information from most important (top) to least important (bottom). Severity: how intense is the storm going to be (for example: wind speed, hail size, amount of rain)?",forecast_products,ranking,NA,6,FALSE,FALSE
Severe Weather (WX),forcast_impact,"Severe weather forecasts often include multiple pieces of information. We want to know how important each of the following pieces of information is to you. Please drag the boxes below to rank each piece of information from most important (top) to least important (bottom). Impacts: how might the storm impact you and surrounding areas? (for example: poor visibility, traffic delays, power outages, property damage)",forecast_products,ranking,NA,6,FALSE,FALSE
Severe Weather (WX),forcast_safe,"Severe weather forecasts often include multiple pieces of information. We want to know how important each of the following pieces of information is to you. Please drag the boxes below to rank each piece of information from most important (top) to least important (bottom). Protective actions: how can you stay safe during the storm? (for example: slow down when driving, stay inside, seek shelter)",forecast_products|response,ranking,NA,6,FALSE,FALSE
Severe Weather (WX),three_days,"Some people look for different kinds of information at different points in time. In the next few questions, we are going to give you a timeline and ask you to indicate the type of information that is most important at each point in time. 3 days before the storm",forecast_products,info_type_6,1 = Location: what area is the storm going to affect? | 2 = Timing: when is the storm going to happen? | 3 = Chance: how likely is the storm to occur? | 4 = Severity: how intense is the storm going to be? | 5 = Impacts: how might the storm impact you and surrounding areas? | 6 = Protective actions: how can you stay safe during the storm?,6,FALSE,FALSE
Severe Weather (WX),one_day,"Some people look for different kinds of information at different points in time. In the next few questions, we are going to give you a timeline and ask you to indicate the type of information that is most important at each point in time. 1 day before the storm",forecast_products,info_type_6,1 = Location: what area is the storm going to affect? | 2 = Timing: when is the storm going to happen? | 3 = Chance: how likely is the storm to occur? | 4 = Severity: how intense is the storm going to be? | 5 = Impacts: how might the storm impact you and surrounding areas? | 6 = Protective actions: how can you stay safe during the storm?,6,FALSE,FALSE
Severe Weather (WX),four_hours,"Some people look for different kinds of information at different points in time. In the next few questions, we are going to give you a timeline and ask you to indicate the type of information that is most important at each point in time. 4 hours before the storm",forecast_products,info_type_6,1 = Location: what area is the storm going to affect? | 2 = Timing: when is the storm going to happen? | 3 = Chance: how likely is the storm to occur? | 4 = Severity: how intense is the storm going to be? | 5 = Impacts: how might the storm impact you and surrounding areas? | 6 = Protective actions: how can you stay safe during the storm?,6,FALSE,FALSE
Severe Weather (WX),sixty_min,"Some people look for different kinds of information at different points in time. In the next few questions, we are going to give you a timeline and ask you to indicate the type of information that is most important at each point in time. 60 minutes before the storm",forecast_products,info_type_6,1 = Location: what area is the storm going to affect? | 2 = Timing: when is the storm going to happen? | 3 = Chance: how likely is the storm to occur? | 4 = Severity: how intense is the storm going to be? | 5 = Impacts: how might the storm impact you and surrounding areas? | 6 = Protective actions: how can you stay safe during the storm?,6,FALSE,FALSE
Severe Weather (WX),fifteen_min,"Some people look for different kinds of information at different points in time. In the next few questions, we are going to give you a timeline and ask you to indicate the type of information that is most important at each point in time. 15 minutes before the storm",forecast_products,info_type_6,1 = Location: what area is the storm going to affect? | 2 = Timing: when is the storm going to happen? | 3 = Chance: how likely is the storm to occur? | 4 = Severity: how intense is the storm going to be? | 5 = Impacts: how might the storm impact you and surrounding areas? | 6 = Protective actions: how can you stay safe during the storm?,6,FALSE,FALSE
Severe Weather (WX),watch_leadtime,"A tornado WATCH means that tornadoes are possible in and near the watch area. The National Weather Service suggests that people do the following if they are in a tornado WATCH: review and discuss your emergency plans, check supplies, and check your safe room. Be ready to act quickly if a warning is issued or you suspect a tornado is approaching. Forecasters are trying to decide how much time to give people between the issuance of a tornado WATCH and the beginning of a storm at their location. Many people want much time as possible, but forecasters must strike a balance between time and confidence. Giving people more time may mean that forecasters have less confidence about the location, timing, chance, severity, and impacts a possible storm. How much time do you think forecasters should give people between the issuance of a tornado WATCH and the beginning of a storm at their location?",forecast_products|comprehension,lead_time_8,1 = Less than 1 hour | 2 = 1 hour | 3 = 2 hours | 4 = 3 hours | 5 = 4 hours | 6 = 5 hours | 7 = 6 hours | 8 = More than 6 hours,8,FALSE,FALSE
Severe Weather (WX),long_tweet,"As you may know, there is a lot of information about the weather. Some of it is scientifically credible and some of it is not. Please click through the next few pages and tell us which forecasts seem credible and which forecasts do not. By credible, we do not mean that the forecast is correct; we mean that is scientifically possible and reliable. Note that these are EXAMPLE forecasts from the PAST. They ARE NOT current forecasts. Some of the examples are scientifically credible and some are not. Do you think this forecast is credible?",graphics|trust|forecast_products,certainty_5,1 = Definitely no | 2 = Probably no | 3 = Not sure | 4 = Probably yes | 5 = Definitely yes,5,TRUE,TRUE
Severe Weather (WX),hurr_tweet,"As you may know, there is a lot of information about the weather. Some of it is scientifically credible and some of it is not. Please click through the next few pages and tell us which forecasts seem credible and which forecasts do not. By credible, we do not mean that the forecast is correct; we mean that is scientifically possible and reliable. Note that these are EXAMPLE forecasts from the PAST. They ARE NOT current forecasts. Some of the examples are scientifically credible and some are not. Do you think this forecast is credible?",graphics|trust|forecast_products,certainty_5,1 = Definitely no | 2 = Probably no | 3 = Not sure | 4 = Probably yes | 5 = Definitely yes,5,TRUE,TRUE
Severe Weather (WX),torn_tweet,"As you may know, there is a lot of information about the weather. Some of it is scientifically credible and some of it is not. Please click through the next few pages and tell us which forecasts seem credible and which forecasts do not. By credible, we do not mean that the forecast is correct; we mean that is scientifically possible and reliable. Note that these are EXAMPLE forecasts from the PAST. They ARE NOT current forecasts. Some of the examples are scientifically credible and some are not. Do you think this forecast is credible?",graphics|trust|forecast_products,certainty_5,1 = Definitely no | 2 = Probably no | 3 = Not sure | 4 = Probably yes | 5 = Definitely yes,5,TRUE,TRUE
Severe Weather (WX),drought_tweet,"As you may know, there is a lot of information about the weather. Some of it is scientifically credible and some of it is not. Please click through the next few pages and tell us which forecasts seem credible and which forecasts do not. By credible, we do not mean that the forecast is correct; we mean that is scientifically possible and reliable. Note that these are EXAMPLE forecasts from the PAST. They ARE NOT current forecasts. Some of the examples are scientifically credible and some are not. Do you think this forecast is credible?",graphics|trust|forecast_products,certainty_5,1 = Definitely no | 2 = Probably no | 3 = Not sure | 4 = Probably yes | 5 = Definitely yes,5,TRUE,TRUE
Severe Weather (WX),rain_tweet,"As you may know, there is a lot of information about the weather. Some of it is scientifically credible and some of it is not. Please click through the next few pages and tell us which forecasts seem credible and which forecasts do not. By credible, we do not mean that the forecast is correct; we mean that is scientifically possible and reliable. Note that these are EXAMPLE forecasts from the PAST. They ARE NOT current forecasts. Some of the examples are scientifically credible and some are not. Do you think this forecast is credible?",graphics|trust|forecast_products,certainty_5,1 = Definitely no | 2 = Probably no | 3 = Not sure | 4 = Probably yes | 5 = Definitely yes,5,TRUE,TRUE
Severe Weather (WX),tom_warn_trust,Imagine that it is Saturday night at 8:00 PM and you get a tornado warning indicating that there is a high risk for tornadoes at your location in the next [lead_time: 15 | 30 | 60] minutes. How much trust would you have in the accuracy of this forecast?,trust|forecast_products,trust_5,1 = No trust | 2 = Low trust | 3 = Moderate trust | 4 = High trust | 5 = Complete trust,5,TRUE,FALSE
Severe Weather (WX),tom_warn_conf,Imagine that it is Saturday night at 8:00 PM and you get a tornado warning indicating that there is a high risk for tornadoes at your location in the next [lead_time: 15 | 30 | 60] minutes. How confident are you that you would take the action you describe?,response,confidence_5,1 = Not at all confident | 2 = Not very confident | 3 = Somewhat confident | 4 = Very confident | 5 = Extremely confident,5,TRUE,FALSE
Severe Weather (WX),tom_day1_trust,"Now, we want you to think about the actions you might take if you have more advance notice of a storm that may produce tornadoes. Imagine that it is Saturday morning at 8:00 AM and you get a tornado outlook indicating that there is a high risk for tornadoes at your location on Saturday [add_time: afternoon and evening | night between 6:00 PM and 10:00 PM]. How much trust would you have in the accuracy of this forecast?",trust|forecast_products,trust_5,1 = No trust | 2 = Low trust | 3 = Moderate trust | 4 = High trust | 5 = Complete trust,5,TRUE,FALSE
Severe Weather (WX),tom_day1_conf,"Now, we want you to think about the actions you might take if you have more advance notice of a storm that may produce tornadoes. Imagine that it is Saturday morning at 8:00 AM and you get a tornado outlook indicating that there is a high risk for tornadoes at your location on Saturday [add_time: afternoon and evening | night between 6:00 PM and 10:00 PM]. How confident are you that you would take the action you describe?",response,confidence_5,1 = Not at all confident | 2 = Not very confident | 3 = Somewhat confident | 4 = Very confident | 5 = Extremely confident,5,TRUE,FALSE
Severe Weather (WX),trust_facc,"People think about many factors when deciding how much they trust a person, group, or organization that provides weather information. How important are the following factors to you? Forecast accuracy",trust|sources,importance_5,1 = Not at all important | 2 = Not very important | 3 = Somewhat important | 4 = Very important | 5 = Extremely important,5,FALSE,FALSE
Severe Weather (WX),trust_loc,"People think about many factors when deciding how much they trust a person, group, or organization that provides weather information. How important are the following factors to you? Knowledge of my area",trust|sources,importance_5,1 = Not at all important | 2 = Not very important | 3 = Somewhat important | 4 = Very important | 5 = Extremely important,5,FALSE,FALSE
Severe Weather (WX),trust_simp,"People think about many factors when deciding how much they trust a person, group, or organization that provides weather information. How important are the following factors to you? Simple communication",trust|sources,importance_5,1 = Not at all important | 2 = Not very important | 3 = Somewhat important | 4 = Very important | 5 = Extremely important,5,FALSE,FALSE
Severe Weather (WX),trust_comp,"People think about many factors when deciding how much they trust a person, group, or organization that provides weather information. How important are the following factors to you? Comprehensive information",trust|sources,importance_5,1 = Not at all important | 2 = Not very important | 3 = Somewhat important | 4 = Very important | 5 = Extremely important,5,FALSE,FALSE
Severe Weather (WX),trust_soc,"People think about many factors when deciding how much they trust a person, group, or organization that provides weather information. How important are the following factors to you? Friend/family recommendations",trust|sources,importance_5,1 = Not at all important | 2 = Not very important | 3 = Somewhat important | 4 = Very important | 5 = Extremely important,5,FALSE,FALSE
Severe Weather (WX),trust_acc,"People think about many factors when deciding how much they trust a person, group, or organization that provides weather information. How important are the following factors to you? Easy access",trust|sources,importance_5,1 = Not at all important | 2 = Not very important | 3 = Somewhat important | 4 = Very important | 5 = Extremely important,5,FALSE,FALSE
Severe Weather (WX),prc_1,"Now we want to know how you interpret more specific probabilities in weather forecasts. If you don't know an answer to one of the following questions, please provide your best guess. Assuming no knowledge of a specific storm, on average what are the chances that a tornado will occur within 25 miles of your residence on any given day?",comprehension|numeracy,categorical,1 = Less than 1% | 2 = Between 1% and 5% | 3 = Between 5% and 10%,3,FALSE,FALSE
Severe Weather (WX),prc_2,"Now we want to know how you interpret more specific probabilities in weather forecasts. If you don't know an answer to one of the following questions, please provide your best guess. Assuming no knowledge of a specific storm, please select the forecast that indicates the highest chance that you will experience a tornado tomorrow. If the chances are equal, select option three.",comprehension|numeracy,categorical,1 = There is a 50% chance that a tornado will occur within 25 miles of your location tomorrow. | 2 = There is a 2% chance that a tornado will occur within 1 mile of your location tomorrow. | 3 = The forecasts are equal.,3,FALSE,FALSE
Severe Weather (WX),prc_3,"Now we want to know how you interpret more specific probabilities in weather forecasts. If you don't know an answer to one of the following questions, please provide your best guess. Assuming no knowledge of a specific storm, please select the forecast that indicates the highest chance that you will experience a tornado tomorrow. If the chances are equal, select option three.",comprehension|numeracy,categorical,"1 = There is a 70% chance that a severe thunderstorm will develop within 25 miles of your location tomorrow; if a severe thunderstorm develops, there is a 10% chance that a tornado will occur within 25 miles of your location. | 2 = There is a 2% chance that a tornado will occur within 25 miles of your location tomorrow. | 3 = The forecasts are equal.",3,FALSE,FALSE
Severe Weather (WX),prc_4,"Now we want to know how you interpret more specific probabilities in weather forecasts. If you don't know an answer to one of the following questions, please provide your best guess. Imagine that forecasters believe there will be a severe thunderstorm in your area tomorrow afternoon that will cause flash flooding within 25 miles of your location. There is also a 1% chance that it will cause a tornado within 25 miles of your location. Which of the following events is more likely?",comprehension|numeracy,categorical,1 = A tornado will occur in your area. | 2 = A flash flood and a tornado will occur in your area.,2,FALSE,FALSE
Severe Weather (WX),prc_5,"Now we want to know how you interpret more specific probabilities in weather forecasts. If you don't know an answer to one of the following questions, please provide your best guess. Imagine that you live in a place that gets an average of one day of rain each week. Assuming no knowledge of a specific storm, what are the chances that you will get rain on any given day of the week?",comprehension|numeracy,categorical,1 = Less than 10% | 2 = Between 10% and 20% | 3 = More than 20%,3,FALSE,FALSE
Severe Weather (WX),spc_mar,The National Weather Service Storm Prediction Center uses the following phrases to describe the risk of severe thunderstorms and tornadoes. We want to know what these phrases mean to you. Can you rank them from one (lowest risk) to five (highest risk)? Marginal Risk,comprehension|forecast_products,ranking,NA,5,FALSE,FALSE
Severe Weather (WX),spc_sli,The National Weather Service Storm Prediction Center uses the following phrases to describe the risk of severe thunderstorms and tornadoes. We want to know what these phrases mean to you. Can you rank them from one (lowest risk) to five (highest risk)? Slight Risk,comprehension|forecast_products,ranking,NA,5,FALSE,FALSE
Severe Weather (WX),spc_enh,The National Weather Service Storm Prediction Center uses the following phrases to describe the risk of severe thunderstorms and tornadoes. We want to know what these phrases mean to you. Can you rank them from one (lowest risk) to five (highest risk)? Enhanced Risk,comprehension|forecast_products,ranking,NA,5,FALSE,FALSE
Severe Weather (WX),spc_mod,The National Weather Service Storm Prediction Center uses the following phrases to describe the risk of severe thunderstorms and tornadoes. We want to know what these phrases mean to you. Can you rank them from one (lowest risk) to five (highest risk)? Moderate Risk,comprehension|forecast_products,ranking,NA,5,FALSE,FALSE
Severe Weather (WX),spc_hig,The National Weather Service Storm Prediction Center uses the following phrases to describe the risk of severe thunderstorms and tornadoes. We want to know what these phrases mean to you. Can you rank them from one (lowest risk) to five (highest risk)? High Risk,comprehension|forecast_products,ranking,NA,5,FALSE,FALSE
Severe Weather (WX),spc_mar_col,The Storm Prediction Center also uses colors to describe the risk of severe thunderstorms and tornadoes. We want to know what these colors mean to you. Can you rank these colors from one (lowest risk) to five (highest risk)? BOX [color code: #00B050],graphics|comprehension,ranking,NA,5,FALSE,TRUE
Severe Weather (WX),spc_sli_col,The Storm Prediction Center also uses colors to describe the risk of severe thunderstorms and tornadoes. We want to know what these colors mean to you. Can you rank these colors from one (lowest risk) to five (highest risk)? BOX [color code: #FFFF00],graphics|comprehension,ranking,NA,5,FALSE,TRUE
Severe Weather (WX),spc_enh_col,The Storm Prediction Center also uses colors to describe the risk of severe thunderstorms and tornadoes. We want to know what these colors mean to you. Can you rank these colors from one (lowest risk) to five (highest risk)? BOX [color code: #FFA329],graphics|comprehension,ranking,NA,5,FALSE,TRUE
Severe Weather (WX),spc_mod_col,The Storm Prediction Center also uses colors to describe the risk of severe thunderstorms and tornadoes. We want to know what these colors mean to you. Can you rank these colors from one (lowest risk) to five (highest risk)? BOX [color code: #FF0000],graphics|comprehension,ranking,NA,5,FALSE,TRUE
Severe Weather (WX),spc_hig_col,The Storm Prediction Center also uses colors to describe the risk of severe thunderstorms and tornadoes. We want to know what these colors mean to you. Can you rank these colors from one (lowest risk) to five (highest risk)? BOX [color code: #FF00FF],graphics|comprehension,ranking,NA,5,FALSE,TRUE
Severe Weather (WX),short_torhit_resp_confidence,Imagine that it is 5:00 PM tomorrow evening and you are extremely confident that a large tornado will hit your location in the next [short_torhit_time: 2 | 15] minutes. How confident are you that you would take this action?,response,confidence_5,1 = Not at all confident | 2 = Not very confident | 3 = Somewhat confident | 4 = Very confident | 5 = Extremely confident,5,TRUE,FALSE
Severe Weather (WX),short_torhit_resp_protect,Imagine that it is 5:00 PM tomorrow evening and you are extremely confident that a large tornado will hit your location in the next [short_torhit_time: 2 | 15] minutes. How confident are you that taking this action would protect you from the tornado?,response,confidence_5,1 = Not at all confident | 2 = Not very confident | 3 = Somewhat confident | 4 = Very confident | 5 = Extremely confident,5,TRUE,FALSE
Severe Weather (WX),long_torhit_resp_confidence,Imagine that it is 9:00 AM tomorrow morning and you are somewhat confident that a large tornado will hit your location in the next [long_torhit_time: 4 | 8] hours. How confident are you that you would take this action?,response,confidence_5,1 = Not at all confident | 2 = Not very confident | 3 = Somewhat confident | 4 = Very confident | 5 = Extremely confident,5,TRUE,FALSE
Severe Weather (WX),long_torhit_resp_protect,Imagine that it is 9:00 AM tomorrow morning and you are somewhat confident that a large tornado will hit your location in the next [long_torhit_time: 4 | 8] hours. How confident are you that taking this action would protect you from the tornado?,response,confidence_5,1 = Not at all confident | 2 = Not very confident | 3 = Somewhat confident | 4 = Very confident | 5 = Extremely confident,5,TRUE,FALSE
Severe Weather (WX),transp_delay,"If you had to guess, about how many days in an average year do extreme weather events of any kind cause traffic delays in your local area?",experience,frequency_days_4,1 = Less than 5 days a year | 2 = 5 to 10 days a year | 3 = 11 to 20 days a year | 4 = More than 20 days a year,4,FALSE,FALSE
Severe Weather (WX),transp_closures,"If you had to guess, about how many days in an average year do extreme weather events of any kind cause road closures in your local area?",experience,frequency_days_4,1 = Less than 5 days a year | 2 = 5 to 10 days a year | 3 = 11 to 20 days a year | 4 = More than 20 days a year,4,FALSE,FALSE
Severe Weather (WX),transp_accidents,"If you had to guess, about how many days in an average year do extreme weather events of any kind cause traffic accidents in your local area?",experience,frequency_days_4,1 = Less than 5 days a year | 2 = 5 to 10 days a year | 3 = 11 to 20 days a year | 4 = More than 20 days a year,4,FALSE,FALSE
Severe Weather (WX),transp_qual,"In your opinion, how vulnerable are the roads and bridges in your local area to extreme weather events of any kind?",risk_perception,vulnerability_5,1 = Not at all vulnerable | 2 = Somewhat vulnerable | 3 = Vulnerable | 4 = Very vulnerable | 5 = Extremely vulnerable,5,FALSE,FALSE
Severe Weather (WX),transp_spend,"In your opinion, should the government in your local area spend more, less, or about the same amount of money to improve the resilience of roads and bridges to extreme weather events of any kind?",mitigation,support_tax_5,1 = A lot less | 2 = A little less | 3 = About the same | 4 = A little more | 5 = A lot more,5,FALSE,FALSE
Severe Weather (WX),mi_fa_should,"Forecasters at the National Weather Service consider many factors when making decisions about when to issue tornado WARNINGS. For instance, they must decide when they have enough evidence to say that a tornado is likely. Some forecasters issue warnings with moderate evidence; this can increase the possibility of ""false alarms"" but decrease the possibility that a tornado will occur without a warning. Other forecasters prefer strong evidence before they alert the public; this can decrease the possibility of ""false alarms"" but increase the possibility that a tornado will occur without a warning. In your opinion, how SHOULD forecasters in your area balance the possibility of false alarms vs. the possibility that a tornado will occur without a warning?",forecast_products|trust,tradeoff_4,1 = Minimize the possibility that a tornado will occur without a warning | 2 = Lean towards limiting the possibility that a tornado will occur without a warning | 3 = Lean towards limiting the possibility of false alarms | 4 = Minimize the possibility of false alarms,4,FALSE,FALSE
Severe Weather (WX),mi_fa_do,"Forecasters at the National Weather Service consider many factors when making decisions about when to issue tornado WARNINGS. For instance, they must decide when they have enough evidence to say that a tornado is likely. Some forecasters issue warnings with moderate evidence; this can increase the possibility of ""false alarms"" but decrease the possibility that a tornado will occur without a warning. Other forecasters prefer strong evidence before they alert the public; this can decrease the possibility of ""false alarms"" but increase the possibility that a tornado will occur without a warning. In your opinion, how DO forecasters in your area currently balance the possibility of false alarms vs. the possibility that a tornado will occur without a warning?",forecast_products|trust,tradeoff_4,1 = Minimize the possibility that a tornado will occur without a warning | 2 = Lean towards limiting the possibility that a tornado will occur without a warning | 3 = Lean towards limiting the possibility of false alarms | 4 = Minimize the possibility of false alarms,4,FALSE,FALSE
Severe Weather (WX),leadtime_should,"Forecasters must consider time as well. Some forecasters issue tornado WARNINGS as soon as possible, which can increase the amount of ""lead time"" that people have to make decisions, but decrease the precision and accuracy of the warning. Other forecasters wait for more evidence to come in before they issue warnings, which can decrease the amount of ""lead time"" that people have to make decisions, but increase the precision and accuracy of the warning. In your opinion, how SHOULD forecasters in your area balance considerations of lead time vs. accuracy?",forecast_products,tradeoff_4,1 = Maximize lead time | 2 = Lean towards more lead time | 3 = Lean towards more precision/accuracy | 4 = Maximize precision/accuracy,4,FALSE,FALSE
Severe Weather (WX),leadtime_do,"Forecasters must consider time as well. Some forecasters issue tornado WARNINGS as soon as possible, which can increase the amount of ""lead time"" that people have to make decisions, but decrease the precision and accuracy of the warning. Other forecasters wait for more evidence to come in before they issue warnings, which can decrease the amount of ""lead time"" that people have to make decisions, but increase the precision and accuracy of the warning. In your opinion, how DO forecasters in your area currently balance considerations of lead time vs. accuracy?",forecast_products,tradeoff_4,1 = Maximize lead time | 2 = Lean towards more lead time | 3 = Lean towards more precision/accuracy | 4 = Maximize precision/accuracy,4,FALSE,FALSE
Severe Weather (WX),uncert_should,"Finally, forecasters must consider uncertainty. In most instances, forecasters are not 100% sure where and when a tornado will (or will not) happen. They are also not sure how damaging a tornado will (or will not) be if it happens. In these instances, some forecasters use their ""best guess"" to issue relatively simple warnings, which can decrease the amount of information that people have to make decisions and take protective actions, but increase the simplicity of the information. Other forecasters give people a range of possibilities and/or probabilities in more complex warnings, which can increase the amount of information that people have to make decisions and take protective actions, but decrease the simplicity of the information. In your opinion, how SHOULD forecasters in your area balance considerations of simplicity vs. more information?",forecast_products,tradeoff_4,1 = Maximize simplicity | 2 = Lean towards simplicity | 3 = Lean towards more information | 4 = Maximize information,4,FALSE,FALSE
Severe Weather (WX),uncert_do,"Finally, forecasters must consider uncertainty. In most instances, forecasters are not 100% sure where and when a tornado will (or will not) happen. They are also not sure how damaging a tornado will (or will not) be if it happens. In these instances, some forecasters use their ""best guess"" to issue relatively simple warnings, which can decrease the amount of information that people have to make decisions and take protective actions, but increase the simplicity of the information. Other forecasters give people a range of possibilities and/or probabilities in more complex warnings, which can increase the amount of information that people have to make decisions and take protective actions, but decrease the simplicity of the information. In your opinion, how DO forecasters in your area currently balance considerations of simplicity vs. more information?",forecast_products,tradeoff_4,1 = Maximize simplicity | 2 = Lean towards simplicity | 3 = Lean towards more information | 4 = Maximize information,4,FALSE,FALSE
Severe Weather (WX),tor_damage,"As you may know, the National Weather Service uses the following categories to rate the intensity of tornadoes: Light (EF-0) 65-85 mph, Moderate (EF-1) 86-110, Significant (EF-2) 111-135, Severe (EF-3) 136-165, Devastating (EF-4) 166-200, Incredible (EF-5) over 200, each with characteristic damages and an illustration. If you had to guess, how intense are most tornadoes in [state]?",comprehension|risk_perception,categorical,0 = Light (EF-0) | 1 = Moderate(EF-1) | 2 = Significant (EF-2) | 3 = Severe (EF-3) | 4 = Devastating (EF-4) | 5 = Incredible (EF-5),6,FALSE,TRUE
Severe Weather (WX),tor_number,"We have a few more questions about tornadoes in [state]. It is ok if you don't know the answer to a question; please provide your best guess. On average, how many tornadoes does [state] get each year?",comprehension,categorical,1 = Less than 5 | 2 = Between 5 and 24 | 3 = Between 25 and 49 | 4 = Between 50 and 100 | 5 = More than 100,5,FALSE,FALSE
Severe Weather (WX),myth_under,"To the best of your knowledge, are the following statements about tornadoes true or false? You must be underground or in an aboveground tornado shelter to survive a devastating (EF-4) or incredible (EF-5) tornado",comprehension,true_false_2,0 = false | 1 = true,2,FALSE,FALSE
Severe Weather (WX),myth_tall,"To the best of your knowledge, are the following statements about tornadoes true or false? Tall buildings protect large cities from tornadoes",comprehension,true_false_2,0 = false | 1 = true,2,FALSE,FALSE
Severe Weather (WX),myth_mtns,"To the best of your knowledge, are the following statements about tornadoes true or false? Mountains, rivers, and lakes do not protect nearby areas from tornadoes",comprehension,true_false_2,0 = false | 1 = true,2,FALSE,FALSE
Severe Weather (WX),myth_brdge,"To the best of your knowledge, are the following statements about tornadoes true or false? When driving, you should not take shelter from tornadoes under a bridge or overpass",comprehension,true_false_2,0 = false | 1 = true,2,FALSE,FALSE
Severe Weather (WX),myth_open,"To the best of your knowledge, are the following statements about tornadoes true or false? When sheltering in a house from a tornado, you should open all the windows to equalize the pressure inside and outside to prevent the house from exploding",comprehension,true_false_2,0 = false | 1 = true,2,FALSE,FALSE
Severe Weather (WX),extprob_a,"Forecasters might consider the probability and intensity of extreme weather events when communicating information and risk. For example, a 1% chance of a severe (EF-3) tornado may be less risky than a 10% chance of a moderate (EF-2) tornado. Or, a 2% chance of a devastating (EF-4) tornado may be more risky than a 90% chance of a light (EF-0) tornado. We would like to know how YOU weigh the probability and intensity of extreme weather events. Please rate the risk of the following tornado scenarios: A [extprob_a_prob: 5:100]% chance of a [extprob_a_int: Light (EF-0), Moderate (EF-1), Significant (EF-2), Severe (EF-3), Devastating (EF-4), Incredible (EF-5)] tornado.",risk_perception,risk_5,1 = No risk | 2 = Low risk | 3 = Moderate risk | 4 = High risk | 5 = Extreme risk,5,TRUE,FALSE
Severe Weather (WX),extprob_b,"Forecasters might consider the probability and intensity of extreme weather events when communicating information and risk. For example, a 1% chance of a severe (EF-3) tornado may be less risky than a 10% chance of a moderate (EF-2) tornado. Or, a 2% chance of a devastating (EF-4) tornado may be more risky than a 90% chance of a light (EF-0) tornado. We would like to know how YOU weigh the probability and intensity of extreme weather events. Please rate the risk of the following tornado scenarios: A [extprob_b_prob: 5:100]% chance of a [extprob_b_int: Light (EF-0), Moderate (EF-1), Significant (EF-2), Severe (EF-3), Devastating (EF-4), Incredible (EF-5)] tornado.",risk_perception,risk_5,1 = No risk | 2 = Low risk | 3 = Moderate risk | 4 = High risk | 5 = Extreme risk,5,TRUE,FALSE
Severe Weather (WX),extprob_c,"Forecasters might consider the probability and intensity of extreme weather events when communicating information and risk. For example, a 1% chance of a severe (EF-3) tornado may be less risky than a 10% chance of a moderate (EF-2) tornado. Or, a 2% chance of a devastating (EF-4) tornado may be more risky than a 90% chance of a light (EF-0) tornado. We would like to know how YOU weigh the probability and intensity of extreme weather events. Please rate the risk of the following tornado scenarios: A [extprob_c_prob: 5:100]% chance of a [extprob_c_int: Light (EF-0), Moderate (EF-1), Significant (EF-2), Severe (EF-3), Devastating (EF-4), Incredible (EF-5)] tornado.",risk_perception,risk_5,1 = No risk | 2 = Low risk | 3 = Moderate risk | 4 = High risk | 5 = Extreme risk,5,TRUE,FALSE
Severe Weather (WX),probintens,"When thinking about the risk of tornadoes, is probability (the likelihood that a tornado will occur) more important than intensity (the strength and size of the tornado)? Or, is intensity more important than probability?",risk_perception,tradeoff_5,1 = Probability is much more important than intensity | 2 = Probability is a little more important than intensity | 3 = Probability and intensity are equality important | 4 = Intensity is a little more important than probability | 5 = Intensity is much more important than probability,5,FALSE,FALSE
Severe Weather (WX),free_download,"Currently, tornado WARNINGS from the National Weather Service are binary (the warning is either ""on"" or ""off""). Scientists are working on a new tornado WARNING technology that may allow you to access more specific information, such as the probability that a tornado will occur at your exact location at a specific point in time. Research and development of this technology is ongoing, but the new WARNING might look something like this (see video). In the video, the red shapes represent current (binary) tornado warnings; the small colorful pixels show more specific information about the tornado threat at the location identified by the small box. If this technology were available as a free application (mobile app) for a smart phone (such as an Android or iPhone), would you download it?",forecast_products|channels,yes_no_unsure,0 = No | 1 = Yes | 2 = Not sure,3,FALSE,TRUE
Severe Weather (WX),cost_download,"Currently, tornado WARNINGS from the National Weather Service are binary (the warning is either ""on"" or ""off""). Scientists are working on a new tornado WARNING technology that may allow you to access more specific information, such as the probability that a tornado will occur at your exact location at a specific point in time. Research and development of this technology is ongoing, but the new WARNING might look something like this (see video). In the video, the red shapes represent current (binary) tornado warnings; the small colorful pixels show more specific information about the tornado threat at the location identified by the small box. Would you download this application (mobile app) for a one time cost of $[app_cost: 0.99:49.99]?",forecast_products|channels,yes_no_unsure,0 = No | 1 = Yes | 2 = Not sure,3,TRUE,TRUE
Severe Weather (WX),cost_download_conf,"Currently, tornado WARNINGS from the National Weather Service are binary (the warning is either ""on"" or ""off""). Scientists are working on a new tornado WARNING technology that may allow you to access more specific information, such as the probability that a tornado will occur at your exact location at a specific point in time. Research and development of this technology is ongoing, but the new WARNING might look something like this (see video). In the video, the red shapes represent current (binary) tornado warnings; the small colorful pixels show more specific information about the tornado threat at the location identified by the small box. On a scale from zero to ten, where zero means not at all certain and ten means completely certain, how certain are you that you would download this smart phone application (mobile app) for a one time cost of $[app_cost: 0.99:99.99]?",forecast_products|channels,endpoint_11,0 = Not at all certain | 1 | 2 | 3 | 4 | 5 | 6 | 7 | 8 | 9 | 10 = Completely certain,11,TRUE,TRUE
Severe Weather (WX),aff_int,"Feelings and emotions can influence the way that people prepare for and respond to extreme weather events. Imagine, for the moment, that you have just received a warning for your area for severe thunderstorms, tornadoes, hurricanes, or wildfires. How would getting that warning make you feel? Interested",risk_perception,extent_5,1 = Not at all | 2 = A little | 3 = Moderately | 4 = Quite a bit | 5 = Extremely,5,FALSE,FALSE
Severe Weather (WX),aff_dis,"Feelings and emotions can influence the way that people prepare for and respond to extreme weather events. Imagine, for the moment, that you have just received a warning for your area for severe thunderstorms, tornadoes, hurricanes, or wildfires. How would getting that warning make you feel? Distressed",risk_perception,extent_5,1 = Not at all | 2 = A little | 3 = Moderately | 4 = Quite a bit | 5 = Extremely,5,FALSE,FALSE
Severe Weather (WX),aff_ecx,"Feelings and emotions can influence the way that people prepare for and respond to extreme weather events. Imagine, for the moment, that you have just received a warning for your area for severe thunderstorms, tornadoes, hurricanes, or wildfires. How would getting that warning make you feel? Excited",risk_perception,extent_5,1 = Not at all | 2 = A little | 3 = Moderately | 4 = Quite a bit | 5 = Extremely,5,FALSE,FALSE
Severe Weather (WX),aff_ups,"Feelings and emotions can influence the way that people prepare for and respond to extreme weather events. Imagine, for the moment, that you have just received a warning for your area for severe thunderstorms, tornadoes, hurricanes, or wildfires. How would getting that warning make you feel? Upset",risk_perception,extent_5,1 = Not at all | 2 = A little | 3 = Moderately | 4 = Quite a bit | 5 = Extremely,5,FALSE,FALSE
Severe Weather (WX),aff_sca,"Feelings and emotions can influence the way that people prepare for and respond to extreme weather events. Imagine, for the moment, that you have just received a warning for your area for severe thunderstorms, tornadoes, hurricanes, or wildfires. How would getting that warning make you feel? Scared",risk_perception,extent_5,1 = Not at all | 2 = A little | 3 = Moderately | 4 = Quite a bit | 5 = Extremely,5,FALSE,FALSE
Severe Weather (WX),aff_ent,"Feelings and emotions can influence the way that people prepare for and respond to extreme weather events. Imagine, for the moment, that you have just received a warning for your area for severe thunderstorms, tornadoes, hurricanes, or wildfires. How would getting that warning make you feel? Enthusiastic",risk_perception,extent_5,1 = Not at all | 2 = A little | 3 = Moderately | 4 = Quite a bit | 5 = Extremely,5,FALSE,FALSE
Severe Weather (WX),aff_ale,"Feelings and emotions can influence the way that people prepare for and respond to extreme weather events. Imagine, for the moment, that you have just received a warning for your area for severe thunderstorms, tornadoes, hurricanes, or wildfires. How would getting that warning make you feel? Alert",risk_perception,extent_5,1 = Not at all | 2 = A little | 3 = Moderately | 4 = Quite a bit | 5 = Extremely,5,FALSE,FALSE
Severe Weather (WX),aff_ner,"Feelings and emotions can influence the way that people prepare for and respond to extreme weather events. Imagine, for the moment, that you have just received a warning for your area for severe thunderstorms, tornadoes, hurricanes, or wildfires. How would getting that warning make you feel? Nervous",risk_perception,extent_5,1 = Not at all | 2 = A little | 3 = Moderately | 4 = Quite a bit | 5 = Extremely,5,FALSE,FALSE
Severe Weather (WX),aff_att,"Feelings and emotions can influence the way that people prepare for and respond to extreme weather events. Imagine, for the moment, that you have just received a warning for your area for severe thunderstorms, tornadoes, hurricanes, or wildfires. How would getting that warning make you feel? Attentive",risk_perception,extent_5,1 = Not at all | 2 = A little | 3 = Moderately | 4 = Quite a bit | 5 = Extremely,5,FALSE,FALSE
Severe Weather (WX),aff_jit,"Feelings and emotions can influence the way that people prepare for and respond to extreme weather events. Imagine, for the moment, that you have just received a warning for your area for severe thunderstorms, tornadoes, hurricanes, or wildfires. How would getting that warning make you feel? Jittery",risk_perception,extent_5,1 = Not at all | 2 = A little | 3 = Moderately | 4 = Quite a bit | 5 = Extremely,5,FALSE,FALSE
Severe Weather (WX),aff_act,"Feelings and emotions can influence the way that people prepare for and respond to extreme weather events. Imagine, for the moment, that you have just received a warning for your area for severe thunderstorms, tornadoes, hurricanes, or wildfires. How would getting that warning make you feel? Active",risk_perception,extent_5,1 = Not at all | 2 = A little | 3 = Moderately | 4 = Quite a bit | 5 = Extremely,5,FALSE,FALSE
Severe Weather (WX),aff_afr,"Feelings and emotions can influence the way that people prepare for and respond to extreme weather events. Imagine, for the moment, that you have just received a warning for your area for severe thunderstorms, tornadoes, hurricanes, or wildfires. How would getting that warning make you feel? Afraid",risk_perception,extent_5,1 = Not at all | 2 = A little | 3 = Moderately | 4 = Quite a bit | 5 = Extremely,5,FALSE,FALSE
Tropical Cyclone (TC),follow,We have some basic questions about the weather. How much do you agree or disagree with the following statements? I follow the weather very closely.,engagement,agree_5,1 = Strongly disagree | 2 = Disagree | 3 = Neither disagree nor agree | 4 = Agree | 5 = Strongly agree,5,FALSE,FALSE
Tropical Cyclone (TC),plan_around,We have some basic questions about the weather. How much do you agree or disagree with the following statements? I plan my daily routine around the weather.,engagement,agree_5,1 = Strongly disagree | 2 = Disagree | 3 = Neither disagree nor agree | 4 = Agree | 5 = Strongly agree,5,FALSE,FALSE
Tropical Cyclone (TC),und_weather,"We have some basic questions about the weather. How much do you agree or disagree with the following statements? I don't understand what causes extreme weather events like thunderstorms, tornadoes, and hurricanes.",engagement|comprehension,agree_5,1 = Strongly disagree | 2 = Disagree | 3 = Neither disagree nor agree | 4 = Agree | 5 = Strongly agree,5,FALSE,FALSE
Tropical Cyclone (TC),wthr_info_paper,How frequently do you get information about the weather from each of the following sources? Newspapers,channels,frequency_6,1 = Never | 2 = Less than once per week | 3 = About once per week | 4 = Several times per week | 5 = About once a day | 6 = Several times a day,6,FALSE,FALSE
Tropical Cyclone (TC),wthr_info_web,How frequently do you get information about the weather from each of the following sources? Non-government Internet websites (such as weather.com),channels,frequency_6,1 = Never | 2 = Less than once per week | 3 = About once per week | 4 = Several times per week | 5 = About once a day | 6 = Several times a day,6,FALSE,FALSE
Tropical Cyclone (TC),wthr_info_govweb,How frequently do you get information about the weather from each of the following sources? Government Internet websites (such as noaa.gov),channels,frequency_6,1 = Never | 2 = Less than once per week | 3 = About once per week | 4 = Several times per week | 5 = About once a day | 6 = Several times a day,6,FALSE,FALSE
Tropical Cyclone (TC),wthr_info_loctv,How frequently do you get information about the weather from each of the following sources? Local TV (television) news,channels,frequency_6,1 = Never | 2 = Less than once per week | 3 = About once per week | 4 = Several times per week | 5 = About once a day | 6 = Several times a day,6,FALSE,FALSE
Tropical Cyclone (TC),wthr_info_cabtv,How frequently do you get information about the weather from each of the following sources? Cable TV (television) news (such as The Weather Channel),channels,frequency_6,1 = Never | 2 = Less than once per week | 3 = About once per week | 4 = Several times per week | 5 = About once a day | 6 = Several times a day,6,FALSE,FALSE
Tropical Cyclone (TC),wthr_info_radio,How frequently do you get information about the weather from each of the following sources? Radio,channels,frequency_6,1 = Never | 2 = Less than once per week | 3 = About once per week | 4 = Several times per week | 5 = About once a day | 6 = Several times a day,6,FALSE,FALSE
Tropical Cyclone (TC),wthr_info_fam,"How frequently do you get information about the weather from each of the following sources? Family, friends or colleagues",channels,frequency_6,1 = Never | 2 = Less than once per week | 3 = About once per week | 4 = Several times per week | 5 = About once a day | 6 = Several times a day,6,FALSE,FALSE
Tropical Cyclone (TC),wthr_info_soc,"How frequently do you get information about the weather from each of the following sources? Social Media, such as Facebook and X (formerly Twitter)",channels,frequency_6,1 = Never | 2 = Less than once per week | 3 = About once per week | 4 = Several times per week | 5 = About once a day | 6 = Several times a day,6,FALSE,FALSE
Tropical Cyclone (TC),wthr_info_phone,How frequently do you get information about the weather from each of the following sources? Cell phone applications or automated text messages,channels,frequency_6,1 = Never | 2 = Less than once per week | 3 = About once per week | 4 = Several times per week | 5 = About once a day | 6 = Several times a day,6,FALSE,FALSE
Tropical Cyclone (TC),risk_hail,"Thinking about all four seasons (winter, summer, spring, and fall), how do you rate the risk of the following extreme weather events to you and the people in your area? Hail",risk_perception,risk_5,1 = No risk | 2 = Low risk | 3 = Moderate risk | 4 = High risk | 5 = Extreme risk,5,FALSE,FALSE
Tropical Cyclone (TC),risk_wind,"Thinking about all four seasons (winter, summer, spring, and fall), how do you rate the risk of the following extreme weather events to you and the people in your area? High winds",risk_perception,risk_5,1 = No risk | 2 = Low risk | 3 = Moderate risk | 4 = High risk | 5 = Extreme risk,5,FALSE,FALSE
Tropical Cyclone (TC),risk_heat,"Thinking about all four seasons (winter, summer, spring, and fall), how do you rate the risk of the following extreme weather events to you and the people in your area? Extreme heat",risk_perception,risk_5,1 = No risk | 2 = Low risk | 3 = Moderate risk | 4 = High risk | 5 = Extreme risk,5,FALSE,FALSE
Tropical Cyclone (TC),risk_rain,"Thinking about all four seasons (winter, summer, spring, and fall), how do you rate the risk of the following extreme weather events to you and the people in your area? Excessive rain",risk_perception,risk_5,1 = No risk | 2 = Low risk | 3 = Moderate risk | 4 = High risk | 5 = Extreme risk,5,FALSE,FALSE
Tropical Cyclone (TC),risk_drought,"Thinking about all four seasons (winter, summer, spring, and fall), how do you rate the risk of the following extreme weather events to you and the people in your area? Drought",risk_perception,risk_5,1 = No risk | 2 = Low risk | 3 = Moderate risk | 4 = High risk | 5 = Extreme risk,5,FALSE,FALSE
Tropical Cyclone (TC),risk_cold,"Thinking about all four seasons (winter, summer, spring, and fall), how do you rate the risk of the following extreme weather events to you and the people in your area? Extreme cold",risk_perception,risk_5,1 = No risk | 2 = Low risk | 3 = Moderate risk | 4 = High risk | 5 = Extreme risk,5,FALSE,FALSE
Tropical Cyclone (TC),risk_snow,"Thinking about all four seasons (winter, summer, spring, and fall), how do you rate the risk of the following extreme weather events to you and the people in your area? Snow",risk_perception,risk_5,1 = No risk | 2 = Low risk | 3 = Moderate risk | 4 = High risk | 5 = Extreme risk,5,FALSE,FALSE
Tropical Cyclone (TC),risk_ice,"Thinking about all four seasons (winter, summer, spring, and fall), how do you rate the risk of the following extreme weather events to you and the people in your area? Ice or freezing rain",risk_perception,risk_5,1 = No risk | 2 = Low risk | 3 = Moderate risk | 4 = High risk | 5 = Extreme risk,5,FALSE,FALSE
Tropical Cyclone (TC),risk_tor,"Thinking about all four seasons (winter, summer, spring, and fall), how do you rate the risk of the following extreme weather events to you and the people in your area? Tornadoes",risk_perception,risk_5,1 = No risk | 2 = Low risk | 3 = Moderate risk | 4 = High risk | 5 = Extreme risk,5,FALSE,FALSE
Tropical Cyclone (TC),risk_flood,"Thinking about all four seasons (winter, summer, spring, and fall), how do you rate the risk of the following extreme weather events to you and the people in your area? Floods",risk_perception,risk_5,1 = No risk | 2 = Low risk | 3 = Moderate risk | 4 = High risk | 5 = Extreme risk,5,FALSE,FALSE
Tropical Cyclone (TC),risk_hur,"Thinking about all four seasons (winter, summer, spring, and fall), how do you rate the risk of the following extreme weather events to you and the people in your area? Hurricanes",risk_perception,risk_5,1 = No risk | 2 = Low risk | 3 = Moderate risk | 4 = High risk | 5 = Extreme risk,5,FALSE,FALSE
Tropical Cyclone (TC),risk_fire,"Thinking about all four seasons (winter, summer, spring, and fall), how do you rate the risk of the following extreme weather events to you and the people in your area? Wildfires",risk_perception,risk_5,1 = No risk | 2 = Low risk | 3 = Moderate risk | 4 = High risk | 5 = Extreme risk,5,FALSE,FALSE
Tropical Cyclone (TC),risk_surge,"Thinking about all four seasons (winter, summer, spring, and fall), how do you rate the risk of the following extreme weather events to you and the people in your area? Storm surge",risk_perception,risk_5,1 = No risk | 2 = Low risk | 3 = Moderate risk | 4 = High risk | 5 = Extreme risk,5,FALSE,FALSE
Tropical Cyclone (TC),alert_und,"The National Weather Service (NWS), an agency of the United States government, issues weather forecasts and different kinds of alerts to the public about hazardous weather, including severe weather watches, warnings, and advisories. In general, do you understand the difference between watches, warnings, and advisories?",comprehension,certainty_5,1 = Definitely no | 2 = Probably no | 3 = Not sure | 4 = Probably yes | 5 = Definitely yes,5,FALSE,FALSE
Tropical Cyclone (TC),hr_risk_prob,"To begin, please think about you, family members you live with, and your home as you respond to the following questions about hurricane threats. How likely do you think it is that the area where you live will be affected by a hurricane in the next few months?",risk_perception,endpoint_5,1 = Not at all likely | 2 | 3 | 4 | 5 = Extremely likely,5,FALSE,FALSE
Tropical Cyclone (TC),hr_risk_imp,"To begin, please think about you, family members you live with, and your home as you respond to the following questions about hurricane threats. If the area where you live is affected by a hurricane in the next few months, how likely do you think it is that you will experience negative impacts from the storm?",risk_perception,endpoint_5,1 = Not at all likely | 2 | 3 | 4 | 5 = Extremely likely,5,FALSE,FALSE
Tropical Cyclone (TC),hr_risk_sev,"To begin, please think about you, family members you live with, and your home as you respond to the following questions about hurricane threats. If the area where you live is affected by a hurricane in the next few months, how severe do you think the negative impacts will be to you from the storm?",risk_perception,endpoint_5,1 = Not at all severe | 2 | 3 | 4 | 5 = Extremely severe,5,FALSE,FALSE
Tropical Cyclone (TC),hr_risk_aff,"To begin, please think about you, family members you live with, and your home as you respond to the following questions about hurricane threats. If the area where you live is affected by a hurricane in the next few months, how worried are you that it will affect you?",risk_perception,endpoint_5,1 = Not at all worried | 2 | 3 | 4 | 5 = Extremely worried,5,FALSE,FALSE
Tropical Cyclone (TC),huralerts,"The National Weather Service issues multiple public alerts during hurricanes, including storm surge watches and warnings, hurricane watches and warnings, and tropical storm watches and warnings. How would you rate your understanding of the differences between these alerts?",comprehension,quality_5,1 = Poor | 2 = Fair | 3 = Good | 4 = Very good | 5 = Excellent,5,FALSE,FALSE
Tropical Cyclone (TC),hurwatch,"To the best of your knowledge, is the following alert considered a watch or a warning? This alert is issued when storm surge, hurricane conditions, or tropical storm conditions are possible.",comprehension,categorical,1 = Hurricane WATCH | 2 = Hurricane WARNING | 3 = Don't know,3,FALSE,FALSE
Tropical Cyclone (TC),hurwarn,"To the best of your knowledge, is the following alert considered a watch or a warning? This alert is issued when storm surge, hurricane conditions, or tropical storm conditions are expected.",comprehension,categorical,1 = Hurricane WATCH | 2 = Hurricane WARNING | 3 = Don't know,3,FALSE,FALSE
Tropical Cyclone (TC),ts_warn_time,"If the National Weather Service issues a tropical storm WARNING for your location, about how much time do you have before tropical storm conditions begin?",comprehension,lead_time_5,1 = less than 1 hour | 2 = 1 to 24 hours | 3 = 1 to 2 days | 4 = 2 to 4 days | 5 = 4 to 8 days,5,FALSE,FALSE
Tropical Cyclone (TC),hur_warn_time,"If the National Weather Service issues a hurricane WARNING for your location, about how much time do you have before hurricane conditions begin?",comprehension,lead_time_5,1 = less than 1 hour | 2 = 1 to 24 hours | 3 = 1 to 2 days | 4 = 2 to 4 days | 5 = 4 to 8 days,5,FALSE,FALSE
Tropical Cyclone (TC),srg_warn_time,"If the National Weather Service issues a storm surge WARNING for your location, about how much time do you have before storm surge (inundation from rising water moving inland) begins?",comprehension,lead_time_5,1 = less than 1 hour | 2 = 1 to 24 hours | 3 = 1 to 2 days | 4 = 2 to 4 days | 5 = 4 to 8 days,5,FALSE,FALSE
Tropical Cyclone (TC),ts_watch_time,"If the National Weather Service issues a tropical storm WATCH for your location, about how much time do you have before tropical storm conditions may begin?",comprehension,lead_time_5,1 = less than 1 hour | 2 = 1 to 24 hours | 3 = 1 to 2 days | 4 = 2 to 4 days | 5 = 4 to 8 days,5,FALSE,FALSE
Tropical Cyclone (TC),hur_watch_time,"If the National Weather Service issues a hurricane WATCH for your location, about how much time do you have before hurricane conditions may begin?",comprehension,lead_time_5,1 = less than 1 hour | 2 = 1 to 24 hours | 3 = 1 to 2 days | 4 = 2 to 4 days | 5 = 4 to 8 days,5,FALSE,FALSE
Tropical Cyclone (TC),srg_watch_time,"If the National Weather Service issues a storm surge WATCH for your location, about how much time do you have before storm surge (inundation from rising water moving inland) conditions may begin?",comprehension,lead_time_5,1 = less than 1 hour | 2 = 1 to 24 hours | 3 = 1 to 2 days | 4 = 2 to 4 days | 5 = 4 to 8 days,5,FALSE,FALSE
Tropical Cyclone (TC),hur_map_und,"Forecasters, websites, and phone applications often use maps to display information about hurricane risks. How would you rate your understanding of maps?",comprehension|graphics,quality_5,1 = Poor | 2 = Fair | 3 = Good | 4 = Very good | 5 = Excellent,5,FALSE,FALSE
Tropical Cyclone (TC),tor_watchwarn_und,"In addition to tropical storm, hurricane, and storm surge watches and warnings, the National Weather Service often issues alerts for tornadoes and rainfall-induced flooding during tropical cyclone events. How would you rate your understanding of tornado watches and warnings?",comprehension,quality_5,1 = Poor | 2 = Fair | 3 = Good | 4 = Very good | 5 = Excellent,5,FALSE,FALSE
Tropical Cyclone (TC),flood_watchwarn_und,"In addition to tropical storm, hurricane, and storm surge watches and warnings, the National Weather Service often issues alerts for tornadoes and rainfall-induced flooding during tropical cyclone events. How would you rate your understanding of rainfall-induced flood or flash flood watches and warnings?",comprehension,quality_5,1 = Poor | 2 = Fair | 3 = Good | 4 = Very good | 5 = Excellent,5,FALSE,FALSE
Tropical Cyclone (TC),flood_srg_und,"For some people, it is difficult to explain the difference between flooding and storm surge. How would you rate your understanding of the difference between the two hazards?",comprehension,quality_5,1 = Poor | 2 = Fair | 3 = Good | 4 = Very good | 5 = Excellent,5,FALSE,FALSE
Tropical Cyclone (TC),rip_hear,Now we have some questions about rip currents. Have you ever heard of a rip current?,comprehension,yes_no_unsure,0 = No | 1 = Yes | 2 = Not sure,3,FALSE,FALSE
Tropical Cyclone (TC),rip_und,Now we have some questions about rip currents. How would you rate your understanding of rip currents?,comprehension,quality_5,1 = Poor | 2 = Fair | 3 = Good | 4 = Very good | 5 = Excellent,5,FALSE,FALSE
Tropical Cyclone (TC),rip_risk,How do you rate the risk of rip currents to people who swim in oceans?,risk_perception,risk_5,1 = No risk | 2 = Low risk | 3 = Moderate risk | 4 = High risk | 5 = Extreme risk,5,FALSE,FALSE
Tropical Cyclone (TC),rip_imp,"To the best of your knowledge, are the following statements about rip currents true or false? It is almost impossible to escape a rip current; if one catches you, you are unlikely to survive if someone does not come and rescue you.",comprehension,true_false_5,1 = Definitely false | 2 = Probably false | 3 = Not sure | 4 = Probably true | 5 = Definitely true,5,FALSE,FALSE
Tropical Cyclone (TC),rip_see,"To the best of your knowledge, are the following statements about rip currents true or false? If you look carefully, you can usually see rip currents from the shore.",comprehension,true_false_5,1 = Definitely false | 2 = Probably false | 3 = Not sure | 4 = Probably true | 5 = Definitely true,5,FALSE,FALSE
Tropical Cyclone (TC),rip_pull,"To the best of your knowledge, are the following statements about rip currents true or false? In addition to pulling you away from shore, rip currents can pull you under the water.",comprehension,true_false_5,1 = Definitely false | 2 = Probably false | 3 = Not sure | 4 = Probably true | 5 = Definitely true,5,FALSE,FALSE
Tropical Cyclone (TC),hur_hist,Have you ever been in an area that was at risk of being hit by a hurricane (while you were there)?,experience,yes_no,0 = No | 1 = Yes,2,FALSE,FALSE
Tropical Cyclone (TC),rec_most,Do you agree with the following statements? I receive pretty much all of the information that is available for my location.,reception,agree_5,1 = Strongly disagree | 2 = Disagree | 3 = Neither disagree nor agree | 4 = Agree | 5 = Strongly agree,5,FALSE,FALSE
Tropical Cyclone (TC),rec_miss,Do you agree with the following statements? Sometimes I miss information that is available for my location.,reception,agree_5,1 = Strongly disagree | 2 = Disagree | 3 = Neither disagree nor agree | 4 = Agree | 5 = Strongly agree,5,FALSE,FALSE
Tropical Cyclone (TC),rec_time,Do you agree with the following statements? I receive new information about my location as soon as it is available.,reception,agree_5,1 = Strongly disagree | 2 = Disagree | 3 = Neither disagree nor agree | 4 = Agree | 5 = Strongly agree,5,FALSE,FALSE
Tropical Cyclone (TC),rec_screen,"Do you agree with the following statements? Sometimes there is too much information, I get some but not all of it.",reception,agree_5,1 = Strongly disagree | 2 = Disagree | 3 = Neither disagree nor agree | 4 = Agree | 5 = Strongly agree,5,FALSE,FALSE
Tropical Cyclone (TC),prot_act,Think about the most recent hurricane that you were at risk of experiencing. Did you take some kind of protective action in response to the hurricane?,experience|response,yes_no,0 = No | 1 = Yes,2,FALSE,FALSE
Tropical Cyclone (TC),last_act_satis,"Looking back, are you satisfied with the actions you took?",experience|response,certainty_5,1 = Definitely no | 2 = Probably no | 3 = Not sure | 4 = Probably yes | 5 = Definitely yes,5,FALSE,FALSE
Tropical Cyclone (TC),last_act_again,How likely is it that you would take the same action again if you found yourself in the same situation in the future?,experience|response,likelihood_5,1 = Very unlikely | 2 = Somewhat unlikely | 3 = About as likely as not | 4 = Somewhat likely | 5 = Very likely,5,FALSE,FALSE
Tropical Cyclone (TC),resp_usually,"Do you agree with the following statements? I usually take protective action, but not always.",response,agree_5,1 = Strongly disagree | 2 = Disagree | 3 = Neither disagree nor agree | 4 = Agree | 5 = Strongly agree,5,FALSE,FALSE
Tropical Cyclone (TC),resp_ignore,Do you agree with the following statements? Sometimes I ignore information and take my chances.,response,agree_5,1 = Strongly disagree | 2 = Disagree | 3 = Neither disagree nor agree | 4 = Agree | 5 = Strongly agree,5,FALSE,FALSE
Tropical Cyclone (TC),resp_always,"Do you agree with the following statements? I almost always take the protective actions that officials suggest, even if the actions are difficult.",response,agree_5,1 = Strongly disagree | 2 = Disagree | 3 = Neither disagree nor agree | 4 = Agree | 5 = Strongly agree,5,FALSE,FALSE
Tropical Cyclone (TC),resp_more,"Do you agree with the following statements? I usually take some type of protective action, but not the most difficult actions.",response,agree_5,1 = Strongly disagree | 2 = Disagree | 3 = Neither disagree nor agree | 4 = Agree | 5 = Strongly agree,5,FALSE,FALSE
Tropical Cyclone (TC),hur_eff1,Please tell us how strongly you agree or disagree with the following statements. It is possible for most people in my area to prepare and to secure their property ahead of time for a hurricane.,preparedness,agree_5,1 = Strongly disagree | 2 = Disagree | 3 = Neither disagree nor agree | 4 = Agree | 5 = Strongly agree,5,FALSE,FALSE
Tropical Cyclone (TC),hur_eff2,Please tell us how strongly you agree or disagree with the following statements. It is possible for most people in my area to develop a safety plan for how to deal with a hurricane.,preparedness,agree_5,1 = Strongly disagree | 2 = Disagree | 3 = Neither disagree nor agree | 4 = Agree | 5 = Strongly agree,5,FALSE,FALSE
Tropical Cyclone (TC),hur_eff3,Please tell us how strongly you agree or disagree with the following statements. It is possible for most people in my area to protect themselves against a hurricane.,preparedness,agree_5,1 = Strongly disagree | 2 = Disagree | 3 = Neither disagree nor agree | 4 = Agree | 5 = Strongly agree,5,FALSE,FALSE
Tropical Cyclone (TC),hur_eff4,Please tell us how strongly you agree or disagree with the following statements. It is possible for most people in my area to evacuate when necessary ahead of a hurricane.,preparedness,agree_5,1 = Strongly disagree | 2 = Disagree | 3 = Neither disagree nor agree | 4 = Agree | 5 = Strongly agree,5,FALSE,FALSE
Tropical Cyclone (TC),hur_eff5,Please tell us how strongly you agree or disagree with the following statements. I feel that I can prepare and secure my property ahead of time for a hurricane.,preparedness,agree_5,1 = Strongly disagree | 2 = Disagree | 3 = Neither disagree nor agree | 4 = Agree | 5 = Strongly agree,5,FALSE,FALSE
Tropical Cyclone (TC),hur_eff6,Please tell us how strongly you agree or disagree with the following statements. I have a safety plan for how to deal with a hurricane.,preparedness,agree_5,1 = Strongly disagree | 2 = Disagree | 3 = Neither disagree nor agree | 4 = Agree | 5 = Strongly agree,5,FALSE,FALSE
Tropical Cyclone (TC),hur_eff7,Please tell us how strongly you agree or disagree with the following statements. I can protect myself against a hurricane.,preparedness,agree_5,1 = Strongly disagree | 2 = Disagree | 3 = Neither disagree nor agree | 4 = Agree | 5 = Strongly agree,5,FALSE,FALSE
Tropical Cyclone (TC),hur_eff8,Please tell us how strongly you agree or disagree with the following statements. I can evacuate when necessary ahead of a hurricane.,preparedness,agree_5,1 = Strongly disagree | 2 = Disagree | 3 = Neither disagree nor agree | 4 = Agree | 5 = Strongly agree,5,FALSE,FALSE
Tropical Cyclone (TC),wx_info1,"Information about hurricanes is available from multiple sources. How much do you, personally, rely on the following sources of information? If you have not been at a location that is at risk from an approaching hurricane, please think about the information you might receive if you are in this situation in the future. Broadcast radio",channels,reliance_5,1 = Not much | 2 = Little | 3 = Somewhat | 4 = Much | 5 = A great deal,5,FALSE,FALSE
Tropical Cyclone (TC),wx_info2,"Information about hurricanes is available from multiple sources. How much do you, personally, rely on the following sources of information? If you have not been at a location that is at risk from an approaching hurricane, please think about the information you might receive if you are in this situation in the future. Weather radio (National Weather Service radio)",channels,reliance_5,1 = Not much | 2 = Little | 3 = Somewhat | 4 = Much | 5 = A great deal,5,FALSE,FALSE
Tropical Cyclone (TC),wx_info3,"Information about hurricanes is available from multiple sources. How much do you, personally, rely on the following sources of information? If you have not been at a location that is at risk from an approaching hurricane, please think about the information you might receive if you are in this situation in the future. Television",channels,reliance_5,1 = Not much | 2 = Little | 3 = Somewhat | 4 = Much | 5 = A great deal,5,FALSE,FALSE
Tropical Cyclone (TC),wx_info4,"Information about hurricanes is available from multiple sources. How much do you, personally, rely on the following sources of information? If you have not been at a location that is at risk from an approaching hurricane, please think about the information you might receive if you are in this situation in the future. Internet websites focused on weather forecasts, such as those provided by the National Weather Service",channels,reliance_5,1 = Not much | 2 = Little | 3 = Somewhat | 4 = Much | 5 = A great deal,5,FALSE,FALSE
Tropical Cyclone (TC),wx_info5,"Information about hurricanes is available from multiple sources. How much do you, personally, rely on the following sources of information? If you have not been at a location that is at risk from an approaching hurricane, please think about the information you might receive if you are in this situation in the future. Social media, such as X (formerly Twitter) or Facebook",channels,reliance_5,1 = Not much | 2 = Little | 3 = Somewhat | 4 = Much | 5 = A great deal,5,FALSE,FALSE
Tropical Cyclone (TC),wx_info6,"Information about hurricanes is available from multiple sources. How much do you, personally, rely on the following sources of information? If you have not been at a location that is at risk from an approaching hurricane, please think about the information you might receive if you are in this situation in the future. Word-of-mouth (including telephone calls or texts) from family, friends, neighbors, employers, co-workers, etc.",channels,reliance_5,1 = Not much | 2 = Little | 3 = Somewhat | 4 = Much | 5 = A great deal,5,FALSE,FALSE
Tropical Cyclone (TC),wx_info7,"Information about hurricanes is available from multiple sources. How much do you, personally, rely on the following sources of information? If you have not been at a location that is at risk from an approaching hurricane, please think about the information you might receive if you are in this situation in the future. Cell phone applications or notifications",channels,reliance_5,1 = Not much | 2 = Little | 3 = Somewhat | 4 = Much | 5 = A great deal,5,FALSE,FALSE
Tropical Cyclone (TC),nws_trust,Please indicate your level of trust in information about hurricanes from each of the following organizations and groups. The National Weather Service,trust|sources,trust_5,1 = No trust | 2 = Low trust | 3 = Moderate trust | 4 = High trust | 5 = Complete trust,5,FALSE,FALSE
Tropical Cyclone (TC),lotv_trust,Please indicate your level of trust in information about hurricanes from each of the following organizations and groups. Regional or local TV stations,trust|sources,trust_5,1 = No trust | 2 = Low trust | 3 = Moderate trust | 4 = High trust | 5 = Complete trust,5,FALSE,FALSE
Tropical Cyclone (TC),natv_trust,Please indicate your level of trust in information about hurricanes from each of the following organizations and groups. National TV stations (like the Weather Channel),trust|sources,trust_5,1 = No trust | 2 = Low trust | 3 = Moderate trust | 4 = High trust | 5 = Complete trust,5,FALSE,FALSE
Tropical Cyclone (TC),em_trust,Please indicate your level of trust in information about hurricanes from each of the following organizations and groups. State or local emergency managers,trust|sources,trust_5,1 = No trust | 2 = Low trust | 3 = Moderate trust | 4 = High trust | 5 = Complete trust,5,FALSE,FALSE
Tropical Cyclone (TC),fam_trust,"Please indicate your level of trust in information about hurricanes from each of the following organizations and groups. Family, friends, neighbors, employers, co-workers, etc.",trust|sources,trust_5,1 = No trust | 2 = Low trust | 3 = Moderate trust | 4 = High trust | 5 = Complete trust,5,FALSE,FALSE
Tropical Cyclone (TC),info_nhc,"How often do you get information directly from the National Hurricane Center when hurricanes threaten your location? If you have not been in this situation, please tell us how often you might get information from the National Hurricane Center if you are in this situation in the future.",sources,frequency_always_5,0 = Never | 1 = Rarely | 2 = Sometimes | 3 = Often | 4 = Always,5,FALSE,FALSE
Tropical Cyclone (TC),info_nhc_why,Can you tell us why you do not get information directly from the National Hurricane Center?,sources,categorical,1 = I don't know where to find it | 2 = It is usually too complicated | 3 = I don't trust the National Hurricane Center | 4 = Something else (please specify),4,FALSE,FALSE
Tropical Cyclone (TC),wep_rec,"When you get information from forecasts, do you want:",forecast_products,categorical,1 = Numbers | 2 = Words | 3 = Both,3,FALSE,FALSE
Tropical Cyclone (TC),gr_rec,"Some forecasters also use graphics such as maps or charts in place of words and numbers. For example, they might show a map with a circle, line, or cone instead of saying specific city or state names when talking about where a hurricane is going. They might also use colors on a graphic in place of saying numbers to indicate how likely a hurricane is in a given location. When you get information from forecasts, do you want:",forecast_products|graphics,categorical,1 = Graphics | 2 = Words or numbers | 3 = Both,3,FALSE,FALSE
Tropical Cyclone (TC),move_past_wx,Did weather or climate play a role in your decision to move in the past five years?,relocation,yes_no,0 = No | 1 = Yes,2,FALSE,FALSE
Tropical Cyclone (TC),move_future_wx,Is weather or climate playing a role in your decision to move (or consider moving) in the next five years?,relocation,yes_no,0 = No | 1 = Yes,2,FALSE,FALSE
Tropical Cyclone (TC),ins_crisis_aware,"In some states, homeowners (and renters) are facing rising insurance premiums, non-renewals, or difficulty finding coverage due to increased risks from weather and climate-related events. Before this survey, how aware were you of this issue?",insurance,awareness_5,1 = Not at all aware | 2 = Slightly aware | 3 = Moderately aware | 4 = Very aware | 5 = Extremely aware,5,FALSE,FALSE
Tropical Cyclone (TC),ins_crisis_loc,"In some states, homeowners (and renters) are facing rising insurance premiums, non-renewals, or difficulty finding coverage due to increased risks from weather and climate-related events. Do you think this insurance crisis is currently affecting your state or community?",insurance,yes_no_unsure,0 = No | 1 = Yes | 2 = Not sure,3,FALSE,FALSE
Tropical Cyclone (TC),ins_crisis_lead,"Who should take the lead in addressing rising insurance costs and limited availability in high-risk areas? By ""take the lead,"" we mean the group primarily responsible for proposing solutions, shaping policy, or providing financial support.",insurance,categorical,1 = Insurance companies | 2 = State governments | 3 = The federal government | 4 = Individual homeowners | 5 = Local governments | 6 = Not sure,6,FALSE,FALSE
Tropical Cyclone (TC),ins_crisis_pub,Would you support or oppose the following policy actions to address the homeowners insurance crisis? A public insurance option for homeowners in high-risk areas,insurance,support_5,1 = Strongly oppose | 2 = Oppose | 3 = Neither support nor oppose | 4 = Support | 5 = Strongly support,5,FALSE,FALSE
Tropical Cyclone (TC),ins_crisis_gov,Would you support or oppose the following policy actions to address the homeowners insurance crisis? Government subsidies to help lower- and middle-income homeowners afford insurance,insurance,support_5,1 = Strongly oppose | 2 = Oppose | 3 = Neither support nor oppose | 4 = Support | 5 = Strongly support,5,FALSE,FALSE
Tropical Cyclone (TC),ins_crisis_reg,Would you support or oppose the following policy actions to address the homeowners insurance crisis? Stricter regulations on insurance companies to prevent unfair cancellations or excessive rates,insurance,support_5,1 = Strongly oppose | 2 = Oppose | 3 = Neither support nor oppose | 4 = Support | 5 = Strongly support,5,FALSE,FALSE
Tropical Cyclone (TC),ins_crisis_inc,"Would you support or oppose the following policy actions to address the homeowners insurance crisis? Incentives for homeowners to reduce risk (e.g., financial assistance or tax breaks for mitigation efforts like stormproofing homes or reducing fire hazards)",insurance|mitigation,support_5,1 = Strongly oppose | 2 = Oppose | 3 = Neither support nor oppose | 4 = Support | 5 = Strongly support,5,FALSE,FALSE
Tropical Cyclone (TC),risk_reduc_alr,"Now we'd like to ask a few questions about steps homeowners can take to reduce the risk of damage from weather and climate-related events. These may include actions like stormproofing your home, reducing wildfire risk, or protecting against flooding. When you moved into your current home, did it already have features to reduce the risk of damage from weather and climate-related events (e.g., reinforced roof or storm shutters)?",mitigation,yes_no_unsure,0 = No | 1 = Yes | 2 = Not Sure,3,FALSE,FALSE
Tropical Cyclone (TC),risk_reduc_alr_imp,How important were these features when you decided to purchase your home?,mitigation,importance_5,1 = Not at all important | 2 = Slightly important | 3 = Moderately important | 4 = Very important | 5 = Extremely important,5,FALSE,FALSE
Tropical Cyclone (TC),risk_reduc_action,"Since you moved into your current home, have you taken any steps to reduce the risk of damage from weather and climate-related events (e.g., reinforced roof or storm shutters)?",mitigation,yes_no_unsure,0 = No | 1 = Yes | 2 = Not sure,3,FALSE,FALSE
Tropical Cyclone (TC),risk_reduc_future,How likely are you to invest in further risk-reduction measures in the next five years?,mitigation,likelihood_notsure_5,1 = Very unlikely | 2 = Unlikely | 3 = Not sure | 4 = Likely | 5 = Very likely,5,FALSE,FALSE
Tropical Cyclone (TC),risk_reduc_notice,"Imagine you are looking for a new place to live. When browsing home or apartment listings, would you notice and value features that reduce risk from weather-related hazards - such as a fortified roof, flood-resistant design, or wildfire-resistant landscaping?",mitigation,categorical,"1 = Yes, I would notice and actively look for those features | 2 = Yes, I would notice them, but they're not a priority | 3 = No, I probably wouldn't notice or pay much attention | 4 = Not sure",4,FALSE,FALSE
Tropical Cyclone (TC),risk_reduc_pay,Would you be willing to pay more for a home or apartment that includes features that reduce the risk of damage from weather or climate-related events?,mitigation,certainty_5,1 = Definitely no | 2 = Probably no | 3 = Not sure | 4 = Probably yes | 5 = Definitely yes,5,FALSE,FALSE
Tropical Cyclone (TC),student_concern,"Next, imagine you are made aware that there is a hurricane about to make an imminent landfall just north of Cape Coral (pictured below). Threats from the hurricane include wind damage, flooding, lightning strikes, and possibly tornadoes. In preparation, you are given this map of potential storm surge heights. If you were located at location [rand_loc], how concerned would you be about storm surge damaging property?",graphics|risk_perception,concern_5,1 = Not at all concerned | 2 = Not very concerned | 3 = Somewhat concerned | 4 = Very concerned | 5 = Extremely concerned,5,TRUE,TRUE
Tropical Cyclone (TC),student_evac,"Next, imagine you are made aware that there is a hurricane about to make an imminent landfall just north of Cape Coral (pictured below). Threats from the hurricane include wind damage, flooding, lightning strikes, and possibly tornadoes. In preparation, you are given this map of potential storm surge heights. If you were at location rand_loc and saw this graphic, what would be your likelihood of evacuating?",graphics|response,evacuation_5,1 = Not at all evacuating | 2 = Probably not evacuating | 3 = Maybe evacuating | 4 = Probably evacuating | 5 = Definitely evacuating,5,TRUE,TRUE
Tropical Cyclone (TC),rq_1,The survey is nearly complete. We have just a few more questions. Does your local government have an emergency or disaster plan for your community?,preparedness,yes_no_unsure,0 = No | 1 = Yes | 2 = Not sure,3,FALSE,FALSE
Tropical Cyclone (TC),rq_2,The survey is nearly complete. We have just a few more questions. Do you know how to find the emergency broadcasting channel on the radio?,preparedness,yes_no_unsure,0 = No | 1 = Yes | 2 = Not sure,3,FALSE,FALSE
Tropical Cyclone (TC),rq_3,"The survey is nearly complete. We have just a few more questions. In the past 30 days, have you seen or heard any messages that encourage people to take steps to be prepared for emergency situations in your community?",preparedness,yes_no_unsure,0 = No | 1 = Yes | 2 = Not sure,3,FALSE,FALSE
Tropical Cyclone (TC),rq_4,"The survey is nearly complete. We have just a few more questions. In the last year, have you prepared a Disaster Supply Kit with emergency supplies like water, food and medicine that is kept in a designated place in your home?",preparedness,yes_no_unsure,0 = No | 1 = Yes | 2 = Not sure,3,FALSE,FALSE
Tropical Cyclone (TC),rq_5,"The survey is nearly complete. We have just a few more questions. In the last year, have you prepared a small kit with emergency supplies that you keep at home, in your car or where you work to take with you if you had to leave quickly?",preparedness,yes_no_unsure,0 = No | 1 = Yes | 2 = Not sure,3,FALSE,FALSE
Tropical Cyclone (TC),rq_6,"The survey is nearly complete. We have just a few more questions. In the last year, have you made a specific plan for how you and your family would communicate in an emergency situation if you were separated?",preparedness,yes_no_unsure,0 = No | 1 = Yes | 2 = Not sure,3,FALSE,FALSE
Tropical Cyclone (TC),rq_7,"The survey is nearly complete. We have just a few more questions. In the last year, have you established a specific meeting place to reunite in the event you and your family cannot return home or are evacuated?",preparedness,yes_no_unsure,0 = No | 1 = Yes | 2 = Not sure,3,FALSE,FALSE
Tropical Cyclone (TC),rq_8,"The survey is nearly complete. We have just a few more questions. In the last year, have you practiced or drilled on what to do in an emergency at home?",preparedness,yes_no_unsure,0 = No | 1 = Yes | 2 = Not sure,3,FALSE,FALSE
Tropical Cyclone (TC),rq_9,"The survey is nearly complete. We have just a few more questions. In the last year, have you volunteered to help prepare for or respond to a major emergency?",preparedness,yes_no_unsure,0 = No | 1 = Yes | 2 = Not sure,3,FALSE,FALSE
Tropical Cyclone (TC),rq_10,The survey is nearly complete. We have just a few more questions. Have you taken first aid training such as CPR in the past five years?,preparedness,yes_no_unsure,0 = No | 1 = Yes | 2 = Not sure,3,FALSE,FALSE
Tropical Cyclone (TC),ian_support_tax,"FEMA and the State of Florida are providing funding to help with recovery, but it is not enough. To offset recovery costs, [ian_rand_leadeaders] throughout the county are suggesting a temporary sales tax increase of 5% (five cents on every dollar spent). Revenue from the tax increase would go to [ian_rand_population] residents to help them find a [ian_rand_program]. If you were a Lee County resident that was not affected by the hurricane, would you support this tax increase?",recovery,support_tax_5,"1 = No, I would definitely not support the tax increase | 2 = No, I would probably not support the tax increase | 3 = I am not sure if I would support the tax increase | 4 = Yes, I would probably support the tax increase | 5 = Yes, I would definitely support the tax increase",5,TRUE,FALSE
Tropical Cyclone (TC),ss_see,This is a snap shot from a Potential Storm Surge Flooding map that is issued by the NOAA/NWS National Hurricane Center. Have you seen a graphic like this before?,graphics,yes_no_unsure,0 = No | 1 = Yes | 2 = Not sure,3,TRUE,TRUE
Tropical Cyclone (TC),ss_int,This is a snap shot from a Potential Storm Surge Flooding map that is issued by the NOAA/NWS National Hurricane Center. Are you able to interpret all of the information in this graphic?,graphics|comprehension,certainty_5,1 = Definitely no | 2 = Probably no | 3 = Not sure | 4 = Probably yes | 5 = Definitely yes,5,TRUE,TRUE
Tropical Cyclone (TC),ss_dec,This is a snap shot from a Potential Storm Surge Flooding map that is issued by the NOAA/NWS National Hurricane Center. How likely are you to use this graphic to understand the risk if a hurricane were to threaten your location?,graphics|forecast_products,likelihood_notsure_5,1 = Very unlikely | 2 = Unlikely | 3 = Not sure | 4 = Likely | 5 = Very likely,5,TRUE,TRUE
Tropical Cyclone (TC),ss_comm,"This is a snap shot from a Potential Storm Surge Flooding map that is issued by the NOAA/NWS National Hurricane Center. How likely are you to use this graphic to explain the risk to friends, family, and neighbors if a hurricane were to threaten your location?",graphics|forecast_products,likelihood_notsure_5,1 = Very unlikely | 2 = Unlikely | 3 = Not sure | 4 = Likely | 5 = Very likely,5,TRUE,TRUE
Tropical Cyclone (TC),ws_see,This is an example Wind Speed Probability graphic that is issued by the NOAA/NWS National Hurricane Center. Have you seen a graphic like this before?,graphics,yes_no_unsure,0 = No | 1 = Yes | 2 = Not sure,3,TRUE,TRUE
Tropical Cyclone (TC),ws_int,This is an example Wind Speed Probability graphic that is issued by the NOAA/NWS National Hurricane Center. Are you able to interpret all of the information in this graphic?,graphics|comprehension,certainty_5,1 = Definitely no | 2 = Probably no | 3 = Not sure | 4 = Probably yes | 5 = Definitely yes,5,TRUE,TRUE
Tropical Cyclone (TC),ws_dec,This is an example Wind Speed Probability graphic that is issued by the NOAA/NWS National Hurricane Center. How likely are you to use this graphic to understand the risk if a hurricane were to threaten your location?,graphics|forecast_products,likelihood_notsure_5,1 = Very unlikely | 2 = Unlikely | 3 = Not sure | 4 = Likely | 5 = Very likely,5,TRUE,TRUE
Tropical Cyclone (TC),ws_comm,"This is an example Wind Speed Probability graphic that is issued by the NOAA/NWS National Hurricane Center. How likely are you to use this graphic to explain the risk to friends, family, and neighbors if a hurricane were to threaten your location?",graphics|forecast_products,likelihood_notsure_5,1 = Very unlikely | 2 = Unlikely | 3 = Not sure | 4 = Likely | 5 = Very likely,5,TRUE,TRUE
Tropical Cyclone (TC),ss_test,Which of the following statements best describes the storm surge forecast for Location A?,graphics|comprehension,categorical,1 = There is a 10% chance that Location A will get more than 9 ft of storm surge above ground level. | 2 = There is a 10% chance that Location A will get less than 9 ft of storm surge above ground level. | 3 = There is a 10% chance that Location A will get approximately 9 ft of storm surge above ground level. | 4 = Not sure,4,TRUE,TRUE
Tropical Cyclone (TC),ss_conf,How confident are you in your response to the previous question?,graphics|comprehension,confidence_5,1 = Not at all confident | 2 = Not very confident | 3 = Somewhat confident | 4 = Very confident | 5 = Extremely confident,5,TRUE,TRUE
Tropical Cyclone (TC),ss_risk,How much risk does this information imply for average people in Location A?,graphics|risk_perception,risk_5,1 = No risk | 2 = Low risk | 3 = Moderate risk | 4 = High risk | 5 = Extreme risk,5,TRUE,TRUE
Tropical Cyclone (TC),ss_resp,"If you were advising people in Location A, would you tell them to:",graphics|response,categorical,1 = Continue with daily activities | 2 = Keep an eye on the forecast | 3 = Take protective action,3,TRUE,TRUE
Tropical Cyclone (TC),ws_test,Which of the following statements best describes the probability of hurricane-force winds in Location A?,graphics|comprehension,categorical,1 = There is an 80-90% chance of hurricane-force winds in Location A during the next 5 days. | 2 = There is an 80-90% chance of hurricane-force winds in Location A in each of the next 5 days. | 3 = There is an 80-90% chance of hurricane-force winds occurring somewhere along the southern Gulf coast of Florida during the next 5 days. | 4 = Not sure,4,TRUE,TRUE
Tropical Cyclone (TC),ws_conf,How confident are you in your response to the previous question?,graphics|comprehension,confidence_5,1 = Not at all confident | 2 = Not very confident | 3 = Somewhat confident | 4 = Very confident | 5 = Extremely confident,5,TRUE,TRUE
Tropical Cyclone (TC),ws_risk,How much risk does this information imply for average people in Location A?,graphics|risk_perception,risk_5,1 = No risk | 2 = Low risk | 3 = Moderate risk | 4 = High risk | 5 = Extreme risk,5,TRUE,TRUE
Tropical Cyclone (TC),ws_resp,"If you were advising people in Location A, would you tell them to:",graphics|response,categorical,1 = Continue with daily activities | 2 = Keep an eye on the forecast | 3 = Take protective action,3,TRUE,TRUE
Tropical Cyclone (TC),fivedays_source,"Some people look for information from different sources at different points in time. In the next few questions, we are going to give you a timeline and ask you to indicate the source of information that you are most likely to use at that time. At 5 days before the hurricane, which source is the most important?",channels,categorical,"1 = Broadcast radio | 2 = Weather radio (National Weather Service radio) | 3 = Television | 4 = Internet web pages focused on weather forecasts, such as those provided by the National Weather Service | 5 = Social media, such as X (formerly Twitter) or Facebook | 6 = Word-of-mouth (including telephone calls or texts) from family, friends, neighbors, employers, co-workers, etc. | 7 = Emergency notifications on your phone | 8 = Weather applications on your phone | 9 = Outdoor warning sirens",9,FALSE,FALSE
Tropical Cyclone (TC),threedays_source,"Some people look for information from different sources at different points in time. In the next few questions, we are going to give you a timeline and ask you to indicate the source of information that you are most likely to use at that time. At 3 days before the hurricane, which source is the most important?",channels,categorical,"1 = Broadcast radio | 2 = Weather radio (National Weather Service radio) | 3 = Television | 4 = Internet web pages focused on weather forecasts, such as those provided by the National Weather Service | 5 = Social media, such as X (formerly Twitter) or Facebook | 6 = Word-of-mouth (including telephone calls or texts) from family, friends, neighbors, employers, co-workers, etc. | 7 = Emergency notifications on your phone | 8 = Weather applications on your phone | 9 = Outdoor warning sirens",9,FALSE,FALSE
Tropical Cyclone (TC),twodays_source,"Some people look for information from different sources at different points in time. In the next few questions, we are going to give you a timeline and ask you to indicate the source of information that you are most likely to use at that time. At 2 days before the hurricane, which source is the most important?",channels,categorical,"1 = Broadcast radio | 2 = Weather radio (National Weather Service radio) | 3 = Television | 4 = Internet web pages focused on weather forecasts, such as those provided by the National Weather Service | 5 = Social media, such as X (formerly Twitter) or Facebook | 6 = Word-of-mouth (including telephone calls or texts) from family, friends, neighbors, employers, co-workers, etc. | 7 = Emergency notifications on your phone | 8 = Weather applications on your phone | 9 = Outdoor warning sirens",9,FALSE,FALSE
Tropical Cyclone (TC),oneday_source,"Some people look for information from different sources at different points in time. In the next few questions, we are going to give you a timeline and ask you to indicate the source of information that you are most likely to use at that time. At 1 day before the hurricane, which source is the most important?",channels,categorical,"1 = Broadcast radio | 2 = Weather radio (National Weather Service radio) | 3 = Television | 4 = Internet web pages focused on weather forecasts, such as those provided by the National Weather Service | 5 = Social media, such as X (formerly Twitter) or Facebook | 6 = Word-of-mouth (including telephone calls or texts) from family, friends, neighbors, employers, co-workers, etc. | 7 = Emergency notifications on your phone | 8 = Weather applications on your phone | 9 = Outdoor warning sirens",9,FALSE,FALSE
Tropical Cyclone (TC),dayof_source,"Some people look for information from different sources at different points in time. In the next few questions, we are going to give you a timeline and ask you to indicate the source of information that you are most likely to use at that time. On the day of the hurricane, which source is the most important?",channels,categorical,"1 = Broadcast radio | 2 = Weather radio (National Weather Service radio) | 3 = Television | 4 = Internet web pages focused on weather forecasts, such as those provided by the National Weather Service | 5 = Social media, such as X (formerly Twitter) or Facebook | 6 = Word-of-mouth (including telephone calls or texts) from family, friends, neighbors, employers, co-workers, etc. | 7 = Emergency notifications on your phone | 8 = Weather applications on your phone | 9 = Outdoor warning sirens",9,FALSE,FALSE
Tropical Cyclone (TC),loc_test,Now we have some questions about how you interpret this post. Which of the following statements best describes the probability of hurricane-force winds at Location B?,graphics|comprehension,categorical,1 = There is a 70-80% chance of hurricane-force winds in Location B during the next 5 days. | 2 = There is a 50-60% chance of hurricane-force winds in Location B during the next 5 days. | 3 = There is a 5-90% chance of hurricane-force winds in Location B during the next 5 days. | 4 = There is a 5-10% chance of hurricane-force winds in Location B during the next 5 days. | 5 = Something else (please specify),5,TRUE,TRUE
Tropical Cyclone (TC),loc_conf,Now we have some questions about how you interpret this post. How confident are you in your response to the previous question?,graphics|comprehension,confidence_5,1 = Not at all confident | 2 = Not very confident | 3 = Somewhat confident | 4 = Very confident | 5 = Extremely confident,5,TRUE,TRUE
Tropical Cyclone (TC),loc_risk,Now we have some questions about how you interpret this post. How much risk does this forecast imply for average people in Location B?,graphics|risk_perception,risk_5,1 = No risk | 2 = Low risk | 3 = Moderate risk | 4 = High risk | 5 = Extreme risk,5,TRUE,TRUE
Tropical Cyclone (TC),surge_flood_risk,Here is an example message that includes an alert from a past storm. Can you tell us how much risk the message implies for average people in the warning area?,graphics|risk_perception,risk_5,1 = No risk | 2 = Low risk | 3 = Moderate risk | 4 = High risk | 5 = Extreme risk,5,TRUE,TRUE
Tropical Cyclone (TC),surge_flood_und,Here is an example message that includes an alert from a past storm. Does all the information in this message (including the text) make sense to you?,graphics|comprehension,certainty_5,1 = Definitely no | 2 = Probably no | 3 = Not sure | 4 = Probably yes | 5 = Definitely yes,5,TRUE,TRUE
Tropical Cyclone (TC),covid_risk,"As you know, COVID-19 has had (and continues to have) a large impact on society. For some people, it may cause them to pay less attention to hurricane risks or make it more difficult to take protective action in response to them. How do you rate the risk of COVID-19 in relation to hurricane risks to you and the people in your area?",risk_perception,risk_comparison_5,1 = The risk of COVID-19 is significantly lower than the risk of hurricanes | 2 = The risk of COVID-19 is lower than the risk of hurricanes | 3 = The risks are about the same | 4 = The risk of COVID-19 is higher than the risk of hurricanes | 5 = The risk of COVID-19 is significantly higher than the risk of hurricanes,5,FALSE,FALSE
Tropical Cyclone (TC),covid_attention,"As you know, COVID-19 has had (and continues to have) a large impact on society. For some people, it may cause them to pay less attention to hurricane risks or make it more difficult to take protective action in response to them. Do you pay less attention to hurricane risks than you did before COVID-19?",risk_perception|engagement,certainty_5,1 = Definitely no | 2 = Probably no | 3 = Not sure | 4 = Probably yes | 5 = Definitely yes,5,FALSE,FALSE
Tropical Cyclone (TC),covid_respond,"As you know, COVID-19 has had (and continues to have) a large impact on society. For some people, it may cause them to pay less attention to hurricane risks or make it more difficult to take protective action in response to them. Do you think COVID-19 will make it more difficult for you and other people in your area to take protective action in response to hurricanes in the next few weeks?",response,certainty_5,1 = Definitely no | 2 = Probably no | 3 = Not sure | 4 = Probably yes | 5 = Definitely yes,5,FALSE,FALSE
Tropical Cyclone (TC),forcast_loc,Hurricane forecasts often include multiple pieces of information. We want to know how important each of the following pieces of information is to you. Please drag the boxes below to rank each piece of information from most important (top) to least important (bottom). Location: what area is the storm going to affect?,forecast_products,ranking,NA,6,FALSE,FALSE
Tropical Cyclone (TC),forcast_time,Hurricane forecasts often include multiple pieces of information. We want to know how important each of the following pieces of information is to you. Please drag the boxes below to rank each piece of information from most important (top) to least important (bottom). Timing: when is the storm going to happen?,forecast_products,ranking,NA,6,FALSE,FALSE
Tropical Cyclone (TC),forcast_prob,Hurricane forecasts often include multiple pieces of information. We want to know how important each of the following pieces of information is to you. Please drag the boxes below to rank each piece of information from most important (top) to least important (bottom). Chance: how likely is the storm to occur?,forecast_products,ranking,NA,6,FALSE,FALSE
Tropical Cyclone (TC),forcast_sev,"Hurricane forecasts often include multiple pieces of information. We want to know how important each of the following pieces of information is to you. Please drag the boxes below to rank each piece of information from most important (top) to least important (bottom). Severity: how intense is the storm going to be (for example: wind speed, amount storm surge, amount of rain)?",forecast_products,ranking,NA,6,FALSE,FALSE
Tropical Cyclone (TC),forcast_impact,"Hurricane forecasts often include multiple pieces of information. We want to know how important each of the following pieces of information is to you. Please drag the boxes below to rank each piece of information from most important (top) to least important (bottom). Impacts: how might the storm impact you and surrounding areas? (for example: power outages, property damage)",forecast_products,ranking,NA,6,FALSE,FALSE
Tropical Cyclone (TC),forcast_safe,"Hurricane forecasts often include multiple pieces of information. We want to know how important each of the following pieces of information is to you. Please drag the boxes below to rank each piece of information from most important (top) to least important (bottom). Protective actions: how can you stay safe during the storm? (for example: stay inside, seek shelter, evacuate)",forecast_products|response,ranking,NA,6,FALSE,FALSE
Tropical Cyclone (TC),five_days,"Some people look for different kinds of information at different points in time. In the next few questions, we are going to give you a timeline and ask you to indicate the type of information that is most important at each point in time. 5 days before the storm",forecast_products,info_type_6,1 = Location: what area is the storm going to affect? | 2 = Timing: when is the storm going to happen? | 3 = Chance: how likely is the storm to occur? | 4 = Severity: how intense is the storm going to be? | 5 = Impacts: how might the storm impact you and surrounding areas? | 6 = Protective actions: how can you stay safe during the storm?,6,FALSE,FALSE
Tropical Cyclone (TC),three_days,"Some people look for different kinds of information at different points in time. In the next few questions, we are going to give you a timeline and ask you to indicate the type of information that is most important at each point in time. 3 days before the storm",forecast_products,info_type_6,1 = Location: what area is the storm going to affect? | 2 = Timing: when is the storm going to happen? | 3 = Chance: how likely is the storm to occur? | 4 = Severity: how intense is the storm going to be? | 5 = Impacts: how might the storm impact you and surrounding areas? | 6 = Protective actions: how can you stay safe during the storm?,6,FALSE,FALSE
Tropical Cyclone (TC),two_days,"Some people look for different kinds of information at different points in time. In the next few questions, we are going to give you a timeline and ask you to indicate the type of information that is most important at each point in time. 2 days before the storm",forecast_products,info_type_6,1 = Location: what area is the storm going to affect? | 2 = Timing: when is the storm going to happen? | 3 = Chance: how likely is the storm to occur? | 4 = Severity: how intense is the storm going to be? | 5 = Impacts: how might the storm impact you and surrounding areas? | 6 = Protective actions: how can you stay safe during the storm?,6,FALSE,FALSE
Tropical Cyclone (TC),one_day,"Some people look for different kinds of information at different points in time. In the next few questions, we are going to give you a timeline and ask you to indicate the type of information that is most important at each point in time. 1 days before the storm",forecast_products,info_type_6,1 = Location: what area is the storm going to affect? | 2 = Timing: when is the storm going to happen? | 3 = Chance: how likely is the storm to occur? | 4 = Severity: how intense is the storm going to be? | 5 = Impacts: how might the storm impact you and surrounding areas? | 6 = Protective actions: how can you stay safe during the storm?,6,FALSE,FALSE
Tropical Cyclone (TC),time_format,"Forecasters often provide information in different ways. We want to know what you think of different formats. For each of the questions below, select the forecast format that best matches your preference: Which of these hurricane timing formats do you prefer?",forecast_products,categorical,"1 = There is still uncertainty, but the forecast suggests that tropical-storm-force winds will most likely begin at 3pm. | 2 = There is still uncertainty, but the forecast suggests that tropical-storm-force winds will begin between 1 and 5pm.",2,FALSE,FALSE
Tropical Cyclone (TC),amount_format,"Forecasters often provide information in different ways. We want to know what you think of different formats. For each of the questions below, select the forecast format that best matches your preference: Which of these storm surge formats do you prefer?",forecast_products,categorical,"1 = There is still uncertainty, but the forecast suggests that the storm will most likely produce [amount_format_rand1: 4 or 12] inches of storm surge. | 2 = There is still uncertainty, but the forecast suggests that the storm will produce between [amount_format_rand2: 2 and 6 if amount_format_rand1 = 4, or 10 and 14 if amount_format_rand1 = 12] inches of storm surge.",2,TRUE,FALSE
Tropical Cyclone (TC),met_accurate_1,"Many people rely on specific meteorologists when looking for information about extreme weather. We want to know if there are some characteristics that make a meteorologist seem more (or less) reliable to people like you. In the next few questions, we are going to introduce an example meteorologist and ask you what you think of them. We know this can be difficult without more information. Just give us your first impression. This is [rand_name: Alex Morgan | Cameron Johnson]. [rand_fname] grew up in [rand_place: state | out_state], has a [rand_degree: bachelor's | master's] degree in meteorology, and has [rand_experience: 2 | 5] years of experience as a meteorologist in the [rand_place] area. Would you trust rand_fname_1 to provide accurate information during dangerous weather events in your area?",trust|sources,certainty_5,1 = Definitely no | 2 = Probably no | 3 = Not sure | 4 = Probably yes | 5 = Definitely yes,5,TRUE,TRUE
Tropical Cyclone (TC),met_relevant_1,"Many people rely on specific meteorologists when looking for information about extreme weather. We want to know if there are some characteristics that make a meteorologist seem more (or less) reliable to people like you. In the next few questions, we are going to introduce an example meteorologist and ask you what you think of them. We know this can be difficult without more information. Just give us your first impression. This is [rand_name: Alex Morgan | Cameron Johnson]. [rand_fname] grew up in [rand_place: state | out_state], has a [rand_degree: bachelor's | master's] degree in meteorology, and has [rand_experience: 2 | 5] years of experience as a meteorologist in the [rand_place] area. Would you trust rand_fname_1 to provide information that is relevant to people like you during dangerous weather events in your area?",trust|sources,certainty_5,1 = Definitely no | 2 = Probably no | 3 = Not sure | 4 = Probably yes | 5 = Definitely yes,5,TRUE,TRUE
Tropical Cyclone (TC),met_accurate_2,"Many people rely on specific meteorologists when looking for information about extreme weather. We want to know if there are some characteristics that make a meteorologist seem more (or less) reliable to people like you. In the next few questions, we are going to introduce an example meteorologist and ask you what you think of them. We know this can be difficult without more information. Just give us your first impression. This is [rand_name: Alex Morgan | Cameron Johnson]. [rand_fname] grew up in [rand_place: state | out_state], has a [rand_degree: bachelor's | master's] degree in meteorology, and has [rand_experience: 2 | 5] years of experience as a meteorologist in the [rand_place] area. Would you trust rand_fname_2 to provide accurate information during dangerous weather events in your area?",trust|sources,certainty_5,1 = Definitely no | 2 = Probably no | 3 = Not sure | 4 = Probably yes | 5 = Definitely yes,5,TRUE,TRUE
Tropical Cyclone (TC),met_relevant_2,"Many people rely on specific meteorologists when looking for information about extreme weather. We want to know if there are some characteristics that make a meteorologist seem more (or less) reliable to people like you. In the next few questions, we are going to introduce an example meteorologist and ask you what you think of them. We know this can be difficult without more information. Just give us your first impression. This is [rand_name: Alex Morgan | Cameron Johnson]. [rand_fname] grew up in [rand_place: state | out_state], has a [rand_degree: bachelor's | master's] degree in meteorology, and has [rand_experience: 2 | 5] years of experience as a meteorologist in the [rand_place] area. Would you trust rand_fname_2 to provide information that is relevant to people like you during dangerous weather events in your area?",trust|sources,certainty_5,1 = Definitely no | 2 = Probably no | 3 = Not sure | 4 = Probably yes | 5 = Definitely yes,5,TRUE,TRUE
Tropical Cyclone (TC),met_follow_1,"Many people rely on specific meteorologists when looking for information about extreme weather. We want to know if there are some characteristics that make a meteorologist seem more (or less) reliable to people like you. In the next few questions, we are going to introduce an example meteorologist and ask you what you think of them. We know this can be difficult without more information. Just give us your first impression. This is [rand_name: Alex Morgan | Cameron Johnson]. [rand_fname] grew up in [rand_place: state | out_state], has a [rand_degree: bachelor's | master's] degree in meteorology, and has [rand_experience: 2 | 5] years of experience as a meteorologist in the [rand_place] area. Would you follow/watch rand_fname_1 if they were a meteorologist in your area?",trust|sources,certainty_5,1 = Definitely no | 2 = Probably no | 3 = Not sure | 4 = Probably yes | 5 = Definitely yes,5,TRUE,TRUE
Tropical Cyclone (TC),met_follow_2,"Many people rely on specific meteorologists when looking for information about extreme weather. We want to know if there are some characteristics that make a meteorologist seem more (or less) reliable to people like you. In the next few questions, we are going to introduce an example meteorologist and ask you what you think of them. We know this can be difficult without more information. Just give us your first impression. This is [rand_name: Alex Morgan | Cameron Johnson]. [rand_fname] grew up in [rand_place: state | out_state], has a [rand_degree: bachelor's | master's] degree in meteorology, and has [rand_experience: 2 | 5] years of experience as a meteorologist in the [rand_place] area. Would you follow/watch rand_fname_2 if they were a meteorologist in your area? Would you rely on Alex during a dangerous weather event in your area?",trust|sources,certainty_5,1 = Definitely no | 2 = Probably no | 3 = Not sure | 4 = Probably yes | 5 = Definitely yes,5,TRUE,TRUE
Tropical Cyclone (TC),met_choice,"This is [rand_pic_1] [rand_name_1] and this is [rand_pic_2] [rand_name_2], described as above. If you were experiencing a dangerous weather event, which of these meteorologists would you rely on for potentially life saving information?",trust|sources,categorical,1 = rand_name_1 | 2 = rand_name_2,2,TRUE,TRUE
Tropical Cyclone (TC),qp_see,This is an example of Probabilistic Quantitative Precipitation Forecast (PQPF) graphic that is issued by the NOAA/NWS Weather Prediction Center. Have you seen a graphic like this before?,graphics,yes_no_unsure,0 = No | 1 = Yes | 2 = Not sure,3,TRUE,TRUE
Tropical Cyclone (TC),qp_int,This is an example of Probabilistic Quantitative Precipitation Forecast (PQPF) graphic that is issued by the NOAA/NWS Weather Prediction Center. Are you able to interpret all of the information in this graphic?,graphics|comprehension,certainty_5,1 = Definitely no | 2 = Probably no | 3 = Not sure | 4 = Probably yes | 5 = Definitely yes,5,TRUE,TRUE
Tropical Cyclone (TC),qp_dec,This is an example of Probabilistic Quantitative Precipitation Forecast (PQPF) graphic that is issued by the NOAA/NWS Weather Prediction Center. How likely are you to use this graphic to understand the risk if a hurricane were to threaten your location?,graphics|forecast_products,likelihood_notsure_5,1 = Very unlikely | 2 = Unlikely | 3 = Not sure | 4 = Likely | 5 = Very likely,5,TRUE,TRUE
Tropical Cyclone (TC),qp_comm,"This is an example of Probabilistic Quantitative Precipitation Forecast (PQPF) graphic that is issued by the NOAA/NWS Weather Prediction Center. How likely are you to use this graphic to explain the risk to friends, family, and neighbors if a hurricane were to threaten your location?",graphics|forecast_products,likelihood_notsure_5,1 = Very unlikely | 2 = Unlikely | 3 = Not sure | 4 = Likely | 5 = Very likely,5,TRUE,TRUE
Tropical Cyclone (TC),qp_test,Which of the following statements best describes the rainfall forecast for Location A?,graphics|comprehension,categorical,1 = There is a 90% chance that Location A will get more than or equal to 4 inches of rain. | 2 = There is a 90% chance that Location A will get less than or equal to 4 inches of rain. | 3 = There is a 90% chance of that Location A will get approximately get 4 inches of rain. | 4 = Not sure,4,TRUE,TRUE
Tropical Cyclone (TC),qp_conf,How confident are you in your response to the previous question?,graphics|comprehension,confidence_5,1 = Not at all confident | 2 = Not very confident | 3 = Somewhat confident | 4 = Very confident | 5 = Extremely confident,5,TRUE,TRUE
Tropical Cyclone (TC),qp_risk,How much risk does this information imply for average people in Location A?,graphics|risk_perception,risk_5,1 = No risk | 2 = Low risk | 3 = Moderate risk | 4 = High risk | 5 = Extreme risk,5,TRUE,TRUE
Tropical Cyclone (TC),qp_resp,"If you were advising people in Location A, would you tell them to:",graphics|response,categorical,1 = Continue with daily activities | 2 = Keep an eye on the forecast | 3 = Take protective action,3,TRUE,TRUE
Tropical Cyclone (TC),ai_1_acc,"Many forecasters use a combination of expert judgement (human intelligence) and computer models (artificial intelligence) to predict extreme weather events. In most cases, the humans and computers agree. But in some cases, they disagree. Imagine that a storm is heading for your location and forecasters are trying to predict the probability that the storm will produce a tornado. The forecasters decide not to issue a tornado warning, and the forecast is incorrect: a tornado occurs. Do you think this forecast decision process was acceptable?",ai|trust|forecast_products,certainty_5,1 = Definitely no | 2 = Probably no | 3 = Not sure | 4 = Probably yes | 5 = Definitely yes,5,TRUE,FALSE
Tropical Cyclone (TC),ai_2_acc,"Many forecasters use a combination of expert judgement (human intelligence) and computer models (artificial intelligence) to predict extreme weather events. In most cases, the humans and computers agree. But in some cases, they disagree. Imagine that a storm is heading for your location and forecasters are trying to predict the probability that the storm will produce a tornado. The forecasters decide to issue a tornado warning, and the forecast is incorrect: a tornado does not happen. Do you think this forecast decision process was acceptable?",ai|trust|forecast_products,certainty_5,1 = Definitely no | 2 = Probably no | 3 = Not sure | 4 = Probably yes | 5 = Definitely yes,5,TRUE,FALSE
Tropical Cyclone (TC),wind_reliable,"Now we are going to show you some example forecast messages from past hurricanes and ask you how reliable the messages seem to you. We know this can be difficult without more information. Just give us your first impression. Using this information alone, how reliable does this forecast message seem to you?",forecast_products|trust,reliability_5,1 = Not at all reliable | 2 = Slightly reliable | 3 = Moderately reliable | 4 = Very reliable | 5 = Extremely reliable,5,TRUE,TRUE
Tropical Cyclone (TC),surge_reliable,"Now we are going to show you some example forecast messages from past hurricanes and ask you how reliable the messages seem to you. We know this can be difficult without more information. Just give us your first impression. Using this information alone, how reliable does this forecast message seem to you?",forecast_products|trust,reliability_5,1 = Not at all reliable | 2 = Slightly reliable | 3 = Moderately reliable | 4 = Very reliable | 5 = Extremely reliable,5,TRUE,TRUE
Tropical Cyclone (TC),flood_reliable,"Now we are going to show you some example forecast messages from past hurricanes and ask you how reliable the messages seem to you. We know this can be difficult without more information. Just give us your first impression. Using this information alone, how reliable does this forecast message seem to you?",forecast_products|trust,reliability_5,1 = Not at all reliable | 2 = Slightly reliable | 3 = Moderately reliable | 4 = Very reliable | 5 = Extremely reliable,5,TRUE,TRUE
Tropical Cyclone (TC),heart_risk,How do you rate the following risks to people and society? Heart attacks,risk_perception,endpoint_5,1 = No risk | 2 | 3 | 4 | 5 = Extreme risk,5,FALSE,FALSE
Tropical Cyclone (TC),ski_risk,How do you rate the following risks to people and society? Skiing,risk_perception,endpoint_5,1 = No risk | 2 | 3 | 4 | 5 = Extreme risk,5,FALSE,FALSE
Tropical Cyclone (TC),motor_risk,How do you rate the following risks to people and society? Motor vehicles,risk_perception,endpoint_5,1 = No risk | 2 | 3 | 4 | 5 = Extreme risk,5,FALSE,FALSE
Tropical Cyclone (TC),food_risk,How do you rate the following risks to people and society? Food preservatives,risk_perception,endpoint_5,1 = No risk | 2 | 3 | 4 | 5 = Extreme risk,5,FALSE,FALSE
Tropical Cyclone (TC),hur_risk,How do you rate the following risks to people and society? Hurricanes,risk_perception,endpoint_5,1 = No risk | 2 | 3 | 4 | 5 = Extreme risk,5,FALSE,FALSE
Tropical Cyclone (TC),heart_ppl_und,How well do average people understand these risks? Heart attacks,risk_perception|comprehension,endpoint_5,1 = Not at all | 2 | 3 | 4 | 5 = Extremely well,5,FALSE,FALSE
Tropical Cyclone (TC),ski_ppl_und,How well do average people understand these risks? Skiing,risk_perception|comprehension,endpoint_5,1 = Not at all | 2 | 3 | 4 | 5 = Extremely well,5,FALSE,FALSE
Tropical Cyclone (TC),motor_ppl_und,How well do average people understand these risks? Motor vehicles,risk_perception|comprehension,endpoint_5,1 = Not at all | 2 | 3 | 4 | 5 = Extremely well,5,FALSE,FALSE
Tropical Cyclone (TC),food_ppl_und,How well do average people understand these risks? Food preservatives,risk_perception|comprehension,endpoint_5,1 = Not at all | 2 | 3 | 4 | 5 = Extremely well,5,FALSE,FALSE
Tropical Cyclone (TC),hur_ppl_und,How well do average people understand these risks? Hurricanes,risk_perception|comprehension,endpoint_5,1 = Not at all | 2 | 3 | 4 | 5 = Extremely well,5,FALSE,FALSE
Tropical Cyclone (TC),heart_exp_und,How well do experts and scientists understand these risks? Heart attacks,risk_perception|comprehension,endpoint_5,1 = Not at all | 2 | 3 | 4 | 5 = Extremely well,5,FALSE,FALSE
Tropical Cyclone (TC),ski_exp_und,How well do experts and scientists understand these risks? Skiing,risk_perception|comprehension,endpoint_5,1 = Not at all | 2 | 3 | 4 | 5 = Extremely well,5,FALSE,FALSE
Tropical Cyclone (TC),motor_exp_und,How well do experts and scientists understand these risks? Motor vehicles,risk_perception|comprehension,endpoint_5,1 = Not at all | 2 | 3 | 4 | 5 = Extremely well,5,FALSE,FALSE
Tropical Cyclone (TC),food_exp_und,How well do experts and scientists understand these risks? Food preservatives,risk_perception|comprehension,endpoint_5,1 = Not at all | 2 | 3 | 4 | 5 = Extremely well,5,FALSE,FALSE
Tropical Cyclone (TC),hur_exp_und,How well do experts and scientists understand these risks? Hurricanes,risk_perception|comprehension,endpoint_5,1 = Not at all | 2 | 3 | 4 | 5 = Extremely well,5,FALSE,FALSE
Tropical Cyclone (TC),heart_dread,Some risks affect very few people; others affect almost everyone. How many people do these risks affect in an average year? Heart attacks,risk_perception,endpoint_5,1 = Very few people | 2 | 3 | 4 | 5 = Almost everyone,5,FALSE,FALSE
Tropical Cyclone (TC),ski_dread,Some risks affect very few people; others affect almost everyone. How many people do these risks affect in an average year? Skiing,risk_perception,endpoint_5,1 = Very few people | 2 | 3 | 4 | 5 = Almost everyone,5,FALSE,FALSE
Tropical Cyclone (TC),motor_dread,Some risks affect very few people; others affect almost everyone. How many people do these risks affect in an average year? Motor vehicles,risk_perception,endpoint_5,1 = Very few people | 2 | 3 | 4 | 5 = Almost everyone,5,FALSE,FALSE
Tropical Cyclone (TC),food_dread,Some risks affect very few people; others affect almost everyone. How many people do these risks affect in an average year? Food preservatives,risk_perception,endpoint_5,1 = Very few people | 2 | 3 | 4 | 5 = Almost everyone,5,FALSE,FALSE
Tropical Cyclone (TC),hur_dread,Some risks affect very few people; others affect almost everyone. How many people do these risks affect in an average year? Hurricanes,risk_perception,endpoint_5,1 = Very few people | 2 | 3 | 4 | 5 = Almost everyone,5,FALSE,FALSE
Tropical Cyclone (TC),heart_fatal,"Some risks are rarely deadly to the people who experience them; others are almost always deadly. On average, how deadly are these risks to the people who experience them? Heart attacks",risk_perception,endpoint_5,1 = Rarely deadly | 2 | 3 | 4 | 5 = Almost always deadly,5,FALSE,FALSE
Tropical Cyclone (TC),ski_fatal,"Some risks are rarely deadly to the people who experience them; others are almost always deadly. On average, how deadly are these risks to the people who experience them? Skiing",risk_perception,endpoint_5,1 = Rarely deadly | 2 | 3 | 4 | 5 = Almost always deadly,5,FALSE,FALSE
Tropical Cyclone (TC),motor_fatal,"Some risks are rarely deadly to the people who experience them; others are almost always deadly. On average, how deadly are these risks to the people who experience them? Motor vehicles",risk_perception,endpoint_5,1 = Rarely deadly | 2 | 3 | 4 | 5 = Almost always deadly,5,FALSE,FALSE
Tropical Cyclone (TC),food_fatal,"Some risks are rarely deadly to the people who experience them; others are almost always deadly. On average, how deadly are these risks to the people who experience them? Food preservatives",risk_perception,endpoint_5,1 = Rarely deadly | 2 | 3 | 4 | 5 = Almost always deadly,5,FALSE,FALSE
Tropical Cyclone (TC),hur_fatal,"Some risks are rarely deadly to the people who experience them; others are almost always deadly. On average, how deadly are these risks to the people who experience them? Hurricanes",risk_perception,endpoint_5,1 = Rarely deadly | 2 | 3 | 4 | 5 = Almost always deadly,5,FALSE,FALSE
Winter Weather (WW),follow,Now we have some basic questions about the weather. How much do you agree or disagree with the following statements? I follow the weather very closely.,engagement,agree_5,1 = Strongly disagree | 2 = Disagree | 3 = Neither disagree nor agree | 4 = Agree | 5 = Strongly agree,5,FALSE,FALSE
Winter Weather (WW),plan_around,Now we have some basic questions about the weather. How much do you agree or disagree with the following statements? I plan my daily routine around the weather.,engagement,agree_5,1 = Strongly disagree | 2 = Disagree | 3 = Neither disagree nor agree | 4 = Agree | 5 = Strongly agree,5,FALSE,FALSE
Winter Weather (WW),und_weather,"Now we have some basic questions about the weather. How much do you agree or disagree with the following statements? I don't understand what causes extreme weather events like blizzards, tornadoes, and hurricanes.",engagement|comprehension,agree_5,1 = Strongly disagree | 2 = Disagree | 3 = Neither disagree nor agree | 4 = Agree | 5 = Strongly agree,5,FALSE,FALSE
Winter Weather (WW),risk_hail,"Thinking about all four seasons (winter, summer, spring, and fall), how do you rate the risk of the following hazardous weather events to you and the people in the area where you live? Hail",risk_perception,risk_5,1 = No risk | 2 = Low risk | 3 = Moderate risk | 4 = High risk | 5 = Extreme risk,5,FALSE,FALSE
Winter Weather (WW),risk_wind,"Thinking about all four seasons (winter, summer, spring, and fall), how do you rate the risk of the following hazardous weather events to you and the people in the area where you live? High winds",risk_perception,risk_5,1 = No risk | 2 = Low risk | 3 = Moderate risk | 4 = High risk | 5 = Extreme risk,5,FALSE,FALSE
Winter Weather (WW),risk_lignt,"Thinking about all four seasons (winter, summer, spring, and fall), how do you rate the risk of the following hazardous weather events to you and the people in the area where you live? Lightning",risk_perception,risk_5,1 = No risk | 2 = Low risk | 3 = Moderate risk | 4 = High risk | 5 = Extreme risk,5,FALSE,FALSE
Winter Weather (WW),risk_heat,"Thinking about all four seasons (winter, summer, spring, and fall), how do you rate the risk of the following hazardous weather events to you and the people in the area where you live? Extreme heat",risk_perception,risk_5,1 = No risk | 2 = Low risk | 3 = Moderate risk | 4 = High risk | 5 = Extreme risk,5,FALSE,FALSE
Winter Weather (WW),risk_rain,"Thinking about all four seasons (winter, summer, spring, and fall), how do you rate the risk of the following hazardous weather events to you and the people in the area where you live? Excessive rain",risk_perception,risk_5,1 = No risk | 2 = Low risk | 3 = Moderate risk | 4 = High risk | 5 = Extreme risk,5,FALSE,FALSE
Winter Weather (WW),risk_drought,"Thinking about all four seasons (winter, summer, spring, and fall), how do you rate the risk of the following hazardous weather events to you and the people in the area where you live? Drought",risk_perception,risk_5,1 = No risk | 2 = Low risk | 3 = Moderate risk | 4 = High risk | 5 = Extreme risk,5,FALSE,FALSE
Winter Weather (WW),risk_cold,"Thinking about all four seasons (winter, summer, spring, and fall), how do you rate the risk of the following hazardous weather events to you and the people in the area where you live? Extreme cold",risk_perception,risk_5,1 = No risk | 2 = Low risk | 3 = Moderate risk | 4 = High risk | 5 = Extreme risk,5,FALSE,FALSE
Winter Weather (WW),risk_snow,"Thinking about all four seasons (winter, summer, spring, and fall), how do you rate the risk of the following hazardous weather events to you and the people in the area where you live? Snow",risk_perception,risk_5,1 = No risk | 2 = Low risk | 3 = Moderate risk | 4 = High risk | 5 = Extreme risk,5,FALSE,FALSE
Winter Weather (WW),risk_ice,"Thinking about all four seasons (winter, summer, spring, and fall), how do you rate the risk of the following hazardous weather events to you and the people in the area where you live? Ice or freezing rain",risk_perception,risk_5,1 = No risk | 2 = Low risk | 3 = Moderate risk | 4 = High risk | 5 = Extreme risk,5,FALSE,FALSE
Winter Weather (WW),risk_tor,"Thinking about all four seasons (winter, summer, spring, and fall), how do you rate the risk of the following hazardous weather events to you and the people in the area where you live? Tornadoes",risk_perception,risk_5,1 = No risk | 2 = Low risk | 3 = Moderate risk | 4 = High risk | 5 = Extreme risk,5,FALSE,FALSE
Winter Weather (WW),risk_flood,"Thinking about all four seasons (winter, summer, spring, and fall), how do you rate the risk of the following hazardous weather events to you and the people in the area where you live? Floods",risk_perception,risk_5,1 = No risk | 2 = Low risk | 3 = Moderate risk | 4 = High risk | 5 = Extreme risk,5,FALSE,FALSE
Winter Weather (WW),risk_hur,"Thinking about all four seasons (winter, summer, spring, and fall), how do you rate the risk of the following hazardous weather events to you and the people in the area where you live? Hurricanes",risk_perception,risk_5,1 = No risk | 2 = Low risk | 3 = Moderate risk | 4 = High risk | 5 = Extreme risk,5,FALSE,FALSE
Winter Weather (WW),risk_fire,"Thinking about all four seasons (winter, summer, spring, and fall), how do you rate the risk of the following hazardous weather events to you and the people in the area where you live? Wildfires",risk_perception,risk_5,1 = No risk | 2 = Low risk | 3 = Moderate risk | 4 = High risk | 5 = Extreme risk,5,FALSE,FALSE
Winter Weather (WW),risk_surge,"Thinking about all four seasons (winter, summer, spring, and fall), how do you rate the risk of the following hazardous weather events to you and the people in the area where you live? Storm surge",risk_perception,risk_5,1 = No risk | 2 = Low risk | 3 = Moderate risk | 4 = High risk | 5 = Extreme risk,5,FALSE,FALSE
Winter Weather (WW),cncn_ice,"During an average winter, how likely do you think it is that the area where you live will be affected by the following types of winter weather? Freezing rain or ice",risk_perception,likelihood_notvery_5,1 = Not at all likely | 2 = Not very likely | 3 = Somewhat likely | 4 = Very likely | 5 = Extremely likely,5,FALSE,FALSE
Winter Weather (WW),cncn_snow,"During an average winter, how likely do you think it is that the area where you live will be affected by the following types of winter weather? Snow",risk_perception,likelihood_notvery_5,1 = Not at all likely | 2 = Not very likely | 3 = Somewhat likely | 4 = Very likely | 5 = Extremely likely,5,FALSE,FALSE
Winter Weather (WW),cncn_cold,"During an average winter, how likely do you think it is that the area where you live will be affected by the following types of winter weather? Very cold temperatures",risk_perception,likelihood_notvery_5,1 = Not at all likely | 2 = Not very likely | 3 = Somewhat likely | 4 = Very likely | 5 = Extremely likely,5,FALSE,FALSE
Winter Weather (WW),cncn_bliz,"During an average winter, how likely do you think it is that the area where you live will be affected by the following types of winter weather? Blizzards",risk_perception,likelihood_notvery_5,1 = Not at all likely | 2 = Not very likely | 3 = Somewhat likely | 4 = Very likely | 5 = Extremely likely,5,FALSE,FALSE
Winter Weather (WW),ice_thrsh,"If you were to get freezing rain or ice, what is the smallest amount that can disrupt your daily activities?",risk_perception,categorical,1 = any amount | 2 = 1/10 of an inch | 3 = 1/4 of an inch | 4 = 1/2 of an inch | 5 = 1 or more inches,5,FALSE,FALSE
Winter Weather (WW),ice_prob,How likely do you think it is that the area where you live will experience at least one storm that produces [ice_thrsh] of freezing rain or ice during an average winter?,risk_perception,likelihood_notvery_5,1 = Not at all likely | 2 = Not very likely | 3 = Somewhat likely | 4 = Very likely | 5 = Extremely likely,5,FALSE,FALSE
Winter Weather (WW),snow_thrsh,"If you were to get snow, what is the smallest amount that can disrupt your daily activities?",risk_perception,categorical,1 = any amount | 2 = 1 inch | 3 = 3 inches | 4 = 6 inches | 5 = 8 inches | 6 = 12 or more inches,6,FALSE,FALSE
Winter Weather (WW),snow_prob,How likely do you think it is that the area where you live will experience at least one storm that produces [snow_thrsh] of snow during an average winter?,risk_perception,likelihood_notvery_5,1 = Not at all likely | 2 = Not very likely | 3 = Somewhat likely | 4 = Very likely | 5 = Extremely likely,5,FALSE,FALSE
Winter Weather (WW),cold_thrsh,What wind chill temperatures can disrupt your daily activities?,risk_perception,categorical,"1 = below 32 degrees Fahrenheit (i.e., freezing) | 2 = below 20 degrees Fahrenheit | 3 = below 10 degrees Fahrenheit | 4 = below 0 degrees Fahrenheit | 5 = below -10 degrees Fahrenheit | 6 = below -20 degrees Fahrenheit | 7 = below -35 degrees Fahrenheit",7,FALSE,FALSE
Winter Weather (WW),cold_prob,How likely do you think it is that the area where you live will experience at least one day with wind chill temperatures [cold_thrsh] during an average winter?,risk_perception,likelihood_notvery_5,1 = Not at all likely | 2 = Not very likely | 3 = Somewhat likely | 4 = Very likely | 5 = Extremely likely,5,FALSE,FALSE
Winter Weather (WW),bliz_prob,How likely do you think it is that the area where you live will experience at least one blizzard during an average winter?,risk_perception,likelihood_notvery_5,1 = Not at all likely | 2 = Not very likely | 3 = Somewhat likely | 4 = Very likely | 5 = Extremely likely,5,FALSE,FALSE
Winter Weather (WW),resp_ignore,How much do you agree or disagree with the following statements? Usually I ignore winter weather forecasts and take my chances.,response,agree_5,1 = Strongly disagree | 2 = Disagree | 3 = Neither disagree nor agree | 4 = Agree | 5 = Strongly agree,5,FALSE,FALSE
Winter Weather (WW),resp_always,How much do you agree or disagree with the following statements? I usually take the preparatory or protective actions.,response,agree_5,1 = Strongly disagree | 2 = Disagree | 3 = Neither disagree nor agree | 4 = Agree | 5 = Strongly agree,5,FALSE,FALSE
Winter Weather (WW),resp_more,How much do you agree or disagree with the following statements? I am usually too busy or unable to take preparatory or protective actions.,response,agree_5,1 = Strongly disagree | 2 = Disagree | 3 = Neither disagree nor agree | 4 = Agree | 5 = Strongly agree,5,FALSE,FALSE
Winter Weather (WW),snow_exp_sig,Have you ever experienced significant negative impacts from snowfall?,experience,yes_no,0 = No | 1 = Yes,2,FALSE,FALSE
Winter Weather (WW),forecast_acc,"How accurate are winter weather forecasts for the areas where you live? If you do not live in an area that experiences winter weather, what are your general impressions about the accuracy of winter weather forecasts?",trust|forecast_products,categorical,1 = Forecasters usually predict much more snow than actually occurs | 2 = Forecasters usually predict a little more snow than actually occurs | 3 = Forecasters usually predict about the same amount of snow as what actually occurs | 4 = Forecasters usually predict a little less snow than actually occurs | 5 = Forecasters usually predict much less snow than actually occurs | 6 = I'm not sure whether forecasters predict more or less snow than actually occurs,6,FALSE,FALSE
Winter Weather (WW),wwalerts,"The National Weather Service (NWS), an agency of the United States government, issues different kinds of public alerts when winter weather threatens, including winter weather advisories, watches, and warnings. How would you rate your understanding of the differences among these alerts?",comprehension,quality_5,1 = Poor | 2 = Fair | 3 = Good | 4 = Very good | 5 = Excellent,5,FALSE,FALSE
Winter Weather (WW),warn_adv,"To the best of your knowledge, which National Weather Service alert means that winter weather impacts are expected to be more severe?",comprehension,categorical,1 = A winter storm warning | 2 = A winter weather advisory | 3 = I don't know,3,FALSE,FALSE
Winter Weather (WW),warn_adv_conf,How confident are you in this response?,comprehension,confidence_5,1 = Not at all confident | 2 = Not very confident | 3 = Somewhat confident | 4 = Very confident | 5 = Extremely confident,5,FALSE,FALSE
Winter Weather (WW),warn_watch_prob,"To the best of your knowledge, which National Weather Service alert means that winter weather is more likely to occur?",comprehension,categorical,1 = A winter storm warning | 2 = A winter storm watch | 3 = I don't know,3,FALSE,FALSE
Winter Weather (WW),warn_watch_prob_conf,How confident are you in this response?,comprehension,confidence_5,1 = Not at all confident | 2 = Not very confident | 3 = Somewhat confident | 4 = Very confident | 5 = Extremely confident,5,FALSE,FALSE
Winter Weather (WW),warn_watch_soon,"To the best of your knowledge, which National Weather Service alert means that winter weather is likely to occur sooner?",comprehension,categorical,1 = A winter storm warning | 2 = A winter storm watch | 3 = I don't know,3,FALSE,FALSE
Winter Weather (WW),warn_watch_soon_conf,How confident are you in this response?,comprehension,confidence_5,1 = Not at all confident | 2 = Not very confident | 3 = Somewhat confident | 4 = Very confident | 5 = Extremely confident,5,FALSE,FALSE
Winter Weather (WW),ice_warn_und,"In addition to winter weather advisories, watches, and warnings, the National Weather Service issues alerts for a variety of other winter weather hazards. How would you rate your understanding of ice storm warnings?",comprehension,quality_5,1 = Poor | 2 = Fair | 3 = Good | 4 = Very good | 5 = Excellent,5,FALSE,FALSE
Winter Weather (WW),bliz_warn_und,"In addition to winter weather advisories, watches, and warnings, the National Weather Service issues alerts for a variety of other winter weather hazards. How would you rate your understanding of blizzard warnings?",comprehension,quality_5,1 = Poor | 2 = Fair | 3 = Good | 4 = Very good | 5 = Excellent,5,FALSE,FALSE
Winter Weather (WW),cold_warn_und,"In addition to winter weather advisories, watches, and warnings, the National Weather Service issues alerts for a variety of other winter weather hazards. How would you rate your understanding of wind chill warnings?",comprehension,quality_5,1 = Poor | 2 = Fair | 3 = Good | 4 = Very good | 5 = Excellent,5,FALSE,FALSE
Winter Weather (WW),squall_warn,"Recently, the National Weather Service began issuing snow squall warnings. Have you heard of a snow squall warning?",comprehension,yes_no_unsure,0 = No | 1 = Yes | 2 = Not sure,3,FALSE,FALSE
Winter Weather (WW),squall_warn_und,"Recently, the National Weather Service began issuing snow squall warnings. How would you rate your understanding of snow squall warnings?",comprehension,quality_5,1 = Poor | 2 = Fair | 3 = Good | 4 = Very good | 5 = Excellent,5,FALSE,FALSE
Winter Weather (WW),squall_receive,"A snow squall is a brief but intense period of heavy snow, gusty winds, and whiteout conditions (visibility less than 1/4 mile). Snow squalls primarily affect driving conditions, especially on highways and interstates. They can cause sudden reductions in visibility and slick road conditions, which can result in high-speed car crashes, pileups, and subsequent injuries and fatalities. Have you ever received a snow squall warning?",reception|experience,yes_no_unsure,0 = No | 1 = Yes | 2 = Not sure,3,FALSE,FALSE
Winter Weather (WW),squall_know,"A snow squall is a brief but intense period of heavy snow, gusty winds, and whiteout conditions (visibility less than 1/4 mile). Snow squalls primarily affect driving conditions, especially on highways and interstates. They can cause sudden reductions in visibility and slick road conditions, which can result in high-speed car crashes, pileups, and subsequent injuries and fatalities. Are you confident that you would receive a snow squall warning if one were issued while you were driving on a highway or interstate?",reception,certainty_5,1 = Definitely no | 2 = Probably no | 3 = Not sure | 4 = Probably yes | 5 = Definitely yes,5,FALSE,FALSE
Winter Weather (WW),squall_exit,Would you get off at the next exit if you were to receive a snow squall warning while driving on a highway or interstate?,response,certainty_5,1 = Definitely no | 2 = Probably no | 3 = Not sure | 4 = Probably yes | 5 = Definitely yes,5,FALSE,FALSE
Winter Weather (WW),squall_plans,Would you delay your travel plans by up to an hour if you were to receive a snow squall warning right before you get in a car to drive somewhere?,response,certainty_5,1 = Definitely no | 2 = Probably no | 3 = Not sure | 4 = Probably yes | 5 = Definitely yes,5,FALSE,FALSE
Winter Weather (WW),snmapeight,"Based on this forecast, what is the chance that Worcester will receive 8 inches of snow or more?",graphics|comprehension,chance_5,1 = Very low | 2 = Low | 3 = Moderate | 4 = High | 5 = Very high,5,TRUE,TRUE
Winter Weather (WW),snmapfour,"Based on this forecast, what is the chance that Worcester will receive less than 4 inches of snow?",graphics|comprehension,chance_5,1 = Very low | 2 = Low | 3 = Moderate | 4 = High | 5 = Very high,5,TRUE,TRUE
Winter Weather (WW),snmaptwelve,"Based on this forecast, what is the chance that Worcester will receive more than 12 inches of snow?",graphics|comprehension,chance_5,1 = Very low | 2 = Low | 3 = Moderate | 4 = High | 5 = Very high,5,TRUE,TRUE
Winter Weather (WW),snmapund,"For the next questions, please indicate how much you agree or disagree with each statement. This forecast is easy to understand.",graphics|comprehension,agree_5,1 = Strongly disagree | 2 = Disagree | 3 = Neither disagree nor agree | 4 = Agree | 5 = Strongly agree,5,TRUE,TRUE
Winter Weather (WW),snmapclear,"For the next questions, please indicate how much you agree or disagree with each statement. The information in this forecast is clearly presented.",graphics|comprehension,agree_5,1 = Strongly disagree | 2 = Disagree | 3 = Neither disagree nor agree | 4 = Agree | 5 = Strongly agree,5,TRUE,TRUE
Winter Weather (WW),snmapconf,"For the next questions, please indicate how much you agree or disagree with each statement. I feel confident that I understand this forecast.",graphics|comprehension,agree_5,1 = Strongly disagree | 2 = Disagree | 3 = Neither disagree nor agree | 4 = Agree | 5 = Strongly agree,5,TRUE,TRUE
Winter Weather (WW),snmapdesc,"Again, please indicate how much you agree or disagree with each statement. This forecast gives me the information I need to make decisions (for example about travel, work, or school).",graphics|forecast_products,agree_5,1 = Strongly disagree | 2 = Disagree | 3 = Neither disagree nor agree | 4 = Agree | 5 = Strongly agree,5,TRUE,TRUE
Winter Weather (WW),snmapbad,"Again, please indicate how much you agree or disagree with each statement. This forecast helps me understand how bad the storm could be.",graphics|forecast_products,agree_5,1 = Strongly disagree | 2 = Disagree | 3 = Neither disagree nor agree | 4 = Agree | 5 = Strongly agree,5,TRUE,TRUE
Winter Weather (WW),snmaplike,"Again, please indicate how much you agree or disagree with each statement. This forecast helps me understand what is most likely to happen.",graphics|forecast_products,agree_5,1 = Strongly disagree | 2 = Disagree | 3 = Neither disagree nor agree | 4 = Agree | 5 = Strongly agree,5,TRUE,TRUE
Winter Weather (WW),snmapfut,"Again, please indicate how much you agree or disagree with each statement. I would like to receive snow forecasts in this format in the future.",graphics|forecast_products,agree_5,1 = Strongly disagree | 2 = Disagree | 3 = Neither disagree nor agree | 4 = Agree | 5 = Strongly agree,5,TRUE,TRUE
Winter Weather (WW),rec_most,How much do you agree or disagree with the following statements? I receive pretty much all of the information that is available for my location.,reception,agree_5,1 = Strongly disagree | 2 = Disagree | 3 = Neither disagree nor agree | 4 = Agree | 5 = Strongly agree,5,FALSE,FALSE
Winter Weather (WW),rec_miss,How much do you agree or disagree with the following statements? Sometimes I miss information that is available for my location.,reception,agree_5,1 = Strongly disagree | 2 = Disagree | 3 = Neither disagree nor agree | 4 = Agree | 5 = Strongly agree,5,FALSE,FALSE
Winter Weather (WW),rec_time,How much do you agree or disagree with the following statements? I receive new information about my location as soon as it is available.,reception,agree_5,1 = Strongly disagree | 2 = Disagree | 3 = Neither disagree nor agree | 4 = Agree | 5 = Strongly agree,5,FALSE,FALSE
Winter Weather (WW),rec_screen,"How much do you agree or disagree with the following statements? Sometimes there is too much information, I get some but not all of it.",reception,agree_5,1 = Strongly disagree | 2 = Disagree | 3 = Neither disagree nor agree | 4 = Agree | 5 = Strongly agree,5,FALSE,FALSE
Winter Weather (WW),rely_nws,"When winter weather threatens your area, how much do you rely on the following sources of information? If you have not been in this situation, how much would you plan to rely on the following sources of information if you were traveling in an area that is threatened by winter weather? National Weather Service",sources,extent_5,1 = Not at all | 2 = Not very much | 3 = Somewhat | 4 = Very much | 5 = Extensively,5,FALSE,FALSE
Winter Weather (WW),rely_loctv,"When winter weather threatens your area, how much do you rely on the following sources of information? If you have not been in this situation, how much would you plan to rely on the following sources of information if you were traveling in an area that is threatened by winter weather? Local TV stations",sources,extent_5,1 = Not at all | 2 = Not very much | 3 = Somewhat | 4 = Very much | 5 = Extensively,5,FALSE,FALSE
Winter Weather (WW),rely_fam,"When winter weather threatens your area, how much do you rely on the following sources of information? If you have not been in this situation, how much would you plan to rely on the following sources of information if you were traveling in an area that is threatened by winter weather? Family, friends, neighbors, employers, co-workers, etc.",sources,extent_5,1 = Not at all | 2 = Not very much | 3 = Somewhat | 4 = Very much | 5 = Extensively,5,FALSE,FALSE
Winter Weather (WW),rely_wx_chan,"When winter weather threatens your area, how much do you rely on the following sources of information? If you have not been in this situation, how much would you plan to rely on the following sources of information if you were traveling in an area that is threatened by winter weather? National TV stations like The Weather Channel or WeatherNation",sources,extent_5,1 = Not at all | 2 = Not very much | 3 = Somewhat | 4 = Very much | 5 = Extensively,5,FALSE,FALSE
Winter Weather (WW),rely_em,"When winter weather threatens your area, how much do you rely on the following sources of information? If you have not been in this situation, how much would you plan to rely on the following sources of information if you were traveling in an area that is threatened by winter weather? State or local emergency managers",sources,extent_5,1 = Not at all | 2 = Not very much | 3 = Somewhat | 4 = Very much | 5 = Extensively,5,FALSE,FALSE
Winter Weather (WW),rely_nws_why,You indicated that you do not rely on the National Weather Service for information about winter weather. Can you tell us why?,sources|trust,categorical,1 = I don't know where to find the information | 2 = The information is usually too complicated for me to understand | 3 = They don't provide the information I want or need | 4 = I don't trust the National Weather Service | 5 = Other (please specify),5,FALSE,FALSE
Winter Weather (WW),rely_bdrad,"When winter weather threatens your area, how much do you rely on the following channels of information? If you have not been in this situation, how much would you plan to rely on the following channels of information if you were traveling in an area that is threatened by winter weather? Broadcast radio",channels,extent_5,1 = Not at all | 2 = Not very much | 3 = Somewhat | 4 = Very much | 5 = Extensively,5,FALSE,FALSE
Winter Weather (WW),rely_wxrad,"When winter weather threatens your area, how much do you rely on the following channels of information? If you have not been in this situation, how much would you plan to rely on the following channels of information if you were traveling in an area that is threatened by winter weather? Weather radio (NOAA/NWS radio)",channels,extent_5,1 = Not at all | 2 = Not very much | 3 = Somewhat | 4 = Very much | 5 = Extensively,5,FALSE,FALSE
Winter Weather (WW),rely_tv,"When winter weather threatens your area, how much do you rely on the following channels of information? If you have not been in this situation, how much would you plan to rely on the following channels of information if you were traveling in an area that is threatened by winter weather? Television",channels,extent_5,1 = Not at all | 2 = Not very much | 3 = Somewhat | 4 = Very much | 5 = Extensively,5,FALSE,FALSE
Winter Weather (WW),rely_int,"When winter weather threatens your area, how much do you rely on the following channels of information? If you have not been in this situation, how much would you plan to rely on the following channels of information if you were traveling in an area that is threatened by winter weather? Internet websites focused on weather forecasts, such as those provided by the National Weather Service",channels,extent_5,1 = Not at all | 2 = Not very much | 3 = Somewhat | 4 = Very much | 5 = Extensively,5,FALSE,FALSE
Winter Weather (WW),rely_soc,"When winter weather threatens your area, how much do you rely on the following channels of information? If you have not been in this situation, how much would you plan to rely on the following channels of information if you were traveling in an area that is threatened by winter weather? Social media, such as Twitter or Facebook",channels,extent_5,1 = Not at all | 2 = Not very much | 3 = Somewhat | 4 = Very much | 5 = Extensively,5,FALSE,FALSE
Winter Weather (WW),rely_wom,"When winter weather threatens your area, how much do you rely on the following channels of information? If you have not been in this situation, how much would you plan to rely on the following channels of information if you were traveling in an area that is threatened by winter weather? Word-of-mouth (including telephone calls or texts) from family, friends, neighbors, employers, co- workers, etc.",channels,extent_5,1 = Not at all | 2 = Not very much | 3 = Somewhat | 4 = Very much | 5 = Extensively,5,FALSE,FALSE
Winter Weather (WW),rely_phone,"When winter weather threatens your area, how much do you rely on the following channels of information? If you have not been in this situation, how much would you plan to rely on the following channels of information if you were traveling in an area that is threatened by winter weather? Automated text or phone notifications",channels,extent_5,1 = Not at all | 2 = Not very much | 3 = Somewhat | 4 = Very much | 5 = Extensively,5,FALSE,FALSE
Winter Weather (WW),rely_tie,Which channel do you rely on the most for information about winter weather?,channels,categorical,"1 = Broadcast radio | 2 = Weather radio (NOAA/NWS radio) | 3 = Television | 4 = Internet websites focused on weather forecasts, such as those provided by the National Weather Service | 5 = Social media, such as Twitter or Facebook | 6 = Word-of-mouth (including telephone calls or texts) from family, friends, neighbors, employers, co- workers, etc. | 7 = Automated text or phone notifications",7,FALSE,FALSE
Winter Weather (WW),ai_fam,"As you may know, artificial intelligence (AI) is beginning to play a larger role in how weather forecasts and warnings are made and shared. Scientists and forecasters are exploring ways to use AI at many different stages of the forecasting process - from improving how models run and making predictions, to issuing warnings, tailoring messages, and helping people understand and respond to weather information. Before we begin, can you tell us how familiar you are with the use of AI in weather prediction, warning, and communication?",ai,familiarity_5,1 = Not at all familiar | 2 = Slightly familiar | 3 = Moderately familiar | 4 = Very familiar | 5 = Extremely familiar,5,FALSE,FALSE
Winter Weather (WW),ai_model_acc,"Model efficiency. AI could be used to imitate existing weather models so they can generate the same forecasts more quickly. In some applications, this may reduce computing demands and change how often forecasts are updated. How confident are you that AI could perform this task accurately?",ai|trust,confidence_slightly_5,1 = Not at all confident | 2 = Slightly confident | 3 = Moderately confident | 4 = Very confident | 5 = Extremely confident,5,FALSE,FALSE
Winter Weather (WW),ai_model_well,"Model efficiency. AI could be used to imitate existing weather models so they can generate the same forecasts more quickly. In some applications, this may reduce computing demands and change how often forecasts are updated. How confident are you that AI would prioritize people's safety and well-being when performing this task?",ai|trust,confidence_slightly_5,1 = Not at all confident | 2 = Slightly confident | 3 = Moderately confident | 4 = Very confident | 5 = Extremely confident,5,FALSE,FALSE
Winter Weather (WW),ai_model_sup,"Model efficiency. AI could be used to imitate existing weather models so they can generate the same forecasts more quickly. In some applications, this may reduce computing demands and change how often forecasts are updated. How much would you support using AI for this task?",ai,support_5,1 = Strongly oppose | 2 = Oppose | 3 = Neither oppose nor support | 4 = Support | 5 = Strongly support,5,FALSE,FALSE
Winter Weather (WW),ai_predict_acc,"New predictions. AI could be used to identify patterns in weather data and generate its own forecasts. In some cases, these forecasts may differ from those produced by traditional models. How confident are you that AI could perform this task accurately?",ai|trust,confidence_slightly_5,1 = Not at all confident | 2 = Slightly confident | 3 = Moderately confident | 4 = Very confident | 5 = Extremely confident,5,FALSE,FALSE
Winter Weather (WW),ai_predict_well,"New predictions. AI could be used to identify patterns in weather data and generate its own forecasts. In some cases, these forecasts may differ from those produced by traditional models. How confident are you that AI would prioritize people's safety and well-being when performing this task?",ai|trust,confidence_slightly_5,1 = Not at all confident | 2 = Slightly confident | 3 = Moderately confident | 4 = Very confident | 5 = Extremely confident,5,FALSE,FALSE
Winter Weather (WW),ai_predict_sup,"New predictions. AI could be used to identify patterns in weather data and generate its own forecasts. In some cases, these forecasts may differ from those produced by traditional models. How much would you support using AI for this task?",ai,support_5,1 = Strongly oppose | 2 = Oppose | 3 = Neither oppose nor support | 4 = Support | 5 = Strongly support,5,FALSE,FALSE
Winter Weather (WW),ai_warnsup_acc,"Warning support. AI could be used to scan large amounts of weather data to identify early signs of storms, floods, or other hazards. In some situations, this could influence when forecasters decide to issue warnings. How confident are you that AI could perform this task accurately?",ai|trust,confidence_slightly_5,1 = Not at all confident | 2 = Slightly confident | 3 = Moderately confident | 4 = Very confident | 5 = Extremely confident,5,FALSE,FALSE
Winter Weather (WW),ai_warnsup_well,"Warning support. AI could be used to scan large amounts of weather data to identify early signs of storms, floods, or other hazards. In some situations, this could influence when forecasters decide to issue warnings. How confident are you that AI would prioritize people's safety and well-being when performing this task?",ai|trust,confidence_slightly_5,1 = Not at all confident | 2 = Slightly confident | 3 = Moderately confident | 4 = Very confident | 5 = Extremely confident,5,FALSE,FALSE
Winter Weather (WW),ai_warnsup_sup,"Warning support. AI could be used to scan large amounts of weather data to identify early signs of storms, floods, or other hazards. In some situations, this could influence when forecasters decide to issue warnings. How much would you support using AI for this task?",ai,support_5,1 = Strongly oppose | 2 = Oppose | 3 = Neither oppose nor support | 4 = Support | 5 = Strongly support,5,FALSE,FALSE
Winter Weather (WW),ai_warniss_acc,"Warning issuance. AI could be used to issue certain weather warnings automatically without requiring a forecaster to do so. In some situations, this could change the speed or consistency of warnings provided to the public. How confident are you that AI could perform this task accurately?",ai|trust,confidence_slightly_5,1 = Not at all confident | 2 = Slightly confident | 3 = Moderately confident | 4 = Very confident | 5 = Extremely confident,5,FALSE,FALSE
Winter Weather (WW),ai_warniss_well,"Warning issuance. AI could be used to issue certain weather warnings automatically without requiring a forecaster to do so. In some situations, this could change the speed or consistency of warnings provided to the public. How confident are you that AI would prioritize people's safety and well-being when performing this task?",ai|trust,confidence_slightly_5,1 = Not at all confident | 2 = Slightly confident | 3 = Moderately confident | 4 = Very confident | 5 = Extremely confident,5,FALSE,FALSE
Winter Weather (WW),ai_warniss_sup,"Warning issuance. AI could be used to issue certain weather warnings automatically without requiring a forecaster to do so. In some situations, this could change the speed or consistency of warnings provided to the public. How much would you support using AI for this task?",ai,support_5,1 = Strongly oppose | 2 = Oppose | 3 = Neither oppose nor support | 4 = Support | 5 = Strongly support,5,FALSE,FALSE
Winter Weather (WW),ai_person_acc,Personalization. AI could be used to make certain forecast or warning information more specific to individual users by translating regional model results into neighborhood-level details or adjusting alerts based on a person's location or characteristics. How confident are you that AI could perform this task accurately?,ai|trust,confidence_slightly_5,1 = Not at all confident | 2 = Slightly confident | 3 = Moderately confident | 4 = Very confident | 5 = Extremely confident,5,FALSE,FALSE
Winter Weather (WW),ai_person_well,Personalization. AI could be used to make certain forecast or warning information more specific to individual users by translating regional model results into neighborhood-level details or adjusting alerts based on a person's location or characteristics. How confident are you that AI would prioritize people's safety and well-being when performing this task?,ai|trust,confidence_slightly_5,1 = Not at all confident | 2 = Slightly confident | 3 = Moderately confident | 4 = Very confident | 5 = Extremely confident,5,FALSE,FALSE
Winter Weather (WW),ai_person_sup,Personalization. AI could be used to make certain forecast or warning information more specific to individual users by translating regional model results into neighborhood-level details or adjusting alerts based on a person's location or characteristics. How much would you support using AI for this task?,ai,support_5,1 = Strongly oppose | 2 = Oppose | 3 = Neither oppose nor support | 4 = Support | 5 = Strongly support,5,FALSE,FALSE
Winter Weather (WW),ai_comm_acc,"Communication. AI could be used to create and share weather information by generating messages for different audiences. It could organize forecast information, describe potential risks in multiple languages, or produce updates for websites, apps, or social media. How confident are you that AI could perform this task accurately?",ai|trust,confidence_slightly_5,1 = Not at all confident | 2 = Slightly confident | 3 = Moderately confident | 4 = Very confident | 5 = Extremely confident,5,FALSE,FALSE
Winter Weather (WW),ai_comm_well,"Communication. AI could be used to create and share weather information by generating messages for different audiences. It could organize forecast information, describe potential risks in multiple languages, or produce updates for websites, apps, or social media. How confident are you that AI would prioritize people's safety and well-being when performing this task?",ai|trust,confidence_slightly_5,1 = Not at all confident | 2 = Slightly confident | 3 = Moderately confident | 4 = Very confident | 5 = Extremely confident,5,FALSE,FALSE
Winter Weather (WW),ai_comm_sup,"Communication. AI could be used to create and share weather information by generating messages for different audiences. It could organize forecast information, describe potential risks in multiple languages, or produce updates for websites, apps, or social media. How much would you support using AI for this task?",ai,support_5,1 = Strongly oppose | 2 = Oppose | 3 = Neither oppose nor support | 4 = Support | 5 = Strongly support,5,FALSE,FALSE
Winter Weather (WW),range10_nozero,"Imagine that two weeks have passed since the winter storm asked about in the previous question, and now another winter storm is forecast for tomorrow. Again, you see all the snowfall forecasts below, which are different ways of presenting snowfall ranges and the chance that the actual amount will fall in that range. Which of these options do you prefer?",forecast_products,categorical,"1 = The forecast is for 4-14 inches of snow, and there's an 80% chance that it will fall within that range. | 2 = The forecast is for 6-12 inches of snow, and there's a 50% chance that it will fall within that range. | 3 = The forecast is for 7-11 inches of snow, and there's a 30% chance that it will fall within that range. | 4 = The forecast is for 6-12 inches of snow, and there's a 50% chance that it will fall within that range. But, there could be as little as 4 inches or as much as 14 inches. | 5 = The forecast is for 7-11 inches of snow, and there's a 30% chance that it will fall within that range. But, there could be as little as 4 inches or as much as 14 inches.",5,TRUE,FALSE
Winter Weather (WW),range10_zero,"Imagine that two weeks have passed since the winter storm asked about in the previous question, and now another winter storm is forecast for tomorrow. Again, you see all the snowfall forecasts below, which are different ways of presenting snowfall ranges and the chance that the actual amount will fall in that range. Which of these options do you prefer?",forecast_products,categorical,"1 = The forecast is for 0-10 inches of snow, and there's an 80% chance that it will fall within that range. | 2 = The forecast is for 2-8 inches of snow, and there's a 50% chance that it will fall within that range. | 3 = The forecast is for 3-7 inches of snow, and there's a 30% chance that it will fall within that range. | 4 = The forecast is for 2-8 inches of snow, and there's a 50% chance that it will fall within that range. But, there could be as little as 0 inches or as much as 10 inches. | 5 = The forecast is for 3-7 inches of snow, and there's a 30% chance that it will fall within that range. But, there could be as little as 0 inches or as much as 10 inches.",5,TRUE,FALSE
Winter Weather (WW),range_decide,"Imagine there's a winter storm forecast for tomorrow and that you receive a snowfall forecast for 2-[range_max] inches, and there's an 80% chance that it will fall within the range. Would you find this forecast useful for your decision-making?",forecast_products,yes_no_unsure,1 = Yes | 2 = No | 3 = Not sure,3,TRUE,FALSE
Winter Weather (WW),fcst_conf_acc,"Imagine that it is Thursday morning, you are at Location A, and see this forecast: We're currently predicting 2 to 8 inches of snow for Location A, with an 80% chance that the actual amount will be within that range. [fcst_conf] Do you think the snowfall forecast in the message above is accurate (do you think the forecast will be correct)?",forecast_products|trust,certainty_5,1 = Definitely no | 2 = Probably no | 3 = Not sure | 4 = Probably yes | 5 = Definitely yes,5,TRUE,FALSE
Winter Weather (WW),fcst_conf_trust,"Imagine that it is Thursday morning, you are at Location A, and see this forecast: We're currently predicting 2 to 8 inches of snow for Location A, with an 80% chance that the actual amount will be within that range. [fcst_conf] Do you think the snowfall forecast in the message above is trustworthy (do you trust the source providing it)?",forecast_products|trust,certainty_5,1 = Definitely no | 2 = Probably no | 3 = Not sure | 4 = Probably yes | 5 = Definitely yes,5,TRUE,FALSE
Winter Weather (WW),fcst_conf_inform,"Imagine that it is Thursday morning, you are at Location A, and see this forecast: We're currently predicting 2 to 8 inches of snow for Location A, with an 80% chance that the actual amount will be within that range. [fcst_conf] Do you think the snowfall forecast in the message above is informative (does the forecast provide enough information to understand the situation)?",forecast_products,certainty_5,1 = Definitely no | 2 = Probably no | 3 = Not sure | 4 = Probably yes | 5 = Definitely yes,5,TRUE,FALSE
Winter Weather (WW),fcst_conf_value,"Imagine that it is Thursday morning, you are at Location A, and see this forecast: We're currently predicting 2 to 8 inches of snow for Location A, with an 80% chance that the actual amount will be within that range. [fcst_conf] Do you think the snowfall forecast in the message above is valuable (is the forecast helpful and beneficial for making decisions)?",forecast_products,certainty_5,1 = Definitely no | 2 = Probably no | 3 = Not sure | 4 = Probably yes | 5 = Definitely yes,5,TRUE,FALSE
Winter Weather (WW),color_flash_cond,"On the next page, you will see a forecast graphic for a short moment, as if you were scrolling past the graphic on your social media feed. When viewing the graphic, imagine you are in Location A. Afterward, you'll be asked a few questions about what you observed. Which type of weather condition was shown in the graphic?",graphics|comprehension,categorical,1 = Cold temperatures | 2 = Hot temperatures | 3 = Rain | 4 = Snow | 5 = Not sure,5,TRUE,TRUE
Winter Weather (WW),color_flash_temp,"On the next page, you will see a forecast graphic for a short moment, as if you were scrolling past the graphic on your social media feed. What was the forecast high temperature at Location A on the graphic?",graphics|comprehension,categorical,1 = 30F | 2 = 25F | 3 = 20F | 4 = 15F | 5 = 10F | 6 = Not sure,6,TRUE,TRUE
Winter Weather (WW),color_flash_und,How easy was it to understand the information presented in the graphic?,graphics|comprehension,ease_5,1 = Very difficult | 2 = Somewhat difficult | 3 = Neither easy nor difficult | 4 = Somewhat easy | 5 = Very easy,5,TRUE,TRUE
Winter Weather (WW),color_flash_scroll,"If you were located at Location A and saw this message on your social media, how likely would you be to stop scrolling and/or click on a link for more information?",graphics|response,likelihood_5,1 = Very unlikely | 2 = Somewhat unlikely | 3 = About as likely as not | 4 = Somewhat likely | 5 = Very likely,5,TRUE,TRUE
Winter Weather (WW),color_flash_act,"If you were located at Location A, how likely would you be to take precautionary actions (such as wearing a jacket, rescheduling outdoor activities, or protecting plants) based on the forecast shown in the graphic?",graphics|response,likelihood_5,1 = Very unlikely | 2 = Somewhat unlikely | 3 = About as likely as not | 4 = Somewhat likely | 5 = Very likely,5,TRUE,TRUE
Winter Weather (WW),color_static_cond,"Here is a forecast graphic that you might see on your social media feed. When viewing the graphic, imagine you are in Location A. Which type of weather condition is shown in the graphic?",graphics|comprehension,categorical,1 = Cold temperatures | 2 = Hot temperatures | 3 = Rain | 4 = Snow | 5 = Not sure,5,TRUE,TRUE
Winter Weather (WW),color_static_temp,"Here is a forecast graphic that you might see on your social media feed. When viewing the graphic, imagine you are in Location A. What is the forecast high temperature at Location A on the graphic?",graphics|comprehension,categorical,1 = 40F | 2 = 35F | 3 = 30F | 4 = 25F | 5 = 20F | 6 = Not sure,6,TRUE,TRUE
Winter Weather (WW),color_static_und,How easy is it to understand the information presented in the graphic?,graphics|comprehension,ease_5,1 = Very difficult | 2 = Somewhat difficult | 3 = Neither easy nor difficult | 4 = Somewhat easy | 5 = Very easy,5,TRUE,TRUE
Winter Weather (WW),color_static_scroll,"If you were located at Location A and saw this message on your social media, how likely would you be to stop scrolling and/or click on a link for more information?",graphics|response,likelihood_5,1 = Very unlikely | 2 = Somewhat unlikely | 3 = About as likely as not | 4 = Somewhat likely | 5 = Very likely,5,TRUE,TRUE
Winter Weather (WW),color_static_act,"If you were located at Location A, how likely would you be to take precautionary actions (such as wearing a jacket, rescheduling outdoor activities, or protecting plants) based on the forecast shown in the graphic?",graphics|response,likelihood_5,1 = Very unlikely | 2 = Somewhat unlikely | 3 = About as likely as not | 4 = Somewhat likely | 5 = Very likely,5,TRUE,TRUE
Winter Weather (WW),color_diff,You indicated that understanding the information in this graphic was somewhat difficult. Could you tell us which element of the graphic was most confusing?,graphics|comprehension,categorical,1 = Colors | 2 = Numbers | 3 = Labels | 4 = Title | 5 = Something else (please specify),5,TRUE,TRUE
Winter Weather (WW),ice_impacts_sch,"If an ice storm were to occur, which impacts are you the most concerned about? Drag and drop the following options with the impact of highest concern at the top of the list. School or work closures/delays",risk_perception,ranking,NA,6,FALSE,FALSE
Winter Weather (WW),ice_impacts_road,"If an ice storm were to occur, which impacts are you the most concerned about? Drag and drop the following options with the impact of highest concern at the top of the list. Poor road conditions or road closures",risk_perception,ranking,NA,6,FALSE,FALSE
Winter Weather (WW),ice_impacts_pwr,"If an ice storm were to occur, which impacts are you the most concerned about? Drag and drop the following options with the impact of highest concern at the top of the list. Power outages",risk_perception,ranking,NA,6,FALSE,FALSE
Winter Weather (WW),ice_impacts_pipes,"If an ice storm were to occur, which impacts are you the most concerned about? Drag and drop the following options with the impact of highest concern at the top of the list. Water issues/frozen pipes",risk_perception,ranking,NA,6,FALSE,FALSE
Winter Weather (WW),ice_impacts_home,"If an ice storm were to occur, which impacts are you the most concerned about? Drag and drop the following options with the impact of highest concern at the top of the list. Damage to homes/property",risk_perception,ranking,NA,6,FALSE,FALSE
Winter Weather (WW),ice_impacts_health,"If an ice storm were to occur, which impacts are you the most concerned about? Drag and drop the following options with the impact of highest concern at the top of the list. Harm to you, a friend, family, or other loved one (e.g., injury or other health impacts)",risk_perception,ranking,NA,6,FALSE,FALSE
Winter Weather (WW),cold_impacts_sch,"If extreme cold temperatures were to occur, which impacts are you the most concerned about? Drag and drop the following options with the impact of highest concern at the top of the list. School or work closures/delays",risk_perception,ranking,NA,6,FALSE,FALSE
Winter Weather (WW),cold_impacts_road,"If extreme cold temperatures were to occur, which impacts are you the most concerned about? Drag and drop the following options with the impact of highest concern at the top of the list. Poor road conditions or road closures",risk_perception,ranking,NA,6,FALSE,FALSE
Winter Weather (WW),cold_impacts_pwr,"If extreme cold temperatures were to occur, which impacts are you the most concerned about? Drag and drop the following options with the impact of highest concern at the top of the list. Power outages",risk_perception,ranking,NA,6,FALSE,FALSE
Winter Weather (WW),cold_impacts_pipes,"If extreme cold temperatures were to occur, which impacts are you the most concerned about? Drag and drop the following options with the impact of highest concern at the top of the list. Water issues/frozen pipes",risk_perception,ranking,NA,6,FALSE,FALSE
Winter Weather (WW),cold_impacts_home,"If extreme cold temperatures were to occur, which impacts are you the most concerned about? Drag and drop the following options with the impact of highest concern at the top of the list. Damage to homes/property",risk_perception,ranking,NA,6,FALSE,FALSE
Winter Weather (WW),cold_impacts_health,"If extreme cold temperatures were to occur, which impacts are you the most concerned about? Drag and drop the following options with the impact of highest concern at the top of the list. Harm to you, a friend, family, or other loved one (e.g., injury or other health impacts)",risk_perception,ranking,NA,6,FALSE,FALSE
Winter Weather (WW),health_exp_risk,"Imagine you are currently located in this area. The National Weather Service just released this graphic on their Facebook and you see it come across your phone. After seeing this forecast, how do you rate the risk of the [health_cond] forecast to you?",graphics|risk_perception,risk_5,1 = No risk | 2 = Low risk | 3 = Moderate risk | 4 = High risk | 5 = Extreme risk,5,TRUE,TRUE
Winter Weather (WW),health_pa,"Imagine you are currently located in this area. The National Weather Service just released this graphic on their Facebook and you see it come across your phone. How likely are you to take a protective action (e.g., stay at home, avoid travel, wear extra layers when going out) in response to this forecast?",graphics|response,likelihood_extreme_5,1 = Extremely unlikely | 2 = Somewhat unlikely | 3 = As likely as not | 4 = Somewhat likely | 5 = Extremely likely,5,TRUE,TRUE
Winter Weather (WW),ww_self_eff1,Please rate the extent to which you agree or disagree with the following statements. I can do the actions described in the forecast message.,graphics|preparedness,agree_5,1 = Strongly disagree | 2 = Disagree | 3 = Neither disagree nor agree | 4 = Agree | 5 = Strongly agree,5,TRUE,TRUE
Winter Weather (WW),ww_self_eff2,Please rate the extent to which you agree or disagree with the following statements. I can protect myself against extreme winter weather like extreme cold temperatures or an ice storm.,preparedness,agree_5,1 = Strongly disagree | 2 = Disagree | 3 = Neither disagree nor agree | 4 = Agree | 5 = Strongly agree,5,FALSE,FALSE
Winter Weather (WW),ww_resp_eff1,Please rate the extent to which you agree or disagree with the following statements. I think taking steps to prepare helps people get through extreme winter weather events like extreme cold temperatures or an ice storm in my area.,preparedness,agree_5,1 = Strongly disagree | 2 = Disagree | 3 = Neither disagree nor agree | 4 = Agree | 5 = Strongly agree,5,FALSE,FALSE
Winter Weather (WW),ww_resp_eff2,Please rate the extent to which you agree or disagree with the following statements. I think the actions in the forecast message will keep people safe from extreme winter weather events like extreme cold temperatures or an ice storm.,graphics|preparedness,agree_5,1 = Strongly disagree | 2 = Disagree | 3 = Neither disagree nor agree | 4 = Agree | 5 = Strongly agree,5,TRUE,TRUE
Winter Weather (WW),risk_bliz,"Thinking about all four seasons (winter, spring, summer, and fall), how do you rate the risk of the following hazardous weather events to you and the people in the area where you live? Blizzards",risk_perception,risk_5,1 = No risk | 2 = Low risk | 3 = Moderate risk | 4 = High risk | 5 = Extreme risk,5,FALSE,FALSE
Winter Weather (WW),rand_evnt_cncrn_ice,"Now, we want you to imagine that there is a forecast for [rand_evnt_ice] in the area where you live, beginning in about 24 hours (1 day). If you do not live in an area that experiences this kind of weather, imagine that you have traveled to an area that does. How concerned would you be about the possibility of [rand_evnt_ice]?",risk_perception,concern_5,1 = Not at all concerned | 2 = Not very concerned | 3 = Somewhat concerned | 4 = Very concerned | 5 = Extremely concerned,5,TRUE,FALSE
Winter Weather (WW),rand_evnt_exc_ice,"Now, we want you to imagine that there is a forecast for [rand_evnt_ice] in the area where you live, beginning in about 24 hours (1 day). If you do not live in an area that experiences this kind of weather, imagine that you have traveled to an area that does. How excited would you be about the possibility of [rand_evnt_ice]?",risk_perception,excitement_5,1 = Not at all excited | 2 = Not very excited | 3 = Somewhat excited | 4 = Very excited | 5 = Extremely excited,5,TRUE,FALSE
Winter Weather (WW),rand_evnt_trav_ice,How likely would you be to take the following actions in response to a forecast for [rand_evnt_ice]? Cancel or modify travel plans,response,likelihood_notvery_5,1 = Not at all likely | 2 = Not very likely | 3 = Somewhat likely | 4 = Very likely | 5 = Extremely likely,5,TRUE,FALSE
Winter Weather (WW),rand_evnt_car_ice,"How likely would you be to take the following actions in response to a forecast for [rand_evnt_ice]? Make sure to have a winter weather kit in the car (with candles, blankets, ice scraper, flashlight, etc.)",response,likelihood_notvery_6_na,1 = Not at all likely | 2 = Not very likely | 3 = Somewhat likely | 4 = Very likely | 5 = Extremely likely | 6 = Not applicable (I don't have a car),6,TRUE,FALSE
Winter Weather (WW),rand_evnt_food_ice,How likely would you be to take the following actions in response to a forecast for [rand_evnt_ice]? Buy extra food or water,response,likelihood_notvery_5,1 = Not at all likely | 2 = Not very likely | 3 = Somewhat likely | 4 = Very likely | 5 = Extremely likely,5,TRUE,FALSE
Winter Weather (WW),rand_evnt_supp_ice,"How likely would you be to take the following actions in response to a forecast for [rand_evnt_ice]? Buy extra emergency supplies (generator, gas, batteries, medicines, etc.)",response,likelihood_notvery_5,1 = Not at all likely | 2 = Not very likely | 3 = Somewhat likely | 4 = Very likely | 5 = Extremely likely,5,TRUE,FALSE
Winter Weather (WW),rand_evnt_noth_ice,How likely would you be to take the following actions in response to a forecast for [rand_evnt_ice]? Take no action in response to the forecast (go about my daily activities),response,likelihood_notvery_5,1 = Not at all likely | 2 = Not very likely | 3 = Somewhat likely | 4 = Very likely | 5 = Extremely likely,5,TRUE,FALSE
Winter Weather (WW),rand_evnt_othr_ice,How likely would you be to take the following actions in response to a forecast for [rand_evnt_ice]? Other (please specify),response,likelihood_notvery_5,1 = Not at all likely | 2 = Not very likely | 3 = Somewhat likely | 4 = Very likely | 5 = Extremely likely,5,TRUE,FALSE
Winter Weather (WW),rand_evnt_cncrn_snow,"Now, we want you to imagine that there is a forecast for [rand_evnt_snow] in the area where you live, beginning in about 24 hours (1 day). If you do not live in an area that experiences this kind of weather, imagine that you have traveled to an area that does. How concerned would you be about the possibility of [rand_evnt_snow]?",risk_perception,concern_5,1 = Not at all concerned | 2 = Not very concerned | 3 = Somewhat concerned | 4 = Very concerned | 5 = Extremely concerned,5,TRUE,FALSE
Winter Weather (WW),rand_evnt_exc_snow,"Now, we want you to imagine that there is a forecast for [rand_evnt_snow] in the area where you live, beginning in about 24 hours (1 day). If you do not live in an area that experiences this kind of weather, imagine that you have traveled to an area that does. How excited would you be about the possibility of [rand_evnt_snow]?",risk_perception,excitement_5,1 = Not at all excited | 2 = Not very excited | 3 = Somewhat excited | 4 = Very excited | 5 = Extremely excited,5,TRUE,FALSE
Winter Weather (WW),rand_evnt_trav_snow,How likely would you be to take the following actions in response to a forecast for [rand_evnt_snow]? Cancel or modify travel plans,response,likelihood_notvery_5,1 = Not at all likely | 2 = Not very likely | 3 = Somewhat likely | 4 = Very likely | 5 = Extremely likely,5,TRUE,FALSE
Winter Weather (WW),rand_evnt_car_snow,"How likely would you be to take the following actions in response to a forecast for [rand_evnt_snow]? Make sure to have a winter weather kit in the car (with candles, blankets, ice scraper, flashlight, etc.)",response,likelihood_notvery_6_na,1 = Not at all likely | 2 = Not very likely | 3 = Somewhat likely | 4 = Very likely | 5 = Extremely likely | 6 = Not applicable (I don't have a car),6,TRUE,FALSE
Winter Weather (WW),rand_evnt_food_snow,How likely would you be to take the following actions in response to a forecast for [rand_evnt_snow]? Buy extra food or water,response,likelihood_notvery_5,1 = Not at all likely | 2 = Not very likely | 3 = Somewhat likely | 4 = Very likely | 5 = Extremely likely,5,TRUE,FALSE
Winter Weather (WW),rand_evnt_supp_snow,"How likely would you be to take the following actions in response to a forecast for [rand_evnt_snow]? Buy extra emergency supplies (generator, gas, batteries, medicines, etc.)",response,likelihood_notvery_5,1 = Not at all likely | 2 = Not very likely | 3 = Somewhat likely | 4 = Very likely | 5 = Extremely likely,5,TRUE,FALSE
Winter Weather (WW),rand_evnt_noth_snow,How likely would you be to take the following actions in response to a forecast for [rand_evnt_snow]? Take no action in response to the forecast (go about my daily activities),response,likelihood_notvery_5,1 = Not at all likely | 2 = Not very likely | 3 = Somewhat likely | 4 = Very likely | 5 = Extremely likely,5,TRUE,FALSE
Winter Weather (WW),rand_evnt_othr_snow,How likely would you be to take the following actions in response to a forecast for [rand_evnt_snow]? Other (please specify),response,likelihood_notvery_5,1 = Not at all likely | 2 = Not very likely | 3 = Somewhat likely | 4 = Very likely | 5 = Extremely likely,5,TRUE,FALSE
Winter Weather (WW),slogan_1,The National Weather Service often uses short slogans or phrases to help people remember what to do if they encounter weather hazards. They are currently working to develop a phrase to help drivers remember what to do if they receive a snow squall warning. Have you heard any of the following slogans before? There is no safe place on a highway when snow squalls are approaching.,comprehension,yes_no_unsure,0 = No | 1 = Yes | 2 = Not sure,3,FALSE,FALSE
Winter Weather (WW),slogan_2,The National Weather Service often uses short slogans or phrases to help people remember what to do if they encounter weather hazards. Have you heard any of the following slogans before? Stay off the road when snow squalls are approaching.,comprehension,yes_no_unsure,0 = No | 1 = Yes | 2 = Not sure,3,FALSE,FALSE
Winter Weather (WW),slogan_3,"The National Weather Service often uses short slogans or phrases to help people remember what to do if they encounter weather hazards. Have you heard any of the following slogans before? If a snow squall is on the highway, you shouldn't be.",comprehension,yes_no_unsure,0 = No | 1 = Yes | 2 = Not sure,3,FALSE,FALSE
Winter Weather (WW),slogan_4,"The National Weather Service often uses short slogans or phrases to help people remember what to do if they encounter weather hazards. Have you heard any of the following slogans before? When a snow squall is near, the roads should be clear.",comprehension,yes_no_unsure,0 = No | 1 = Yes | 2 = Not sure,3,FALSE,FALSE
Winter Weather (WW),slogan_5,"The National Weather Service often uses short slogans or phrases to help people remember what to do if they encounter weather hazards. Have you heard any of the following slogans before? If a snow squall is in the vicinity, the roads are your enemy.",comprehension,yes_no_unsure,0 = No | 1 = Yes | 2 = Not sure,3,FALSE,FALSE
Winter Weather (WW),slogan_eff,Which of these phrases do you think is most effective at helping drivers remember what to do if they receive a snow squall warning?,comprehension,categorical,"1 = There is no safe place on a highway when snow squalls are approaching. | 2 = Stay off the road when snow squalls are approaching. | 3 = If a snow squall is on the highway, you shouldn't be. | 5 = If a snow squall is in the vicinity, the roads are your enemy.",4,FALSE,FALSE
Winter Weather (WW),mis_qual,"Imagine that it is Thursday morning, you are at Location A, and one of the people you follow on social media shares this forecast. There are many forecasts about this event on social media and some of them are higher quality than others. Do you think the information in this forecast is low-quality or high-quality?",graphics|trust,quality_binary,0 = Low-quality | 1 = High-quality,2,TRUE,TRUE
Winter Weather (WW),mis_conf,"Imagine that it is Thursday morning, you are at Location A, and one of the people you follow on social media shares this forecast. How confident are you in that assessment of the quality?",graphics|trust,confidence_5,1 = Not at all confident | 2 = Not very confident | 3 = Somewhat confident | 4 = Very confident | 5 = Extremely confident,5,TRUE,TRUE
Winter Weather (WW),mis_share,"Imagine that it is Thursday morning, you are at Location A, and one of the people you follow on social media shares this forecast. How likely are you to share this image with your friends or followers on any social media you use?",graphics|channels,likelihood_notsure_5,1 = Very unlikely | 2 = Somewhat unlikely | 3 = Not sure | 4 = Somewhat likely | 5 = Very likely,5,TRUE,TRUE
Winter Weather (WW),mis_action,"Imagine that it is Thursday morning, you are at Location A, and one of the people you follow on social media shares this forecast. Imagine that you were planning to visit friends in Richland Center on the day of the event. How likely are you to change these plans?",graphics|response,likelihood_notsure_5,1 = Very unlikely | 2 = Somewhat unlikely | 3 = Not sure | 4 = Somewhat likely | 5 = Very likely,5,TRUE,TRUE
Winter Weather (WW),unc1_q1,"Forecasts for snowfall can be provided as a range of potential values. Typically, forecasts with wider ranges of snowfall amounts are more likely to include the actual amount of snow that will fall. And vice versa, forecasts with narrower ranges of snowfall amounts are less likely to include the actual amount of snow that will fall. Imagine there's a winter storm forecast for tomorrow and you see all the snowfall forecasts below, which are different ways of presenting snowfall ranges and the likelihood that the actual amount will fall in that range. Which of these options do you prefer?",forecast_products,categorical,"1 = The forecast is for 2-8 inches of snow, and there's an 80% chance that it will fall within that range. | 2 = The forecast is for 3-7 inches of snow, and there's a 50% chance that it will fall within that range. | 3 = The forecast is for 4-6 inches of snow, and there's a 30% chance that it will fall within that range. | 4 = The forecast is for 3-7 inches of snow, and there's a 50% chance that it will fall within that range. But, there could be as little as 2 inches or as much as 8 inches. | 5 = The forecast is for 4-6 inches of snow, and there's a 30% chance that it will fall within that range. But, there could be as little as 2 inches or as much as 8 inches.",5,TRUE,FALSE
Winter Weather (WW),unc1_q2,"Imagine that three days have passed since the winter storm asked about in the previous question, but now another winter storm is forecast for tomorrow. Again, you see all the snowfall forecasts below, which are different ways of presenting snowfall ranges and the likelihood that the actual amount will fall in that range. Which of these options do you prefer?",forecast_products,categorical,"1 = The forecast is for 0-6 inches of snow, and there's an 80% chance that it will fall within that range. | 2 = The forecast is for 1-5 inches of snow, and there's a 50% chance that it will fall within that range. | 3 = The forecast is for 2-4 inches of snow, and there's a 30% chance that it will fall within that range. | 4 = The forecast is for 1-5 inches of snow, and there's a 50% chance that it will fall within that range. But, there could be as little as 0 inches or as much as 6 inches. | 5 = The forecast is for 2-4 inches of snow, and there's a 30% chance that it will fall within that range. But, there could be as little as 0 inches or as much as 6 inches.",5,TRUE,FALSE
Winter Weather (WW),unc2_q1,"Forecasts for snowfall can be provided as a range of potential values. Imagine there's a winter storm forecast for tomorrow and you see all the snowfall forecasts below, which are different ways of presenting snowfall ranges and the likelihood that the actual amount will fall in that range. Which of these options do you prefer?",forecast_products,categorical,"1 = The forecast is for 2-8 inches of snow, and there's an 80% chance that it will fall within that range. | 2 = The forecast is for 3-7 inches of snow, and there's a 50% chance that it will fall within that range. | 3 = The forecast is for 4-6 inches of snow, and there's a 30% chance that it will fall within that range. | 4 = The forecast is for 3-7 inches of snow, and there's a 50% chance that it will fall within that range. But, there could be as little as 2 inches or as much as 8 inches. | 5 = The forecast is for 4-6 inches of snow, and there's a 30% chance that it will fall within that range. But, there could be as little as 2 inches or as much as 8 inches.",5,TRUE,FALSE
Winter Weather (WW),unc2_q2,"Imagine that three days have passed since the winter storm asked about in the previous question, but now another winter storm is forecast for tomorrow. Again, you see all the snowfall forecasts below, which are different ways of presenting snowfall ranges and the likelihood that the actual amount will fall in that range. Which of these options do you prefer?",forecast_products,categorical,"1 = The forecast is for 2-10 inches of snow, and there's an 80% chance that it will fall within that range. | 2 = The forecast is for 3-7 inches of snow, and there's a 50% chance that it will fall within that range. | 3 = The forecast is for 3-5 inches of snow, and there's a 30% chance that it will fall within that range. | 4 = The forecast is for 3-7 inches of snow, and there's a 50% chance that it will fall within that range. But, there could be as little as 2 inches or as much as 9 inches. | 5 = There is a 30% chance of 3-5 inches, but there could be as little as 2 inches or as much as 9 inches.",5,TRUE,FALSE
Winter Weather (WW),unc3_q1,"Forecasts for snowfall can be provided as a range of potential values. Imagine there's a winter storm forecast for tomorrow and you see all the snowfall forecasts below, which are different ways of presenting snowfall ranges and the likelihood that the actual amount will fall in that range. Which of these options do you prefer?",forecast_products,categorical,"1 = The forecast is for 2-8 inches of snow, and there's an 80% chance that it will fall within that range. | 2 = The forecast is for 3-7 inches of snow, and there's a 50% chance that it will fall within that range. | 3 = The forecast is for 4-6 inches of snow, and there's a 30% chance that it will fall within that range. | 4 = The forecast is for 3-7 inches of snow, and there's a 50% chance that it will fall within that range. But, there could be as little as 2 inches or as much as 8 inches. | 5 = The forecast is for 4-6 inches of snow, and there's a 30% chance that it will fall within that range. But, there could be as little as 2 inches or as much as 8 inches.",5,TRUE,FALSE
Winter Weather (WW),unc3_q2,"Imagine that three days have passed since the winter storm asked about in the previous question, but now another winter storm is forecast for tomorrow. Again, you see all the snowfall forecasts below, which are different ways of presenting snowfall ranges and the likelihood that the actual amount will fall in that range. Which of these options do you prefer?",forecast_products,categorical,"1 = The forecast is for 2-8 inches of snow, and there's a high chance that it will fall within that range. | 2 = The forecast is for 3-7 inches of snow, and there's a medium chance that it will fall within that range. | 3 = The forecast is for 4-6 inches of snow, and there's a low chance that it will fall within that range. | 4 = The forecast is for 3-7 inches of snow, and there's a medium chance that it will fall within that range. But, there could be as little as 2 inches or as much as 8 inches. | 5 = The forecast is for 4-6 inches of snow, and there's a low chance that it will fall within that range. But, there could be as little as 2 inches or as much as 8 inches.",5,TRUE,FALSE
Winter Weather (WW),unc_all_q1,"Imagine that, a day before a winter storm, you received a forecast from a weather source that you regularly use that said: The forecast is for 2-8 inches of snow, and there's an 80% chance that it will fall within that range. Now imagine that the actual amount of snow that fell ended up being less than 2 inches or more than 8 inches. How likely would you be to use forecasts from that source in the future?",forecast_products|trust,likelihood_notvery_5,1 = Not at all likely | 2 = Not very likely | 3 = Somewhat likely | 4 = Very likely | 5 = Extremely likely,5,FALSE,FALSE
Winter Weather (WW),unc_all_q2,"Imagine that, a day before a winter storm, you received a forecast from a weather source that you regularly use that said: The forecast is for 4-6 inches of snow, and there's a 30% chance that it will fall within that range. Now imagine that the actual amount of snow that fell ended up being less than 4 inches or more than 6 inches. How likely would you be to use forecasts from that source in the future?",forecast_products|trust,likelihood_notvery_5,1 = Not at all likely | 2 = Not very likely | 3 = Somewhat likely | 4 = Very likely | 5 = Extremely likely,5,FALSE,FALSE
Winter Weather (WW),rand_evnt_imp_sch_ice,"If [rand_evnt_ice] were to occur, how likely are the following negative impacts? School closures or delays",risk_perception,likelihood_notvery_5,1 = Not at all likely | 2 = Not very likely | 3 = Somewhat likely | 4 = Very likely | 5 = Extremely likely,5,TRUE,FALSE
Winter Weather (WW),rand_evnt_imp_wrk_ice,"If [rand_evnt_ice] were to occur, how likely are the following negative impacts? Work closures or delays",risk_perception,likelihood_notvery_5,1 = Not at all likely | 2 = Not very likely | 3 = Somewhat likely | 4 = Very likely | 5 = Extremely likely,5,TRUE,FALSE
Winter Weather (WW),rand_evnt_imp_road_ice,"If [rand_evnt_ice] were to occur, how likely are the following negative impacts? Poor road conditions or road closures",risk_perception,likelihood_notvery_5,1 = Not at all likely | 2 = Not very likely | 3 = Somewhat likely | 4 = Very likely | 5 = Extremely likely,5,TRUE,FALSE
Winter Weather (WW),rand_evnt_imp_vis_ice,"If [rand_evnt_ice] were to occur, how likely are the following negative impacts? Poor visibility",risk_perception,likelihood_notvery_5,1 = Not at all likely | 2 = Not very likely | 3 = Somewhat likely | 4 = Very likely | 5 = Extremely likely,5,TRUE,FALSE
Winter Weather (WW),rand_evnt_imp_pwr_ice,"If [rand_evnt_ice] were to occur, how likely are the following negative impacts? Power outages",risk_perception,likelihood_notvery_5,1 = Not at all likely | 2 = Not very likely | 3 = Somewhat likely | 4 = Very likely | 5 = Extremely likely,5,TRUE,FALSE
Winter Weather (WW),rand_evnt_imp_wtr_ice,"If [rand_evnt_ice] were to occur, how likely are the following negative impacts? Water issues/frozen pipes",risk_perception,likelihood_notvery_5,1 = Not at all likely | 2 = Not very likely | 3 = Somewhat likely | 4 = Very likely | 5 = Extremely likely,5,TRUE,FALSE
Winter Weather (WW),rand_evnt_imp_dmg_ice,"If [rand_evnt_ice] were to occur, how likely are the following negative impacts? Damage to homes/property",risk_perception,likelihood_notvery_5,1 = Not at all likely | 2 = Not very likely | 3 = Somewhat likely | 4 = Very likely | 5 = Extremely likely,5,TRUE,FALSE
Winter Weather (WW),rand_evnt_imp_harm_you_ice,"If [rand_evnt_ice] were to occur, how likely are the following negative impacts? Harm to you",risk_perception,likelihood_notvery_5,1 = Not at all likely | 2 = Not very likely | 3 = Somewhat likely | 4 = Very likely | 5 = Extremely likely,5,TRUE,FALSE
Winter Weather (WW),rand_evnt_imp_harm_othr_ice,"If [rand_evnt_ice] were to occur, how likely are the following negative impacts? Harm to a friend, family, or other loved one",risk_perception,likelihood_notvery_5,1 = Not at all likely | 2 = Not very likely | 3 = Somewhat likely | 4 = Very likely | 5 = Extremely likely,5,TRUE,FALSE
Winter Weather (WW),rand_evnt_svr_sch_ice,"Some impacts from [rand_evnt_ice] cause relatively slight inconveniences whereas others cause severe damage or disruption. If [rand_evnt_ice] were to occur, how disruptive or damaging (severe) are the impacts likely to be? School closures or delays",risk_perception,severity_5,1 = Not at all severe | 2 = Not very severe | 3 = Somewhat severe | 4 = Very severe | 5 = Extremely severe,5,TRUE,FALSE
Winter Weather (WW),rand_evnt_svr_wrk_ice,"Some impacts from [rand_evnt_ice] cause relatively slight inconveniences whereas others cause severe damage or disruption. If [rand_evnt_ice] were to occur, how disruptive or damaging (severe) are the impacts likely to be? Work closures or delays",risk_perception,severity_5,1 = Not at all severe | 2 = Not very severe | 3 = Somewhat severe | 4 = Very severe | 5 = Extremely severe,5,TRUE,FALSE
Winter Weather (WW),rand_evnt_svr_road_ice,"Some impacts from [rand_evnt_ice] cause relatively slight inconveniences whereas others cause severe damage or disruption. If [rand_evnt_ice] were to occur, how disruptive or damaging (severe) are the impacts likely to be? Poor road conditions or road closures",risk_perception,severity_5,1 = Not at all severe | 2 = Not very severe | 3 = Somewhat severe | 4 = Very severe | 5 = Extremely severe,5,TRUE,FALSE
Winter Weather (WW),rand_evnt_svr_vis_ice,"Some impacts from [rand_evnt_ice] cause relatively slight inconveniences whereas others cause severe damage or disruption. If [rand_evnt_ice] were to occur, how disruptive or damaging (severe) are the impacts likely to be? Poor visibility",risk_perception,severity_5,1 = Not at all severe | 2 = Not very severe | 3 = Somewhat severe | 4 = Very severe | 5 = Extremely severe,5,TRUE,FALSE
Winter Weather (WW),rand_evnt_svr_pwr_ice,"Some impacts from [rand_evnt_ice] cause relatively slight inconveniences whereas others cause severe damage or disruption. If [rand_evnt_ice] were to occur, how disruptive or damaging (severe) are the impacts likely to be? Power outages",risk_perception,severity_5,1 = Not at all severe | 2 = Not very severe | 3 = Somewhat severe | 4 = Very severe | 5 = Extremely severe,5,TRUE,FALSE
Winter Weather (WW),rand_evnt_svr_wtr_ice,"Some impacts from [rand_evnt_ice] cause relatively slight inconveniences whereas others cause severe damage or disruption. If [rand_evnt_ice] were to occur, how disruptive or damaging (severe) are the impacts likely to be? Water issues/frozen pipes",risk_perception,severity_5,1 = Not at all severe | 2 = Not very severe | 3 = Somewhat severe | 4 = Very severe | 5 = Extremely severe,5,TRUE,FALSE
Winter Weather (WW),rand_evnt_svr_dmg_ice,"Some impacts from [rand_evnt_ice] cause relatively slight inconveniences whereas others cause severe damage or disruption. If [rand_evnt_ice] were to occur, how disruptive or damaging (severe) are the impacts likely to be? Damage to homes/property",risk_perception,severity_5,1 = Not at all severe | 2 = Not very severe | 3 = Somewhat severe | 4 = Very severe | 5 = Extremely severe,5,TRUE,FALSE
Winter Weather (WW),rand_evnt_svr_harm_you_ice,"Some impacts from [rand_evnt_ice] cause relatively slight inconveniences whereas others cause severe damage or disruption. If [rand_evnt_ice] were to occur, how disruptive or damaging (severe) are the impacts likely to be? Harm to you",risk_perception,severity_5,1 = Not at all severe | 2 = Not very severe | 3 = Somewhat severe | 4 = Very severe | 5 = Extremely severe,5,TRUE,FALSE
Winter Weather (WW),rand_evnt_svr_harm_othr_ice,"Some impacts from [rand_evnt_ice] cause relatively slight inconveniences whereas others cause severe damage or disruption. If [rand_evnt_ice] were to occur, how disruptive or damaging (severe) are the impacts likely to be? Harm to a friend, family, or other loved one",risk_perception,severity_5,1 = Not at all severe | 2 = Not very severe | 3 = Somewhat severe | 4 = Very severe | 5 = Extremely severe,5,TRUE,FALSE
Winter Weather (WW),rand_evnt_imp_sch_snow,"If [rand_evnt_snow] were to occur, how likely are the following negative impacts? School closures or delays",risk_perception,likelihood_notvery_5,1 = Not at all likely | 2 = Not very likely | 3 = Somewhat likely | 4 = Very likely | 5 = Extremely likely,5,TRUE,FALSE
Winter Weather (WW),rand_evnt_imp_wrk_snow,"If [rand_evnt_snow] were to occur, how likely are the following negative impacts? Work closures or delays",risk_perception,likelihood_notvery_5,1 = Not at all likely | 2 = Not very likely | 3 = Somewhat likely | 4 = Very likely | 5 = Extremely likely,5,TRUE,FALSE
Winter Weather (WW),rand_evnt_imp_road_snow,"If [rand_evnt_snow] were to occur, how likely are the following negative impacts? Poor road conditions or road closures",risk_perception,likelihood_notvery_5,1 = Not at all likely | 2 = Not very likely | 3 = Somewhat likely | 4 = Very likely | 5 = Extremely likely,5,TRUE,FALSE
Winter Weather (WW),rand_evnt_imp_vis_snow,"If [rand_evnt_snow] were to occur, how likely are the following negative impacts? Poor visibility",risk_perception,likelihood_notvery_5,1 = Not at all likely | 2 = Not very likely | 3 = Somewhat likely | 4 = Very likely | 5 = Extremely likely,5,TRUE,FALSE
Winter Weather (WW),rand_evnt_imp_pwr_snow,"If [rand_evnt_snow] were to occur, how likely are the following negative impacts? Power outages",risk_perception,likelihood_notvery_5,1 = Not at all likely | 2 = Not very likely | 3 = Somewhat likely | 4 = Very likely | 5 = Extremely likely,5,TRUE,FALSE
Winter Weather (WW),rand_evnt_imp_wtr_snow,"If [rand_evnt_snow] were to occur, how likely are the following negative impacts? Water issues/frozen pipes",risk_perception,likelihood_notvery_5,1 = Not at all likely | 2 = Not very likely | 3 = Somewhat likely | 4 = Very likely | 5 = Extremely likely,5,TRUE,FALSE
Winter Weather (WW),rand_evnt_imp_dmg_snow,"If [rand_evnt_snow] were to occur, how likely are the following negative impacts? Damage to homes/property",risk_perception,likelihood_notvery_5,1 = Not at all likely | 2 = Not very likely | 3 = Somewhat likely | 4 = Very likely | 5 = Extremely likely,5,TRUE,FALSE
Winter Weather (WW),rand_evnt_imp_harm_you_snow,"If [rand_evnt_snow] were to occur, how likely are the following negative impacts? Harm to you",risk_perception,likelihood_notvery_5,1 = Not at all likely | 2 = Not very likely | 3 = Somewhat likely | 4 = Very likely | 5 = Extremely likely,5,TRUE,FALSE
Winter Weather (WW),rand_evnt_imp_harm_othr_snow,"If [rand_evnt_snow] were to occur, how likely are the following negative impacts? Harm to a friend, family, or other loved one",risk_perception,likelihood_notvery_5,1 = Not at all likely | 2 = Not very likely | 3 = Somewhat likely | 4 = Very likely | 5 = Extremely likely,5,TRUE,FALSE
Winter Weather (WW),rand_evnt_svr_sch_snow,"Some impacts from [rand_evnt_snow] cause relatively slight inconveniences whereas others cause severe damage or disruption. If [rand_evnt_snow] were to occur, how disruptive or damaging (severe) are the impacts likely to be? School closures or delays",risk_perception,severity_5,1 = Not at all severe | 2 = Not very severe | 3 = Somewhat severe | 4 = Very severe | 5 = Extremely severe,5,TRUE,FALSE
Winter Weather (WW),rand_evnt_svr_wrk_snow,"Some impacts from [rand_evnt_snow] cause relatively slight inconveniences whereas others cause severe damage or disruption. If [rand_evnt_snow] were to occur, how disruptive or damaging (severe) are the impacts likely to be? Work closures or delays",risk_perception,severity_5,1 = Not at all severe | 2 = Not very severe | 3 = Somewhat severe | 4 = Very severe | 5 = Extremely severe,5,TRUE,FALSE
Winter Weather (WW),rand_evnt_svr_road_snow,"Some impacts from [rand_evnt_snow] cause relatively slight inconveniences whereas others cause severe damage or disruption. If [rand_evnt_snow] were to occur, how disruptive or damaging (severe) are the impacts likely to be? Poor road conditions or road closures",risk_perception,severity_5,1 = Not at all severe | 2 = Not very severe | 3 = Somewhat severe | 4 = Very severe | 5 = Extremely severe,5,TRUE,FALSE
Winter Weather (WW),rand_evnt_svr_vis_snow,"Some impacts from [rand_evnt_snow] cause relatively slight inconveniences whereas others cause severe damage or disruption. If [rand_evnt_snow] were to occur, how disruptive or damaging (severe) are the impacts likely to be? Poor visibility",risk_perception,severity_5,1 = Not at all severe | 2 = Not very severe | 3 = Somewhat severe | 4 = Very severe | 5 = Extremely severe,5,TRUE,FALSE
Winter Weather (WW),rand_evnt_svr_pwr_snow,"Some impacts from [rand_evnt_snow] cause relatively slight inconveniences whereas others cause severe damage or disruption. If [rand_evnt_snow] were to occur, how disruptive or damaging (severe) are the impacts likely to be? Power outages",risk_perception,severity_5,1 = Not at all severe | 2 = Not very severe | 3 = Somewhat severe | 4 = Very severe | 5 = Extremely severe,5,TRUE,FALSE
Winter Weather (WW),rand_evnt_svr_wtr_snow,"Some impacts from [rand_evnt_snow] cause relatively slight inconveniences whereas others cause severe damage or disruption. If [rand_evnt_snow] were to occur, how disruptive or damaging (severe) are the impacts likely to be? Water issues/frozen pipes",risk_perception,severity_5,1 = Not at all severe | 2 = Not very severe | 3 = Somewhat severe | 4 = Very severe | 5 = Extremely severe,5,TRUE,FALSE
Winter Weather (WW),rand_evnt_svr_dmg_snow,"Some impacts from [rand_evnt_snow] cause relatively slight inconveniences whereas others cause severe damage or disruption. If [rand_evnt_snow] were to occur, how disruptive or damaging (severe) are the impacts likely to be? Damage to homes/property",risk_perception,severity_5,1 = Not at all severe | 2 = Not very severe | 3 = Somewhat severe | 4 = Very severe | 5 = Extremely severe,5,TRUE,FALSE
Winter Weather (WW),rand_evnt_svr_harm_you_snow,"Some impacts from [rand_evnt_snow] cause relatively slight inconveniences whereas others cause severe damage or disruption. If [rand_evnt_snow] were to occur, how disruptive or damaging (severe) are the impacts likely to be? Harm to you",risk_perception,severity_5,1 = Not at all severe | 2 = Not very severe | 3 = Somewhat severe | 4 = Very severe | 5 = Extremely severe,5,TRUE,FALSE
Winter Weather (WW),rand_evnt_svr_harm_othr_snow,"Some impacts from [rand_evnt_snow] cause relatively slight inconveniences whereas others cause severe damage or disruption. If [rand_evnt_snow] were to occur, how disruptive or damaging (severe) are the impacts likely to be? Harm to a friend, family, or other loved one",risk_perception,severity_5,1 = Not at all severe | 2 = Not very severe | 3 = Somewhat severe | 4 = Very severe | 5 = Extremely severe,5,TRUE,FALSE
Winter Weather (WW),forcast_acc,"How accurate are forecasts for the amount of snow or ice for the area where you live? If you do not live in an area that experiences winter weather, what are your general impressions about the accuracy?",forecast_products|trust,calibration_5,1 = Forecasters usually predict much more snow/ice than actually occurs | 2 = Forecasters usually predict a little more snow/ice than actually occurs | 3 = Forecasters are pretty accurate about the amount of snow/ice | 4 = Forecasters usually predict a little less snow/ice than actually occurs | 5 = Forecasters usually predict much less snow/ice than actually occurs,5,FALSE,FALSE
Winter Weather (WW),forcast_acc_tim,"How accurate are forecasts for when snow or ice will begin for the area where you live? If you do not live in an area that experiences winter weather, what are your general impressions about the accuracy?",forecast_products|trust,calibration_5,1 = Forecasters usually predict snow/ice to begin much earlier than actually occurs | 2 = Forecasters usually predict snow/ice to begin a little earlier than actually occurs | 3 = Forecasters are pretty accurate about when snow/ice will begin | 4 = Forecasters usually predict snow/ice to begin a little later than actually occurs | 5 = Forecasters usually predict snow/ice to begin much later than actually occurs,5,FALSE,FALSE
Winter Weather (WW),forcast_loc,Winter storm forecasts often include multiple pieces of information. We want to know how important each of the following pieces of information is to you. Please drag the boxes below to rank each piece of information from most important (top) to least important (bottom). Location: what area is the storm going to affect?,forecast_products,ranking,NA,6,FALSE,FALSE
Winter Weather (WW),forcast_time,Winter storm forecasts often include multiple pieces of information. We want to know how important each of the following pieces of information is to you. Please drag the boxes below to rank each piece of information from most important (top) to least important (bottom). Timing: when is the storm going to happen?,forecast_products,ranking,NA,6,FALSE,FALSE
Winter Weather (WW),forcast_prob,Winter storm forecasts often include multiple pieces of information. We want to know how important each of the following pieces of information is to you. Please drag the boxes below to rank each piece of information from most important (top) to least important (bottom). Chance: how likely is the storm to occur?,forecast_products,ranking,NA,6,FALSE,FALSE
Winter Weather (WW),forcast_sev,Winter storm forecasts often include multiple pieces of information. We want to know how important each of the following pieces of information is to you. Please drag the boxes below to rank each piece of information from most important (top) to least important (bottom). Severity: how much snow or ice is the storm going to produce?,forecast_products,ranking,NA,6,FALSE,FALSE
Winter Weather (WW),forcast_impact,"Winter storm forecasts often include multiple pieces of information. We want to know how important each of the following pieces of information is to you. Please drag the boxes below to rank each piece of information from most important (top) to least important (bottom). Impacts: how might the storm impact you and surrounding areas? (for example: poor visibility, traffic delays, power outages, school or work closures, property damage)",forecast_products,ranking,NA,6,FALSE,FALSE
Winter Weather (WW),forcast_safe,"Winter storm forecasts often include multiple pieces of information. We want to know how important each of the following pieces of information is to you. Please drag the boxes below to rank each piece of information from most important (top) to least important (bottom). Protective actions: how can you stay safe during the storm? (for example: slow down when driving, stay inside)",forecast_products|response,ranking,NA,6,FALSE,FALSE
Winter Weather (WW),five_days,"Some people look for different kinds of information at different points in time. In the next few questions, we are going to give you a timeline and ask you to indicate the type of information that is most important at each point in time. Five days before the storm",forecast_products,info_type_6,1 = Location: what area is the storm going to affect? | 2 = Timing: when is the storm going to happen? | 3 = Chance: how likely is the storm to occur? | 4 = Severity: how intense is the storm going to be? | 5 = Impacts: how might the storm impact you and surrounding areas? | 6 = Protective actions: how can you stay safe during the storm?,6,FALSE,FALSE
Winter Weather (WW),three_days,"Some people look for different kinds of information at different points in time. In the next few questions, we are going to give you a timeline and ask you to indicate the type of information that is most important at each point in time. Three days before the storm",forecast_products,info_type_6,1 = Location: what area is the storm going to affect? | 2 = Timing: when is the storm going to happen? | 3 = Chance: how likely is the storm to occur? | 4 = Severity: how intense is the storm going to be? | 5 = Impacts: how might the storm impact you and surrounding areas? | 6 = Protective actions: how can you stay safe during the storm?,6,FALSE,FALSE
Winter Weather (WW),two_days,"Some people look for different kinds of information at different points in time. In the next few questions, we are going to give you a timeline and ask you to indicate the type of information that is most important at each point in time. Two days before the storm",forecast_products,info_type_6,1 = Location: what area is the storm going to affect? | 2 = Timing: when is the storm going to happen? | 3 = Chance: how likely is the storm to occur? | 4 = Severity: how intense is the storm going to be? | 5 = Impacts: how might the storm impact you and surrounding areas? | 6 = Protective actions: how can you stay safe during the storm?,6,FALSE,FALSE
Winter Weather (WW),one_day,"Some people look for different kinds of information at different points in time. In the next few questions, we are going to give you a timeline and ask you to indicate the type of information that is most important at each point in time. One day before the storm",forecast_products,info_type_6,1 = Location: what area is the storm going to affect? | 2 = Timing: when is the storm going to happen? | 3 = Chance: how likely is the storm to occur? | 4 = Severity: how intense is the storm going to be? | 5 = Impacts: how might the storm impact you and surrounding areas? | 6 = Protective actions: how can you stay safe during the storm?,6,FALSE,FALSE
Winter Weather (WW),zero_day,"Some people look for different kinds of information at different points in time. In the next few questions, we are going to give you a timeline and ask you to indicate the type of information that is most important at each point in time. The day of the storm",forecast_products,info_type_6,1 = Location: what area is the storm going to affect? | 2 = Timing: when is the storm going to happen? | 3 = Chance: how likely is the storm to occur? | 4 = Severity: how intense is the storm going to be? | 5 = Impacts: how might the storm impact you and surrounding areas? | 6 = Protective actions: how can you stay safe during the storm?,6,FALSE,FALSE
Winter Weather (WW),time_format,"Forecasters often provide information in different ways. We want to know what you think of different formats. For each of the questions below, select the forecast format that best matches your preference: Which of these snow timing formats do you prefer?",forecast_products,categorical,"1 = There is still uncertainty, but the forecast suggests that the snow will most likely begin at 3 pm. | 2 = There is still uncertainty, but the forecast suggests that the snow will begin between 1 and 5 pm.",2,FALSE,FALSE
Winter Weather (WW),amount_format,"Forecasters often provide information in different ways. We want to know what you think of different formats. For each of the questions below, select the forecast format that best matches your preference: Which of these snow amount formats do you prefer?",forecast_products,categorical,"1 = There is still uncertainty, but the forecast suggests that the storm will most likely produce [amount_format_rand1: 4 or 12] inches of snow. | 2 = There is still uncertainty, but the forecast suggests that the storm will produce between [amount_format_rand2: 2 and 6 if amount_format_rand1 = 4, or 10 and 14 if amount_format_rand1 = 12] inches of snow.",2,TRUE,FALSE
Winter Weather (WW),exp1_chal,Imagine that today is Wednesday and you receive the following forecast information for the area where you live for a snowstorm starting Thursday (tomorrow). [exp1_cond_rand] This seems like a difficult storm to forecast.,forecast_products|comprehension,agree_5,1 = Strongly disagree | 2 = Disagree | 3 = Neither disagree nor agree | 4 = Agree | 5 = Strongly agree,5,TRUE,FALSE
Winter Weather (WW),exp1_conf_fcst,Imagine that today is Wednesday and you receive the following forecast information for the area where you live for a snowstorm starting Thursday (tomorrow). [exp1_cond_rand] Forecasters are confident in the amount of snow I will get.,forecast_products|comprehension,agree_5,1 = Strongly disagree | 2 = Disagree | 3 = Neither disagree nor agree | 4 = Agree | 5 = Strongly agree,5,TRUE,FALSE
Winter Weather (WW),exp1_use,Imagine that today is Wednesday and you receive the following forecast information for the area where you live for a snowstorm starting Thursday (tomorrow). [exp1_cond_rand] This forecast is useful to me.,forecast_products|comprehension,agree_5,1 = Strongly disagree | 2 = Disagree | 3 = Neither disagree nor agree | 4 = Agree | 5 = Strongly agree,5,TRUE,FALSE
Winter Weather (WW),exp1_conf_me,Imagine that today is Wednesday and you receive the following forecast information for the area where you live for a snowstorm starting Thursday (tomorrow). [exp1_cond_rand] I am confident in the amount of snow I will get.,forecast_products|comprehension,agree_5,1 = Strongly disagree | 2 = Disagree | 3 = Neither disagree nor agree | 4 = Agree | 5 = Strongly agree,5,TRUE,FALSE
Winter Weather (WW),exp2_chal,Imagine that today is Wednesday and you receive the following forecast information for the area where you live for a snowstorm starting Thursday (tomorrow). [exp2_cond_rand] This seems like a difficult storm to forecast.,forecast_products|comprehension,agree_5,1 = Strongly disagree | 2 = Disagree | 3 = Neither disagree nor agree | 4 = Agree | 5 = Strongly agree,5,TRUE,FALSE
Winter Weather (WW),exp2_conf_fcst,Imagine that today is Wednesday and you receive the following forecast information for the area where you live for a snowstorm starting Thursday (tomorrow). [exp2_cond_rand] Forecasters are confident in the amount of snow I will get.,forecast_products|comprehension,agree_5,1 = Strongly disagree | 2 = Disagree | 3 = Neither disagree nor agree | 4 = Agree | 5 = Strongly agree,5,TRUE,FALSE
Winter Weather (WW),exp2_use,Imagine that today is Wednesday and you receive the following forecast information for the area where you live for a snowstorm starting Thursday (tomorrow). [exp2_cond_rand] This forecast is useful to me.,forecast_products|comprehension,agree_5,1 = Strongly disagree | 2 = Disagree | 3 = Neither disagree nor agree | 4 = Agree | 5 = Strongly agree,5,TRUE,FALSE
Winter Weather (WW),exp2_conf_me,Imagine that today is Wednesday and you receive the following forecast information for the area where you live for a snowstorm starting Thursday (tomorrow). [exp2_cond_rand] I am confident in the amount of snow I will get.,forecast_products|comprehension,agree_5,1 = Strongly disagree | 2 = Disagree | 3 = Neither disagree nor agree | 4 = Agree | 5 = Strongly agree,5,TRUE,FALSE
Winter Weather (WW),imp_sch,"During an average winter in the area where you live, how likely are winter storms to cause the following? School closures or delays",risk_perception,likelihood_notvery_5,1 = Not at all likely | 2 = Not very likely | 3 = Somewhat likely | 4 = Very likely | 5 = Extremely likely,5,FALSE,FALSE
Winter Weather (WW),imp_wrk,"During an average winter in the area where you live, how likely are winter storms to cause the following? Work closures or delays",risk_perception,likelihood_notvery_5,1 = Not at all likely | 2 = Not very likely | 3 = Somewhat likely | 4 = Very likely | 5 = Extremely likely,5,FALSE,FALSE
Winter Weather (WW),imp_road,"During an average winter in the area where you live, how likely are winter storms to cause the following? Poor road conditions or road closures",risk_perception,likelihood_notvery_5,1 = Not at all likely | 2 = Not very likely | 3 = Somewhat likely | 4 = Very likely | 5 = Extremely likely,5,FALSE,FALSE
Winter Weather (WW),imp_vis,"During an average winter in the area where you live, how likely are winter storms to cause the following? Poor visibility",risk_perception,likelihood_notvery_5,1 = Not at all likely | 2 = Not very likely | 3 = Somewhat likely | 4 = Very likely | 5 = Extremely likely,5,FALSE,FALSE
Winter Weather (WW),imp_pwr,"During an average winter in the area where you live, how likely are winter storms to cause the following? Power outages",risk_perception,likelihood_notvery_5,1 = Not at all likely | 2 = Not very likely | 3 = Somewhat likely | 4 = Very likely | 5 = Extremely likely,5,FALSE,FALSE
Winter Weather (WW),imp_wtr,"During an average winter in the area where you live, how likely are winter storms to cause the following? Water issues/frozen pipes",risk_perception,likelihood_notvery_5,1 = Not at all likely | 2 = Not very likely | 3 = Somewhat likely | 4 = Very likely | 5 = Extremely likely,5,FALSE,FALSE
Winter Weather (WW),imp_dmg,"During an average winter in the area where you live, how likely are winter storms to cause the following? Damage to homes/property",risk_perception,likelihood_notvery_5,1 = Not at all likely | 2 = Not very likely | 3 = Somewhat likely | 4 = Very likely | 5 = Extremely likely,5,FALSE,FALSE
Winter Weather (WW),imp_harm_you,"During an average winter in the area where you live, how likely are winter storms to cause the following? Harm to you",risk_perception,likelihood_notvery_5,1 = Not at all likely | 2 = Not very likely | 3 = Somewhat likely | 4 = Very likely | 5 = Extremely likely,5,FALSE,FALSE
Winter Weather (WW),imp_harm_othr,"During an average winter in the area where you live, how likely are winter storms to cause the following? Harm to a friend, family, or other loved one",risk_perception,likelihood_notvery_5,1 = Not at all likely | 2 = Not very likely | 3 = Somewhat likely | 4 = Very likely | 5 = Extremely likely,5,FALSE,FALSE
Winter Weather (WW),resp_usually,"People take different actions in response to winter weather forecasts. For example, some people stock up on supplies, cancel plans, and avoid travel; others go about their daily activities with some caution, but usually don't take specific preparatory or protective actions. We want to know what you usually do when you learn that a winter storm may affect your area. If you have not been in this situation, please think about the actions you might take if you were traveling in an area that gets winter weather. How much do you agree or disagree with the following statements? I usually take some type of preparatory or protective actions, but not always.",response,agree_5,1 = Strongly disagree | 2 = Disagree | 3 = Neither disagree nor agree | 4 = Agree | 5 = Strongly agree,5,FALSE,FALSE
Winter Weather (WW),rand_evnt_cncrn,"Now, we want you imagine that there is a forecast for [rand_evnt: a blizzard | 1/10 inch of freezing rain or ice | 1/4 inch of freezing rain or ice | 1 inch of snow | 6 inches of snow | 12 inches of snow] in the area where you live, beginning in about 24 hours (1 day). If you do not live in an area that experiences this kind of weather, imagine that you have traveled to an area that does. How concerned would you be about the possibility of [rand_evnt]?",risk_perception,concern_5,1 = Not at all concerned | 2 = Not very concerned | 3 = Somewhat concerned | 4 = Very concerned | 5 = Extremely concerned,5,TRUE,FALSE
Winter Weather (WW),rand_evnt_exc,"Now, we want you imagine that there is a forecast for [rand_evnt: a blizzard | 1/10 inch of freezing rain or ice | 1/4 inch of freezing rain or ice | 1 inch of snow | 6 inches of snow | 12 inches of snow] in the area where you live, beginning in about 24 hours (1 day). If you do not live in an area that experiences this kind of weather, imagine that you have traveled to an area that does. How excited would you be about the possibility of [rand_evnt]?",risk_perception,excitement_5,1 = Not at all excited | 2 = Not very excited | 3 = Somewhat excited | 4 = Very excited | 5 = Extremely excited,5,TRUE,FALSE
Winter Weather (WW),rand_evnt_trav,How likely would you be to take the following actions in response to a forecast for [rand_evnt]? Cancel or modify travel plans,response|preparedness,likelihood_notvery_5,1 = Not at all likely | 2 = Not very likely | 3 = Somewhat likely | 4 = Very likely | 5 = Extremely likely,5,TRUE,FALSE
Winter Weather (WW),rand_evnt_car,"How likely would you be to take the following actions in response to a forecast for [rand_evnt]? Make sure to have a winter weather kit in the car (with candles, blankets, ice scraper, flashlight, etc.)",response|preparedness,likelihood_notvery_6_na,1 = Not at all likely | 2 = Not very likely | 3 = Somewhat likely | 4 = Very likely | 5 = Extremely likely | 6 = Not applicable (I don't have a car),6,TRUE,FALSE
Winter Weather (WW),rand_evnt_food,How likely would you be to take the following actions in response to a forecast for [rand_evnt]? Buy extra food or water,response|preparedness,likelihood_notvery_5,1 = Not at all likely | 2 = Not very likely | 3 = Somewhat likely | 4 = Very likely | 5 = Extremely likely,5,TRUE,FALSE
Winter Weather (WW),rand_evnt_supp,"How likely would you be to take the following actions in response to a forecast for [rand_evnt]? Buy extra emergency supplies (generator, gas, batteries, medicines, etc.)",response|preparedness,likelihood_notvery_5,1 = Not at all likely | 2 = Not very likely | 3 = Somewhat likely | 4 = Very likely | 5 = Extremely likely,5,TRUE,FALSE
Winter Weather (WW),rand_evnt_noth,How likely would you be to take the following actions in response to a forecast for [rand_evnt]? Do nothing,response|preparedness,likelihood_notvery_5,1 = Not at all likely | 2 = Not very likely | 3 = Somewhat likely | 4 = Very likely | 5 = Extremely likely,5,TRUE,FALSE
Winter Weather (WW),rand_evnt_othr,How likely would you be to take the following actions in response to a forecast for [rand_evnt]? Other (please specify),response|preparedness,likelihood_notvery_5,1 = Not at all likely | 2 = Not very likely | 3 = Somewhat likely | 4 = Very likely | 5 = Extremely likely,5,TRUE,FALSE
Winter Weather (WW),rand_evnt_imp_sch,"If [rand_evnt] were to occur, how likely are the following negative impacts? School closures or delays",risk_perception,likelihood_notvery_5,1 = Not at all likely | 2 = Not very likely | 3 = Somewhat likely | 4 = Very likely | 5 = Extremely likely,5,TRUE,FALSE
Winter Weather (WW),rand_evnt_imp_wrk,"If [rand_evnt] were to occur, how likely are the following negative impacts? Work closures or delays",risk_perception,likelihood_notvery_5,1 = Not at all likely | 2 = Not very likely | 3 = Somewhat likely | 4 = Very likely | 5 = Extremely likely,5,TRUE,FALSE
Winter Weather (WW),rand_evnt_imp_road,"If [rand_evnt] were to occur, how likely are the following negative impacts? Poor road conditions or road closures",risk_perception,likelihood_notvery_5,1 = Not at all likely | 2 = Not very likely | 3 = Somewhat likely | 4 = Very likely | 5 = Extremely likely,5,TRUE,FALSE
Winter Weather (WW),rand_evnt_imp_vis,"If [rand_evnt] were to occur, how likely are the following negative impacts? Poor visibility",risk_perception,likelihood_notvery_5,1 = Not at all likely | 2 = Not very likely | 3 = Somewhat likely | 4 = Very likely | 5 = Extremely likely,5,TRUE,FALSE
Winter Weather (WW),rand_evnt_imp_pwr,"If [rand_evnt] were to occur, how likely are the following negative impacts? Power outages",risk_perception,likelihood_notvery_5,1 = Not at all likely | 2 = Not very likely | 3 = Somewhat likely | 4 = Very likely | 5 = Extremely likely,5,TRUE,FALSE
Winter Weather (WW),rand_evnt_imp_wtr,"If [rand_evnt] were to occur, how likely are the following negative impacts? Water issues/frozen pipes",risk_perception,likelihood_notvery_5,1 = Not at all likely | 2 = Not very likely | 3 = Somewhat likely | 4 = Very likely | 5 = Extremely likely,5,TRUE,FALSE
Winter Weather (WW),rand_evnt_imp_dmg,"If [rand_evnt] were to occur, how likely are the following negative impacts? Damage to homes/property",risk_perception,likelihood_notvery_5,1 = Not at all likely | 2 = Not very likely | 3 = Somewhat likely | 4 = Very likely | 5 = Extremely likely,5,TRUE,FALSE
Winter Weather (WW),rand_evnt_imp_harm_you,"If [rand_evnt] were to occur, how likely are the following negative impacts? Harm to you",risk_perception,likelihood_notvery_5,1 = Not at all likely | 2 = Not very likely | 3 = Somewhat likely | 4 = Very likely | 5 = Extremely likely,5,TRUE,FALSE
Winter Weather (WW),rand_evnt_imp_harm_othr,"If [rand_evnt] were to occur, how likely are the following negative impacts? Harm to a friend, family, or other loved one",risk_perception,likelihood_notvery_5,1 = Not at all likely | 2 = Not very likely | 3 = Somewhat likely | 4 = Very likely | 5 = Extremely likely,5,TRUE,FALSE
Winter Weather (WW),rank_evnt_imp_sch,Some impacts from [rand_evnt] cause relatively slight inconveniences whereas cause significant damage or disruption. We want to know how you rank the significance of possible impacts from [rand_evnt]. Please drag the boxes below to rank each impact from most significant (top) to least significant (bottom). School closures or delays,risk_perception,ranking,NA,7,TRUE,FALSE
Winter Weather (WW),rank_evnt_imp_wrk,Some impacts from [rand_evnt] cause relatively slight inconveniences whereas cause significant damage or disruption. We want to know how you rank the significance of possible impacts from [rand_evnt]. Please drag the boxes below to rank each impact from most significant (top) to least significant (bottom). Work closures or delays,risk_perception,ranking,NA,7,TRUE,FALSE
Winter Weather (WW),rank_evnt_imp_road,Some impacts from [rand_evnt] cause relatively slight inconveniences whereas cause significant damage or disruption. We want to know how you rank the significance of possible impacts from [rand_evnt]. Please drag the boxes below to rank each impact from most significant (top) to least significant (bottom). Poor road conditions or road closures,risk_perception,ranking,NA,7,TRUE,FALSE
Winter Weather (WW),rank_evnt_imp_vis,Some impacts from [rand_evnt] cause relatively slight inconveniences whereas cause significant damage or disruption. We want to know how you rank the significance of possible impacts from [rand_evnt]. Please drag the boxes below to rank each impact from most significant (top) to least significant (bottom). Poor visibility,risk_perception,ranking,NA,7,TRUE,FALSE
Winter Weather (WW),rank_evnt_imp_pwr,Some impacts from [rand_evnt] cause relatively slight inconveniences whereas cause significant damage or disruption. We want to know how you rank the significance of possible impacts from [rand_evnt]. Please drag the boxes below to rank each impact from most significant (top) to least significant (bottom). Power outages,risk_perception,ranking,NA,7,TRUE,FALSE
Winter Weather (WW),rank_evnt_imp_wtr,Some impacts from [rand_evnt] cause relatively slight inconveniences whereas cause significant damage or disruption. We want to know how you rank the significance of possible impacts from [rand_evnt]. Please drag the boxes below to rank each impact from most significant (top) to least significant (bottom). Water issues/frozen pipes,risk_perception,ranking,NA,7,TRUE,FALSE
Winter Weather (WW),rank_evnt_imp_dmg,Some impacts from [rand_evnt] cause relatively slight inconveniences whereas cause significant damage or disruption. We want to know how you rank the significance of possible impacts from [rand_evnt]. Please drag the boxes below to rank each impact from most significant (top) to least significant (bottom). Damage to homes/property,risk_perception,ranking,NA,7,TRUE,FALSE
Winter Weather (WW),scen_time,"Now we are going to show you an example forecast. Please imagine that you are in the Cincinnati area when you receive this forecast. Our latest forecast suggests that a strong winter storm will move into the Cincinnati, Ohio, area in the next 24 hours. We expect that snow will begin falling between 7:00 and 9:00 PM. It will primarily affect areas north of the city, including Butler, Warren, and Clinton counties. It is difficult to say how much snow these areas will get, but the most likely amount is 3 to 6 inches. It is possible that some areas will get as much as 6 to 10 inches of snow. Regardless of amounts, the storm will make it difficult and dangerous to drive, and it may cause power outages in some areas. Stay off the roads, and make sure to have some blankets, flashlights, and water available in case you lose electricity. When you think about how you might prepare for a storm like this, which of these sentences are most and least important? Please drag the boxes below to rank each sentence from most important (top) to least important (bottom). We expect that snow will begin falling between 7:00 and 9:00 PM.",forecast_products,ranking,NA,6,FALSE,FALSE
Winter Weather (WW),scen_loc,"Now we are going to show you an example forecast. Please imagine that you are in the Cincinnati area when you receive this forecast. Our latest forecast suggests that a strong winter storm will move into the Cincinnati, Ohio, area in the next 24 hours. We expect that snow will begin falling between 7:00 and 9:00 PM. It will primarily affect areas north of the city, including Butler, Warren, and Clinton counties. It is difficult to say how much snow these areas will get, but the most likely amount is 3 to 6 inches. It is possible that some areas will get as much as 6 to 10 inches of snow. Regardless of amounts, the storm will make it difficult and dangerous to drive, and it may cause power outages in some areas. Stay off the roads, and make sure to have some blankets, flashlights, and water available in case you lose electricity. When you think about how you might prepare for a storm like this, which of these sentences are most and least important? Please drag the boxes below to rank each sentence from most important (top) to least important (bottom). It will primarily affect areas north of the city, including Butler, Warren, and Clinton counties.",forecast_products,ranking,NA,6,FALSE,FALSE
Winter Weather (WW),scen_most,"Now we are going to show you an example forecast. Please imagine that you are in the Cincinnati area when you receive this forecast. Our latest forecast suggests that a strong winter storm will move into the Cincinnati, Ohio, area in the next 24 hours. We expect that snow will begin falling between 7:00 and 9:00 PM. It will primarily affect areas north of the city, including Butler, Warren, and Clinton counties. It is difficult to say how much snow these areas will get, but the most likely amount is 3 to 6 inches. It is possible that some areas will get as much as 6 to 10 inches of snow. Regardless of amounts, the storm will make it difficult and dangerous to drive, and it may cause power outages in some areas. Stay off the roads, and make sure to have some blankets, flashlights, and water available in case you lose electricity. When you think about how you might prepare for a storm like this, which of these sentences are most and least important? Please drag the boxes below to rank each sentence from most important (top) to least important (bottom). It is difficult to say how much snow these areas will get, but the most likely amount is 3 to 6 inches.",forecast_products,ranking,NA,6,FALSE,FALSE
Winter Weather (WW),scen_top,"Now we are going to show you an example forecast. Please imagine that you are in the Cincinnati area when you receive this forecast. Our latest forecast suggests that a strong winter storm will move into the Cincinnati, Ohio, area in the next 24 hours. We expect that snow will begin falling between 7:00 and 9:00 PM. It will primarily affect areas north of the city, including Butler, Warren, and Clinton counties. It is difficult to say how much snow these areas will get, but the most likely amount is 3 to 6 inches. It is possible that some areas will get as much as 6 to 10 inches of snow. Regardless of amounts, the storm will make it difficult and dangerous to drive, and it may cause power outages in some areas. Stay off the roads, and make sure to have some blankets, flashlights, and water available in case you lose electricity. When you think about how you might prepare for a storm like this, which of these sentences are most and least important? Please drag the boxes below to rank each sentence from most important (top) to least important (bottom). It is possible that some areas will get as much as 6 to 10 inches of snow.",forecast_products,ranking,NA,6,FALSE,FALSE
Winter Weather (WW),scen_impact,"Now we are going to show you an example forecast. Please imagine that you are in the Cincinnati area when you receive this forecast. Our latest forecast suggests that a strong winter storm will move into the Cincinnati, Ohio, area in the next 24 hours. We expect that snow will begin falling between 7:00 and 9:00 PM. It will primarily affect areas north of the city, including Butler, Warren, and Clinton counties. It is difficult to say how much snow these areas will get, but the most likely amount is 3 to 6 inches. It is possible that some areas will get as much as 6 to 10 inches of snow. Regardless of amounts, the storm will make it difficult and dangerous to drive, and it may cause power outages in some areas. Stay off the roads, and make sure to have some blankets, flashlights, and water available in case you lose electricity. When you think about how you might prepare for a storm like this, which of these sentences are most and least important? Please drag the boxes below to rank each sentence from most important (top) to least important (bottom). Regardless of amounts, the storm will make it difficult and dangerous to drive and it may cause power outages in some areas.",forecast_products,ranking,NA,6,FALSE,FALSE
Winter Weather (WW),scen_safe,"Now we are going to show you an example forecast. Please imagine that you are in the Cincinnati area when you receive this forecast. Our latest forecast suggests that a strong winter storm will move into the Cincinnati, Ohio, area in the next 24 hours. We expect that snow will begin falling between 7:00 and 9:00 PM. It will primarily affect areas north of the city, including Butler, Warren, and Clinton counties. It is difficult to say how much snow these areas will get, but the most likely amount is 3 to 6 inches. It is possible that some areas will get as much as 6 to 10 inches of snow. Regardless of amounts, the storm will make it difficult and dangerous to drive, and it may cause power outages in some areas. Stay off the roads, and make sure to have some blankets, flashlights, and water available in case you lose electricity. When you think about how you might prepare for a storm like this, which of these sentences are most and least important? Please drag the boxes below to rank each sentence from most important (top) to least important (bottom). Stay off the roads and make sure to have some blankets, flashlights, and water available in case you lose electricity.",forecast_products,ranking,NA,6,FALSE,FALSE
Winter Weather (WW),exp1_1_resp,"Imagine that it's Tuesday, and a winter storm is forecast to hit the area where you live on Thursday (in 2 days). You tune into your local TV meteorologist, and you hear that the forecast amount of snow for Thursday is [exp1_cond_tue]. How likely is it that you would change your plans for Thursday if you were to get this forecast?",response,likelihood_notvery_5,1 = Not at all likely | 2 = Not very likely | 3 = Somewhat likely | 4 = Very likely | 5 = Extremely likely,5,TRUE,FALSE
Winter Weather (WW),exp1_2_resp,"The next day, Wednesday evening, you tune into the same local TV meteorologist, and you hear that the forecast amount of snow for Thursday is [exp1_cond_wed]. How likely is it that you would change your plans for Thursday if you were to get this forecast?",response,likelihood_notvery_5,1 = Not at all likely | 2 = Not very likely | 3 = Somewhat likely | 4 = Very likely | 5 = Extremely likely,5,TRUE,FALSE
Winter Weather (WW),exp2_1_resp,"Imagine that it's Tuesday, and a winter storm is forecast to hit the area where you live on Thursday (in 2 days). You tune into your local TV meteorologist, and you hear that the forecast amount of snow for Thursday is [exp2_cond_tue]. How likely is it that you would change your plans for Thursday if you were to get this forecast?",response,likelihood_notvery_5,1 = Not at all likely | 2 = Not very likely | 3 = Somewhat likely | 4 = Very likely | 5 = Extremely likely,5,TRUE,FALSE
Winter Weather (WW),exp2_2_resp,"The next day, Wednesday evening, you tune into the same local TV meteorologist, and you hear that the forecast amount of snow for Thursday is [exp2_cond_wed]. How likely is it that you would change your plans for Thursday if you were to get this forecast?",response,likelihood_notvery_5,1 = Not at all likely | 2 = Not very likely | 3 = Somewhat likely | 4 = Very likely | 5 = Extremely likely,5,TRUE,FALSE
Winter Weather (WW),exp1_1_chal,This seems to be a challenging storm to forecast for.,forecast_products|comprehension,agree_5,1 = Strongly disagree | 2 = Disagree | 3 = Neither disagree nor agree | 4 = Agree | 5 = Strongly agree,5,TRUE,FALSE
Winter Weather (WW),exp1_2_chal,This seems to be a challenging storm to forecast for.,forecast_products|comprehension,agree_5,1 = Strongly disagree | 2 = Disagree | 3 = Neither disagree nor agree | 4 = Agree | 5 = Strongly agree,5,TRUE,FALSE
Winter Weather (WW),exp2_2_chal,This seems to be a challenging storm to forecast for.,forecast_products|comprehension,agree_5,1 = Strongly disagree | 2 = Disagree | 3 = Neither disagree nor agree | 4 = Agree | 5 = Strongly agree,5,TRUE,FALSE
Winter Weather (WW),exp1_1_conf,The weather forecasters seem confident in the amount of snow that will fall.,forecast_products|comprehension,agree_5,1 = Strongly disagree | 2 = Disagree | 3 = Neither disagree nor agree | 4 = Agree | 5 = Strongly agree,5,TRUE,FALSE
Winter Weather (WW),exp1_2_conf,The weather forecasters seem confident in the amount of snow that will fall.,forecast_products|comprehension,agree_5,1 = Strongly disagree | 2 = Disagree | 3 = Neither disagree nor agree | 4 = Agree | 5 = Strongly agree,5,TRUE,FALSE
Winter Weather (WW),exp2_2_conf,The weather forecasters seem confident in the amount of snow that will fall.,forecast_products|comprehension,agree_5,1 = Strongly disagree | 2 = Disagree | 3 = Neither disagree nor agree | 4 = Agree | 5 = Strongly agree,5,TRUE,FALSE
Winter Weather (WW),exp2_conf,The weather forecasters seem confident in the amount of snow that will fall.,forecast_products|comprehension,agree_5,1 = Strongly disagree | 2 = Disagree | 3 = Neither disagree nor agree | 4 = Agree | 5 = Strongly agree,5,TRUE,FALSE
Winter Weather (WW),exp1_1_use,The forecast information is useful to me.,forecast_products|comprehension,agree_5,1 = Strongly disagree | 2 = Disagree | 3 = Neither disagree nor agree | 4 = Agree | 5 = Strongly agree,5,TRUE,FALSE
Winter Weather (WW),exp1_2_use,The forecast information is useful to me.,forecast_products|comprehension,agree_5,1 = Strongly disagree | 2 = Disagree | 3 = Neither disagree nor agree | 4 = Agree | 5 = Strongly agree,5,TRUE,FALSE
Winter Weather (WW),exp2_2_use,The forecast information is useful to me.,forecast_products|comprehension,agree_5,1 = Strongly disagree | 2 = Disagree | 3 = Neither disagree nor agree | 4 = Agree | 5 = Strongly agree,5,TRUE,FALSE
Winter Weather (WW),exp1_1_confme,I feel confident about the amount of snow I'll get.,forecast_products|comprehension,agree_5,1 = Strongly disagree | 2 = Disagree | 3 = Neither disagree nor agree | 4 = Agree | 5 = Strongly agree,5,TRUE,FALSE
Winter Weather (WW),exp1_2_confme,I feel confident about the amount of snow I'll get.,forecast_products|comprehension,agree_5,1 = Strongly disagree | 2 = Disagree | 3 = Neither disagree nor agree | 4 = Agree | 5 = Strongly agree,5,TRUE,FALSE
Winter Weather (WW),exp2_2_confme,I feel confident about the amount of snow I'll get.,forecast_products|comprehension,agree_5,1 = Strongly disagree | 2 = Disagree | 3 = Neither disagree nor agree | 4 = Agree | 5 = Strongly agree,5,TRUE,FALSE
Winter Weather (WW),exp2_confme,I feel confident about the amount of snow I'll get.,forecast_products|comprehension,agree_5,1 = Strongly disagree | 2 = Disagree | 3 = Neither disagree nor agree | 4 = Agree | 5 = Strongly agree,5,TRUE,FALSE
Flooding (FL),follow,Now we have some basic questions about the weather. How much do you agree or disagree with the following statements? I follow the weather very closely.,engagement,agree_5,1 = Strongly disagree | 2 = Disagree | 3 = Neither disagree nor agree | 4 = Agree | 5 = Strongly agree,5,FALSE,FALSE
Flooding (FL),plan_around,Now we have some basic questions about the weather. How much do you agree or disagree with the following statements? I plan my daily routine around the weather.,engagement,agree_5,1 = Strongly disagree | 2 = Disagree | 3 = Neither disagree nor agree | 4 = Agree | 5 = Strongly agree,5,FALSE,FALSE
Flooding (FL),und_weather,"Now we have some basic questions about the weather. How much do you agree or disagree with the following statements? I don't understand what causes extreme weather events like blizzards, tornadoes, and hurricanes.",engagement|comprehension,agree_5,1 = Strongly disagree | 2 = Disagree | 3 = Neither disagree nor agree | 4 = Agree | 5 = Strongly agree,5,FALSE,FALSE
Flooding (FL),wthr_info_paper,How frequently do you get information about the weather from each of the following sources? Newspapers,channels,frequency_6,1 = Never | 2 = Less than once per week | 3 = About once per week | 4 = Several times per week | 5 = About once a day | 6 = Several times a day,6,FALSE,FALSE
Flooding (FL),wthr_info_web,How frequently do you get information about the weather from each of the following sources? Non-government Internet websites (such as weather.com),channels,frequency_6,1 = Never | 2 = Less than once per week | 3 = About once per week | 4 = Several times per week | 5 = About once a day | 6 = Several times a day,6,FALSE,FALSE
Flooding (FL),wthr_info_govweb,How frequently do you get information about the weather from each of the following sources? Government Internet websites (such as weather.gov),channels,frequency_6,1 = Never | 2 = Less than once per week | 3 = About once per week | 4 = Several times per week | 5 = About once a day | 6 = Several times a day,6,FALSE,FALSE
Flooding (FL),wthr_info_loctv,How frequently do you get information about the weather from each of the following sources? Local TV (television) news,channels,frequency_6,1 = Never | 2 = Less than once per week | 3 = About once per week | 4 = Several times per week | 5 = About once a day | 6 = Several times a day,6,FALSE,FALSE
Flooding (FL),wthr_info_cabtv,How frequently do you get information about the weather from each of the following sources? Cable TV (television) news (such as The Weather Channel),channels,frequency_6,1 = Never | 2 = Less than once per week | 3 = About once per week | 4 = Several times per week | 5 = About once a day | 6 = Several times a day,6,FALSE,FALSE
Flooding (FL),wthr_info_radio,How frequently do you get information about the weather from each of the following sources? Radio,channels,frequency_6,1 = Never | 2 = Less than once per week | 3 = About once per week | 4 = Several times per week | 5 = About once a day | 6 = Several times a day,6,FALSE,FALSE
Flooding (FL),wthr_info_fam,"How frequently do you get information about the weather from each of the following sources? Family, friends or colleagues",channels,frequency_6,1 = Never | 2 = Less than once per week | 3 = About once per week | 4 = Several times per week | 5 = About once a day | 6 = Several times a day,6,FALSE,FALSE
Flooding (FL),wthr_info_soc,"How frequently do you get information about the weather from each of the following sources? Social Media, such as Facebook",channels,frequency_6,1 = Never | 2 = Less than once per week | 3 = About once per week | 4 = Several times per week | 5 = About once a day | 6 = Several times a day,6,FALSE,FALSE
Flooding (FL),wthr_info_app,How frequently do you get information about the weather from each of the following sources? Weather applications on your phone,channels,frequency_6,1 = Never | 2 = Less than once per week | 3 = About once per week | 4 = Several times per week | 5 = About once a day | 6 = Several times a day,6,FALSE,FALSE
Flooding (FL),wthr_info_text,How frequently do you get information about the weather from each of the following sources? Emergency notifications on your phone,channels,frequency_6,1 = Never | 2 = Less than once per week | 3 = About once per week | 4 = Several times per week | 5 = About once a day | 6 = Several times a day,6,FALSE,FALSE
Flooding (FL),risk_hail,"Thinking about all four seasons (spring, summer, fall, winter), how do you rate the risk of the following hazardous weather events to you and the people in the area where you live? Hail",risk_perception,risk_5,1 = No risk | 2 = Low risk | 3 = Moderate risk | 4 = High risk | 5 = Extreme risk,5,FALSE,FALSE
Flooding (FL),risk_wind,"Thinking about all four seasons (spring, summer, fall, winter), how do you rate the risk of the following hazardous weather events to you and the people in the area where you live? High winds",risk_perception,risk_5,1 = No risk | 2 = Low risk | 3 = Moderate risk | 4 = High risk | 5 = Extreme risk,5,FALSE,FALSE
Flooding (FL),risk_lignt,"Thinking about all four seasons (spring, summer, fall, winter), how do you rate the risk of the following hazardous weather events to you and the people in the area where you live? Lightning",risk_perception,risk_5,1 = No risk | 2 = Low risk | 3 = Moderate risk | 4 = High risk | 5 = Extreme risk,5,FALSE,FALSE
Flooding (FL),risk_heat,"Thinking about all four seasons (spring, summer, fall, winter), how do you rate the risk of the following hazardous weather events to you and the people in the area where you live? Extreme heat",risk_perception,risk_5,1 = No risk | 2 = Low risk | 3 = Moderate risk | 4 = High risk | 5 = Extreme risk,5,FALSE,FALSE
Flooding (FL),risk_rain,"Thinking about all four seasons (spring, summer, fall, winter), how do you rate the risk of the following hazardous weather events to you and the people in the area where you live? Excessive rain",risk_perception,risk_5,1 = No risk | 2 = Low risk | 3 = Moderate risk | 4 = High risk | 5 = Extreme risk,5,FALSE,FALSE
Flooding (FL),risk_drought,"Thinking about all four seasons (spring, summer, fall, winter), how do you rate the risk of the following hazardous weather events to you and the people in the area where you live? Drought",risk_perception,risk_5,1 = No risk | 2 = Low risk | 3 = Moderate risk | 4 = High risk | 5 = Extreme risk,5,FALSE,FALSE
Flooding (FL),risk_cold,"Thinking about all four seasons (spring, summer, fall, winter), how do you rate the risk of the following hazardous weather events to you and the people in the area where you live? Extreme cold",risk_perception,risk_5,1 = No risk | 2 = Low risk | 3 = Moderate risk | 4 = High risk | 5 = Extreme risk,5,FALSE,FALSE
Flooding (FL),risk_snow,"Thinking about all four seasons (spring, summer, fall, winter), how do you rate the risk of the following hazardous weather events to you and the people in the area where you live? Snow",risk_perception,risk_5,1 = No risk | 2 = Low risk | 3 = Moderate risk | 4 = High risk | 5 = Extreme risk,5,FALSE,FALSE
Flooding (FL),risk_ice,"Thinking about all four seasons (spring, summer, fall, winter), how do you rate the risk of the following hazardous weather events to you and the people in the area where you live? Ice or freezing rain",risk_perception,risk_5,1 = No risk | 2 = Low risk | 3 = Moderate risk | 4 = High risk | 5 = Extreme risk,5,FALSE,FALSE
Flooding (FL),risk_tor,"Thinking about all four seasons (spring, summer, fall, winter), how do you rate the risk of the following hazardous weather events to you and the people in the area where you live? Tornadoes",risk_perception,risk_5,1 = No risk | 2 = Low risk | 3 = Moderate risk | 4 = High risk | 5 = Extreme risk,5,FALSE,FALSE
Flooding (FL),risk_flood,"Thinking about all four seasons (spring, summer, fall, winter), how do you rate the risk of the following hazardous weather events to you and the people in the area where you live? Floods",risk_perception,risk_5,1 = No risk | 2 = Low risk | 3 = Moderate risk | 4 = High risk | 5 = Extreme risk,5,FALSE,FALSE
Flooding (FL),risk_hur,"Thinking about all four seasons (spring, summer, fall, winter), how do you rate the risk of the following hazardous weather events to you and the people in the area where you live? Hurricanes",risk_perception,risk_5,1 = No risk | 2 = Low risk | 3 = Moderate risk | 4 = High risk | 5 = Extreme risk,5,FALSE,FALSE
Flooding (FL),risk_fire,"Thinking about all four seasons (spring, summer, fall, winter), how do you rate the risk of the following hazardous weather events to you and the people in the area where you live? Wildfires",risk_perception,risk_5,1 = No risk | 2 = Low risk | 3 = Moderate risk | 4 = High risk | 5 = Extreme risk,5,FALSE,FALSE
Flooding (FL),risk_surge,"Thinking about all four seasons (spring, summer, fall, winter), how do you rate the risk of the following hazardous weather events to you and the people in the area where you live? Storm surge",risk_perception,risk_5,1 = No risk | 2 = Low risk | 3 = Moderate risk | 4 = High risk | 5 = Extreme risk,5,FALSE,FALSE
Flooding (FL),alert_und,"The National Weather Service (NWS), an agency of the United States government, issues weather forecasts and different kinds of alerts to the public about hazardous weather, including severe weather watches, warnings, and advisories. In general, do you understand the difference between watches, warnings, and advisories?",comprehension,certainty_5,1 = Definitely no | 2 = Probably no | 3 = Not sure | 4 = Probably yes | 5 = Definitely yes,5,FALSE,FALSE
Flooding (FL),fl_risk_prob,"To begin, please think about you, family members you live with, and your home as you respond to the following questions about flooding. How likely do you think it is that the area where you live will be affected by a flood in the next few months?",risk_perception,likelihood_notvery_5,1 = Not at all likely | 2 = Not very likely | 3 = Somewhat likely | 4 = Very likely | 5 = Extremely likely,5,FALSE,FALSE
Flooding (FL),fl_risk_imp,"To begin, please think about you, family members you live with, and your home as you respond to the following questions about flooding. If the area where you live is affected by a flood in the next few months, how likely do you think it is that you personally will experience negative impacts from the flood?",risk_perception,likelihood_notvery_5,1 = Not at all likely | 2 = Not very likely | 3 = Somewhat likely | 4 = Very likely | 5 = Extremely likely,5,FALSE,FALSE
Flooding (FL),fl_risk_sev,"To begin, please think about you, family members you live with, and your home as you respond to the following questions about flooding. If the area where you live is affected by a flood in the next few months, how severe do you think the negative impacts will be to you from the flood?",risk_perception,severity_5,1 = Not at all severe | 2 = Not very severe | 3 = Somewhat severe | 4 = Very severe | 5 = Extremely severe,5,FALSE,FALSE
Flooding (FL),fl_risk_aff,"To begin, please think about you, family members you live with, and your home as you respond to the following questions about flooding. If the area where you live is affected by a flood in the next few months, how worried are you that it will affect you?",risk_perception,worry_5,1 = Not at all worried | 2 = Not very worried | 3 = Somewhat worried | 4 = Very worried | 5 = Extremely worried,5,FALSE,FALSE
Flooding (FL),flood_wwa_und,The National Weather Service issues multiple public alerts during floods depending on what type of flooding is occurring. We want to know how you interpret these different types of alerts. How would you rate your understanding of flood WATCHES and WARNINGS?,comprehension,quality_5,1 = Poor | 2 = Fair | 3 = Good | 4 = Very good | 5 = Excellent,5,FALSE,FALSE
Flooding (FL),flash_wwa_und,The National Weather Service issues multiple public alerts during floods depending on what type of flooding is occurring. We want to know how you interpret these different types of alerts. How would you rate your understanding of flash flood WATCHES and WARNINGS?,comprehension,quality_5,1 = Poor | 2 = Fair | 3 = Good | 4 = Very good | 5 = Excellent,5,FALSE,FALSE
Flooding (FL),flood_wwa_watch,"To the best of your knowledge, is the following alert considered a flood WATCH or flood WARNING? This alert is issued when conditions are favorable for flooding. It does not mean flooding will occur, but it is possible.",comprehension,categorical,1 = Flood WATCH | 2 = Flood WARNING | 3 = Don't know,3,FALSE,FALSE
Flooding (FL),flood_wwa_warn,"To the best of your knowledge, is the following alert considered a flood WATCH or flood WARNING? This alert is issued when flooding is imminent or occurring.",comprehension,categorical,1 = Flood WATCH | 2 = Flood WARNING | 3 = Don't know,3,FALSE,FALSE
Flooding (FL),flood_warn_time,"If the National Weather Service issues a flood WARNING for your location, about how much time do you have before flooding begins?",comprehension,lead_time_5,1 = less than 1 hour | 2 = 1 to 24 hours | 3 = 1 to 2 days | 4 = 2 to 4 days | 5 = 4 to 8 days,5,FALSE,FALSE
Flooding (FL),flood_watch_time,"If the National Weather Service issues a flood WATCH for your location, about how much time do you have before flooding begins?",comprehension,lead_time_5,1 = less than 1 hour | 2 = 1 to 24 hours | 3 = 1 to 2 days | 4 = 2 to 4 days | 5 = 4 to 8 days,5,FALSE,FALSE
Flooding (FL),flood_flash_und,Do you understand the difference between floods and flash floods?,comprehension,certainty_5,1 = Definitely no | 2 = Probably no | 3 = Not sure | 4 = Probably yes | 5 = Definitely yes,5,FALSE,FALSE
Flooding (FL),flood_warn,"To the best of your knowledge, is the following alert considered a FLOOD warning or a FLASH FLOOD warning? This alert is issued for flooding that normally occurs more than six hours after the rainfall begins, and may cover a large area. This results in a gradual ponding or buildup of water in low-lying, flood prone areas, as well as small creeks and streams.",comprehension,categorical,1 = FLOOD warning | 2 = FLASH FLOOD warning | 3 = Don't know,3,FALSE,FALSE
Flooding (FL),flash_warn,"To the best of your knowledge, is the following alert considered a FLOOD warning or a FLASH FLOOD warning? This alert is issued for flooding that normally occurs within six hours of heavy or intense rainfall. This results in small creeks and streams quickly rising out of their banks.",comprehension,categorical,1 = FLOOD warning | 2 = FLASH FLOOD warning | 3 = Don't know,3,FALSE,FALSE
Flooding (FL),otlks_risk_compare,"Based on the forecast for Point A, which hazard do you think poses a greater risk to your area today?",graphics|risk_perception,categorical,1 = Severe Thunderstorms | 2 = Flash Flooding | 3 = Both about the same | 4 = Neither pose a significant risk,4,TRUE,TRUE
Flooding (FL),otlks_cat_recall_spc,What was the forecast risk level for severe thunderstorms at Point A?,graphics|comprehension,categorical,1 = Level 1 (Marginal) | 2 = Level 2 (Slight) | 3 = Level 3 (Enhanced) | 4 = Level 4 (Moderate) | 5 = Level 5 (High) | 6 = Not sure,6,TRUE,TRUE
Flooding (FL),otlks_cat_recall_ero,What was the forecast risk level for flash flooding at Point A?,graphics|comprehension,categorical,1 = Level 1 (Marginal) | 2 = Level 2 (Slight) | 3 = Level 3 (Enhanced) | 4 = Level 4 (Moderate) | 5 = Level 5 (High) | 6 = Not sure,6,TRUE,TRUE
Flooding (FL),otlks_color_opin,"One such debate centers on the use of color scales in weather risk graphics: should the same scale be used across all hazards, or should each hazard have its own distinct color scheme? In your opinion, which approach should the National Weather Service prioritize when using color in forecast graphics?",graphics,categorical,1 = Consistent color scales across all hazard types | 2 = Differentiated color scales based on the type of hazard | 3 = No preference,3,TRUE,TRUE
Flooding (FL),coast_risk_prob,"For people who live on the coast of an ocean, coastal flooding and storm surge are also a concern. How likely do you think it is that the area where you live will be affected by coastal flooding in the next few years?",risk_perception,likelihood_notvery_5,1 = Not at all likely | 2 = Not very likely | 3 = Somewhat likely | 4 = Very likely | 5 = Extremely likely,5,FALSE,FALSE
Flooding (FL),surge_risk_prob,"For people who live on the coast of an ocean, coastal flooding and storm surge are also a concern. How likely do you think it is that the area where you live will be affected by storm surge in the next few years?",risk_perception,likelihood_notvery_5,1 = Not at all likely | 2 = Not very likely | 3 = Somewhat likely | 4 = Very likely | 5 = Extremely likely,5,FALSE,FALSE
Flooding (FL),flood_srg_und,"For some people, it is difficult to explain the difference between flooding and storm surge. How would you rate your understanding of the difference between the two hazards?",comprehension,quality_5,1 = Poor | 2 = Fair | 3 = Good | 4 = Very good | 5 = Excellent,5,FALSE,FALSE
Flooding (FL),rec_most_fl,How much do you agree with the following statements? I receive pretty much all of the information that I need for my location.,reception,agree_5,1 = Strongly disagree | 2 = Disagree | 3 = Neither disagree nor agree | 4 = Agree | 5 = Strongly agree,5,FALSE,FALSE
Flooding (FL),rec_miss_fl,How much do you agree with the following statements? Sometimes I miss information that I need for my location.,reception,agree_5,1 = Strongly disagree | 2 = Disagree | 3 = Neither disagree nor agree | 4 = Agree | 5 = Strongly agree,5,FALSE,FALSE
Flooding (FL),rec_time,How much do you agree with the following statements? I receive new information about my location as soon as it is available.,reception,agree_5,1 = Strongly disagree | 2 = Disagree | 3 = Neither disagree nor agree | 4 = Agree | 5 = Strongly agree,5,FALSE,FALSE
Flooding (FL),flood_hist,Have you ever experienced a flooding event?,experience,yes_no,0 = No | 1 = Yes,2,FALSE,FALSE
Flooding (FL),flood_long,Think about the most recent flooding event that you experienced. How long ago was it?,experience,categorical,1 = Less than a year ago | 2 = 1-2 years ago | 3 = 2-5 years ago | 4 = More than 5 years ago,4,FALSE,FALSE
Flooding (FL),flood_type,Think about the most recent flooding event that you experienced. Do you remember what caused the flooding event?,experience,categorical,"1 = River flood - flooding caused by a river overflowing its banks | 2 = Flash flood - sudden, intense flooding caused by heavy rainfall in a short time period | 3 = Coastal flood - flooding caused by ocean water invading land areas along the coast due to storm surge, high tides, etc. | 4 = Storm surge - flooding caused by the abnormal rise of ocean water generated by a storm (such as a hurricane or tropical storm) | 5 = Urban flood - flooding caused by overwhelmed drainage systems in urban areas | 6 = Groundwater flood - flooding caused by saturated groundwater rising to the surface | 7 = Dam/levee break flood - flooding caused by a dam or levee failure | 8 = Don't know/don't remember",8,FALSE,FALSE
Flooding (FL),flood_act,Think about the most recent flooding event that you experienced. Did you take some kind of protective action in response to the flooding event?,experience|response,yes_no,0 = No | 1 = Yes,2,FALSE,FALSE
Flooding (FL),flood_act_satis,"Looking back, are you satisfied with the actions you took?",experience|response,certainty_5,1 = Definitely no | 2 = Probably no | 3 = Not sure | 4 = Probably yes | 5 = Definitely yes,5,FALSE,FALSE
Flooding (FL),flood_act_again,How likely is it that you would take the same action again if you found yourself in the same situation in the future?,experience|response,likelihood_5,1 = Very unlikely | 2 = Somewhat unlikely | 3 = About as likely as not | 4 = Somewhat likely | 5 = Very likely,5,FALSE,FALSE
Flooding (FL),resp_ignore_fl,How much do you agree with the following statements? Sometimes I see information that says I could be at risk and decide to take my chances.,response,agree_5,1 = Strongly disagree | 2 = Disagree | 3 = Neither disagree nor agree | 4 = Agree | 5 = Strongly agree,5,FALSE,FALSE
Flooding (FL),resp_always_fl,"How much do you agree with the following statements? I almost always take the protective actions that officials suggest, even if the actions are difficult (e.g., costly or time consuming).",response,agree_5,1 = Strongly disagree | 2 = Disagree | 3 = Neither disagree nor agree | 4 = Agree | 5 = Strongly agree,5,FALSE,FALSE
Flooding (FL),resp_know_fl,How much do you agree with the following statements? Sometimes I am not sure what to do or what protective actions to take.,response,agree_5,1 = Strongly disagree | 2 = Disagree | 3 = Neither disagree nor agree | 4 = Agree | 5 = Strongly agree,5,FALSE,FALSE
Flooding (FL),ff_do_conff,How confident are you that your actions would protect you from the flash flood?,response,confidence_5,1 = Not at all confident | 2 = Not very confident | 3 = Somewhat confident | 4 = Very confident | 5 = Extremely confident,5,FALSE,FALSE
Flooding (FL),rely_nws,"When flooding events threaten your area, how much do you rely on the following sources of information? If you have not been in this situation, how much would you plan to rely on the following sources of information if you were traveling in an area that is threatened by a flooding event? National Weather Service",sources,extent_5,1 = Not at all | 2 = Not very much | 3 = Somewhat | 4 = Very much | 5 = Extensively,5,FALSE,FALSE
Flooding (FL),rely_loctv,"When flooding events threaten your area, how much do you rely on the following sources of information? If you have not been in this situation, how much would you plan to rely on the following sources of information if you were traveling in an area that is threatened by a flooding event? Local TV stations",sources,extent_5,1 = Not at all | 2 = Not very much | 3 = Somewhat | 4 = Very much | 5 = Extensively,5,FALSE,FALSE
Flooding (FL),rely_fam,"When flooding events threaten your area, how much do you rely on the following sources of information? If you have not been in this situation, how much would you plan to rely on the following sources of information if you were traveling in an area that is threatened by a flooding event? Family, friends, neighbors, employers, co-workers, etc.",sources,extent_5,1 = Not at all | 2 = Not very much | 3 = Somewhat | 4 = Very much | 5 = Extensively,5,FALSE,FALSE
Flooding (FL),rely_wx_chan,"When flooding events threaten your area, how much do you rely on the following sources of information? If you have not been in this situation, how much would you plan to rely on the following sources of information if you were traveling in an area that is threatened by a flooding event? National TV stations like The Weather Channel or WeatherNation",sources,extent_5,1 = Not at all | 2 = Not very much | 3 = Somewhat | 4 = Very much | 5 = Extensively,5,FALSE,FALSE
Flooding (FL),rely_em,"When flooding events threaten your area, how much do you rely on the following sources of information? If you have not been in this situation, how much would you plan to rely on the following sources of information if you were traveling in an area that is threatened by a flooding event? State or local emergency managers",sources,extent_5,1 = Not at all | 2 = Not very much | 3 = Somewhat | 4 = Very much | 5 = Extensively,5,FALSE,FALSE
Flooding (FL),rely_nws_why,You indicated that you do not rely on the National Weather Service for information about flooding events. Can you tell us why?,sources|trust,categorical,1 = I don't know where to find the information | 2 = The information is usually too complicated for me to understand | 3 = They don't provide the information I want or need | 4 = I don't trust the National Weather Service | 5 = Other (please specify),5,FALSE,FALSE
Flooding (FL),rely_bdrad,"When flooding events threaten your area, how much do you rely on the following channels of information? Here, we define channels as tools or avenues of information. If you have not been in this situation, how much would you plan to rely on the following channels of information if you were traveling in an area that is threatened by a flooding event? Broadcast radio",channels,extent_5,1 = Not at all | 2 = Not very much | 3 = Somewhat | 4 = Very much | 5 = Extensively,5,FALSE,FALSE
Flooding (FL),rely_wxrad,"When flooding events threaten your area, how much do you rely on the following channels of information? Here, we define channels as tools or avenues of information. If you have not been in this situation, how much would you plan to rely on the following channels of information if you were traveling in an area that is threatened by a flooding event? Weather radio (NOAA/NWS radio)",channels,extent_5,1 = Not at all | 2 = Not very much | 3 = Somewhat | 4 = Very much | 5 = Extensively,5,FALSE,FALSE
Flooding (FL),rely_tv,"When flooding events threaten your area, how much do you rely on the following channels of information? Here, we define channels as tools or avenues of information. If you have not been in this situation, how much would you plan to rely on the following channels of information if you were traveling in an area that is threatened by a flooding event? Television",channels,extent_5,1 = Not at all | 2 = Not very much | 3 = Somewhat | 4 = Very much | 5 = Extensively,5,FALSE,FALSE
Flooding (FL),rely_int,"When flooding events threaten your area, how much do you rely on the following channels of information? Here, we define channels as tools or avenues of information. If you have not been in this situation, how much would you plan to rely on the following channels of information if you were traveling in an area that is threatened by a flooding event? Internet websites focused on weather forecasts, such as those provided by the National Weather Service",channels,extent_5,1 = Not at all | 2 = Not very much | 3 = Somewhat | 4 = Very much | 5 = Extensively,5,FALSE,FALSE
Flooding (FL),rely_soc,"When flooding events threaten your area, how much do you rely on the following channels of information? Here, we define channels as tools or avenues of information. If you have not been in this situation, how much would you plan to rely on the following channels of information if you were traveling in an area that is threatened by a flooding event? Social media, such as Facebook",channels,extent_5,1 = Not at all | 2 = Not very much | 3 = Somewhat | 4 = Very much | 5 = Extensively,5,FALSE,FALSE
Flooding (FL),rely_wom,"When flooding events threaten your area, how much do you rely on the following channels of information? Here, we define channels as tools or avenues of information. If you have not been in this situation, how much would you plan to rely on the following channels of information if you were traveling in an area that is threatened by a flooding event? Word-of-mouth (including telephone calls or texts) from family, friends, neighbors, employers, co-workers, etc.",channels,extent_5,1 = Not at all | 2 = Not very much | 3 = Somewhat | 4 = Very much | 5 = Extensively,5,FALSE,FALSE
Flooding (FL),rely_phone,"When flooding events threaten your area, how much do you rely on the following channels of information? Here, we define channels as tools or avenues of information. If you have not been in this situation, how much would you plan to rely on the following channels of information if you were traveling in an area that is threatened by a flooding event? Automated text or phone notifications",channels,extent_5,1 = Not at all | 2 = Not very much | 3 = Somewhat | 4 = Very much | 5 = Extensively,5,FALSE,FALSE
Flooding (FL),rely_tie,Please indicate which channel you rely on the most for information about flooding events.,channels,categorical,"1 = Broadcast radio | 2 = Weather radio (NOAA/NWS radio) | 3 = Television | 4 = Internet websites focused on weather forecasts, such as those provided by the National Weather Service | 5 = Social media, such as Facebook | 6 = Word-of-mouth (including telephone calls or texts) from family, friends, neighbors, employers, co-workers, etc. | 7 = Automated text or phone notifications",7,FALSE,FALSE
Flooding (FL),flood_map_und,"Forecasters, websites, and phone applications often use maps to display information about flood risks. How would you rate your understanding of maps?",comprehension|graphics,quality_5,1 = Poor | 2 = Fair | 3 = Good | 4 = Very good | 5 = Excellent,5,FALSE,FALSE
Flooding (FL),flood_map_pref,"Forecasters, websites, and phone applications often use maps to display information about flood risks. Do you think maps are useful for displaying information about flood risks?",graphics,yes_no,0 = No | 1 = Yes,2,FALSE,FALSE
Flooding (FL),aware_prog,"Are you aware of any grants or programs that provide low-interest loans - at the national, state, or local level - that encourage or provide financial support for individuals or communities to adopt [rand_dev] measures?",mitigation,yes_no_unsure,0 = No | 1 = Yes | 2 = Not sure,3,TRUE,FALSE
Flooding (FL),resp_ef_infr_1,"Overall, how much do you agree with the following statements? I think [rand_dev] helps people mitigate [rand_haz].",mitigation,agree_5,1 = Strongly disagree | 2 = Disagree | 3 = Neither disagree nor agree | 4 = Agree | 5 = Strongly agree,5,TRUE,FALSE
Flooding (FL),resp_ef_infr_2,"Overall, how much do you agree with the following statements? I think [rand_dev] keeps people safe from rand_haz.",mitigation,agree_5,1 = Strongly disagree | 2 = Disagree | 3 = Neither disagree nor agree | 4 = Agree | 5 = Strongly agree,5,TRUE,FALSE
Flooding (FL),eftv_gr_roof,"If you had to guess, how effective do you think each of the following measures is at reducing [rand_haz]? Green roofs",mitigation,effectiveness_5,1 = Not at all effective | 2 = Not very effective | 3 = Somewhat effective | 4 = Very effective | 5 = Extremely effective,5,TRUE,FALSE
Flooding (FL),eftv_down_disc,"If you had to guess, how effective do you think each of the following measures is at reducing [rand_haz]? Downspout disconnects",mitigation,effectiveness_5,1 = Not at all effective | 2 = Not very effective | 3 = Somewhat effective | 4 = Very effective | 5 = Extremely effective,5,TRUE,FALSE
Flooding (FL),eftv_ext_tree,"If you had to guess, how effective do you think each of the following measures is at reducing [rand_haz]? Tree planting",mitigation,effectiveness_5,1 = Not at all effective | 2 = Not very effective | 3 = Somewhat effective | 4 = Very effective | 5 = Extremely effective,5,TRUE,FALSE
Flooding (FL),eftv_depav,"If you had to guess, how effective do you think each of the following measures is at reducing [rand_haz]? Depaving",mitigation,effectiveness_5,1 = Not at all effective | 2 = Not very effective | 3 = Somewhat effective | 4 = Very effective | 5 = Extremely effective,5,TRUE,FALSE
Flooding (FL),eftv_perm_pav,"If you had to guess, how effective do you think each of the following measures is at reducing [rand_haz]? Permeable pavement",mitigation,effectiveness_5,1 = Not at all effective | 2 = Not very effective | 3 = Somewhat effective | 4 = Very effective | 5 = Extremely effective,5,TRUE,FALSE
Flooding (FL),eftv_storm_pond,"If you had to guess, how effective do you think each of the following measures is at reducing [rand_haz]? Stormwater ponds",mitigation,effectiveness_5,1 = Not at all effective | 2 = Not very effective | 3 = Somewhat effective | 4 = Very effective | 5 = Extremely effective,5,TRUE,FALSE
Flooding (FL),eftv_biosw,"If you had to guess, how effective do you think each of the following measures is at reducing [rand_haz]? Bioswales",mitigation,effectiveness_5,1 = Not at all effective | 2 = Not very effective | 3 = Somewhat effective | 4 = Very effective | 5 = Extremely effective,5,TRUE,FALSE
Flooding (FL),eftv_rain_garden,"If you had to guess, how effective do you think each of the following measures is at reducing [rand_haz]? Rain gardens",mitigation,effectiveness_5,1 = Not at all effective | 2 = Not very effective | 3 = Somewhat effective | 4 = Very effective | 5 = Extremely effective,5,TRUE,FALSE
Flooding (FL),eftv_zero_scap,"If you had to guess, how effective do you think each of the following measures is at reducing [rand_haz]? Xeriscaping",mitigation,effectiveness_5,1 = Not at all effective | 2 = Not very effective | 3 = Somewhat effective | 4 = Very effective | 5 = Extremely effective,5,TRUE,FALSE
Flooding (FL),adopt_indiv_gr_roof,"How likely would you be to adopt each of the following measures if this type of program were available? We understand that people live in different types of homes and regions, so if a measure is not relevant to you, please select Not relevant. Green roofs",mitigation,likelihood_slightly_6_nr,1 = Not at all likely | 2 = Slightly likely | 3 = Moderately likely | 4 = Very likely | 5 = Extremely likely | 6 = Not relevant,6,TRUE,FALSE
Flooding (FL),adopt_indiv_down_disc,"How likely would you be to adopt each of the following measures if this type of program were available? We understand that people live in different types of homes and regions, so if a measure is not relevant to you, please select Not relevant. Downspout disconnects",mitigation,likelihood_slightly_6_nr,1 = Not at all likely | 2 = Slightly likely | 3 = Moderately likely | 4 = Very likely | 5 = Extremely likely | 6 = Not relevant,6,TRUE,FALSE
Flooding (FL),adopt_indiv_ext_tree,"How likely would you be to adopt each of the following measures if this type of program were available? We understand that people live in different types of homes and regions, so if a measure is not relevant to you, please select Not relevant. Tree planting",mitigation,likelihood_slightly_6_nr,1 = Not at all likely | 2 = Slightly likely | 3 = Moderately likely | 4 = Very likely | 5 = Extremely likely | 6 = Not relevant,6,TRUE,FALSE
Flooding (FL),adopt_indiv_depav,"How likely would you be to adopt each of the following measures if this type of program were available? We understand that people live in different types of homes and regions, so if a measure is not relevant to you, please select Not relevant. Depaving",mitigation,likelihood_slightly_6_nr,1 = Not at all likely | 2 = Slightly likely | 3 = Moderately likely | 4 = Very likely | 5 = Extremely likely | 6 = Not relevant,6,TRUE,FALSE
Flooding (FL),adopt_indiv_perm_pav,"How likely would you be to adopt each of the following measures if this type of program were available? We understand that people live in different types of homes and regions, so if a measure is not relevant to you, please select Not relevant. Permeable pavement",mitigation,likelihood_slightly_6_nr,1 = Not at all likely | 2 = Slightly likely | 3 = Moderately likely | 4 = Very likely | 5 = Extremely likely | 6 = Not relevant,6,TRUE,FALSE
Flooding (FL),adopt_indiv_storm_pond,"How likely would you be to adopt each of the following measures if this type of program were available? We understand that people live in different types of homes and regions, so if a measure is not relevant to you, please select Not relevant. Stormwater ponds",mitigation,likelihood_slightly_6_nr,1 = Not at all likely | 2 = Slightly likely | 3 = Moderately likely | 4 = Very likely | 5 = Extremely likely | 6 = Not relevant,6,TRUE,FALSE
Flooding (FL),adopt_indiv_biosw,"How likely would you be to adopt each of the following measures if this type of program were available? We understand that people live in different types of homes and regions, so if a measure is not relevant to you, please select Not relevant. Bioswales",mitigation,likelihood_slightly_6_nr,1 = Not at all likely | 2 = Slightly likely | 3 = Moderately likely | 4 = Very likely | 5 = Extremely likely | 6 = Not relevant,6,TRUE,FALSE
Flooding (FL),adopt_indiv_rain_garden,"How likely would you be to adopt each of the following measures if this type of program were available? We understand that people live in different types of homes and regions, so if a measure is not relevant to you, please select Not relevant. Rain gardens",mitigation,likelihood_slightly_6_nr,1 = Not at all likely | 2 = Slightly likely | 3 = Moderately likely | 4 = Very likely | 5 = Extremely likely | 6 = Not relevant,6,TRUE,FALSE
Flooding (FL),adopt_indiv_zero_scap,"How likely would you be to adopt each of the following measures if this type of program were available? We understand that people live in different types of homes and regions, so if a measure is not relevant to you, please select Not relevant. Xeriscaping",mitigation,likelihood_slightly_6_nr,1 = Not at all likely | 2 = Slightly likely | 3 = Moderately likely | 4 = Very likely | 5 = Extremely likely | 6 = Not relevant,6,TRUE,FALSE
Flooding (FL),adopt_munc_gr_roof,"How likely would you be to support the adoption of each of the following measures in your community if this type of program were available? Again, we understand that people live in different communities and regions, so if a measure is not relevant to your community, please select Not relevant. Green roofs",mitigation,likelihood_slightly_6_nr,1 = Not at all likely | 2 = Slightly likely | 3 = Moderately likely | 4 = Very likely | 5 = Extremely likely | 6 = Not relevant,6,TRUE,FALSE
Flooding (FL),adopt_munc_down_disc,"How likely would you be to support the adoption of each of the following measures in your community if this type of program were available? Again, we understand that people live in different communities and regions, so if a measure is not relevant to your community, please select Not relevant. Downspout disconnects",mitigation,likelihood_slightly_6_nr,1 = Not at all likely | 2 = Slightly likely | 3 = Moderately likely | 4 = Very likely | 5 = Extremely likely | 6 = Not relevant,6,TRUE,FALSE
Flooding (FL),adopt_munc_ext_tree,"How likely would you be to support the adoption of each of the following measures in your community if this type of program were available? Again, we understand that people live in different communities and regions, so if a measure is not relevant to your community, please select Not relevant. Tree planting",mitigation,likelihood_slightly_6_nr,1 = Not at all likely | 2 = Slightly likely | 3 = Moderately likely | 4 = Very likely | 5 = Extremely likely | 6 = Not relevant,6,TRUE,FALSE
Flooding (FL),adopt_munc_depav,"How likely would you be to support the adoption of each of the following measures in your community if this type of program were available? Again, we understand that people live in different communities and regions, so if a measure is not relevant to your community, please select Not relevant. Depaving",mitigation,likelihood_slightly_6_nr,1 = Not at all likely | 2 = Slightly likely | 3 = Moderately likely | 4 = Very likely | 5 = Extremely likely | 6 = Not relevant,6,TRUE,FALSE
Flooding (FL),adopt_munc_perm_pav,"How likely would you be to support the adoption of each of the following measures in your community if this type of program were available? Again, we understand that people live in different communities and regions, so if a measure is not relevant to your community, please select Not relevant. Permeable pavement",mitigation,likelihood_slightly_6_nr,1 = Not at all likely | 2 = Slightly likely | 3 = Moderately likely | 4 = Very likely | 5 = Extremely likely | 6 = Not relevant,6,TRUE,FALSE
Flooding (FL),adopt_munc_storm_pond,"How likely would you be to support the adoption of each of the following measures in your community if this type of program were available? Again, we understand that people live in different communities and regions, so if a measure is not relevant to your community, please select Not relevant. Stormwater ponds",mitigation,likelihood_slightly_6_nr,1 = Not at all likely | 2 = Slightly likely | 3 = Moderately likely | 4 = Very likely | 5 = Extremely likely | 6 = Not relevant,6,TRUE,FALSE
Flooding (FL),adopt_munc_biosw,"How likely would you be to support the adoption of each of the following measures in your community if this type of program were available? Again, we understand that people live in different communities and regions, so if a measure is not relevant to your community, please select Not relevant. Bioswales",mitigation,likelihood_slightly_6_nr,1 = Not at all likely | 2 = Slightly likely | 3 = Moderately likely | 4 = Very likely | 5 = Extremely likely | 6 = Not relevant,6,TRUE,FALSE
Flooding (FL),adopt_munc_rain_garden,"How likely would you be to support the adoption of each of the following measures in your community if this type of program were available? Again, we understand that people live in different communities and regions, so if a measure is not relevant to your community, please select Not relevant. Rain gardens",mitigation,likelihood_slightly_6_nr,1 = Not at all likely | 2 = Slightly likely | 3 = Moderately likely | 4 = Very likely | 5 = Extremely likely | 6 = Not relevant,6,TRUE,FALSE
Flooding (FL),adopt_munc_zero_scap,"How likely would you be to support the adoption of each of the following measures in your community if this type of program were available? Again, we understand that people live in different communities and regions, so if a measure is not relevant to your community, please select Not relevant. Xeriscaping",mitigation,likelihood_slightly_6_nr,1 = Not at all likely | 2 = Slightly likely | 3 = Moderately likely | 4 = Very likely | 5 = Extremely likely | 6 = Not relevant,6,TRUE,FALSE
Flooding (FL),ar_fam,"Next, we'd like to ask you a few questions about atmospheric rivers. Don't worry if you're not familiar with the term - we're interested in your first impressions. Have you ever heard the term atmospheric river before?",comprehension,yes_no_unsure,0 = No | 1 = Yes | 2 = Not sure,3,FALSE,FALSE
Flooding (FL),ar_scale_know_weak,"Media stations sometimes use the following phrases to describe the intensity and duration of atmospheric river events. Please rank the terms from 1 (lowest risk) to 5 (highest risk), based on your perception of how serious each one sounds. Weak",comprehension|risk_perception,ranking,NA,5,FALSE,FALSE
Flooding (FL),ar_scale_know_moderate,"Media stations sometimes use the following phrases to describe the intensity and duration of atmospheric river events. Please rank the terms from 1 (lowest risk) to 5 (highest risk), based on your perception of how serious each one sounds. Moderate",comprehension|risk_perception,ranking,NA,5,FALSE,FALSE
Flooding (FL),ar_scale_know_strong,"Media stations sometimes use the following phrases to describe the intensity and duration of atmospheric river events. Please rank the terms from 1 (lowest risk) to 5 (highest risk), based on your perception of how serious each one sounds. Strong",comprehension|risk_perception,ranking,NA,5,FALSE,FALSE
Flooding (FL),ar_scale_know_extreme,"Media stations sometimes use the following phrases to describe the intensity and duration of atmospheric river events. Please rank the terms from 1 (lowest risk) to 5 (highest risk), based on your perception of how serious each one sounds. Extreme",comprehension|risk_perception,ranking,NA,5,FALSE,FALSE
Flooding (FL),ar_scale_know_exceptional,"Media stations sometimes use the following phrases to describe the intensity and duration of atmospheric river events. Please rank the terms from 1 (lowest risk) to 5 (highest risk), based on your perception of how serious each one sounds. Exceptional",comprehension|risk_perception,ranking,NA,5,FALSE,FALSE
Flooding (FL),ar_seen,"Now, we'd like to show you an example of the type of graphic a TV station might display during an atmospheric river event. Please take a moment to review the image before answering the next few questions. Have you ever seen a forecast graphic that uses a scale like this to show the intensity or impact of an atmospheric river?",graphics,yes_no_unsure,0 = No | 1 = Yes | 2 = Not sure,3,TRUE,TRUE
Flooding (FL),ar_conf,"Now, we'd like to show you an example of the type of graphic a TV station might display during an atmospheric river event. Please take a moment to review the image before answering the next few questions. How confident are you in your ability to understand the information presented in the graphic - particularly the meaning of the scale?",graphics|comprehension,confidence_5,1 = Not at all confident | 2 = Not confident | 3 = Somewhat confident | 4 = Very confident | 5 = Extremely confident,5,TRUE,TRUE
Flooding (FL),ar_balance_cat1,"The table below lists each category in the AR scale. For each one, please tell us what types of impacts you would expect if you were to see that category used in a forecast. Category 1 (AR1, Weak)",graphics|comprehension,benefit_hazard_4,1 = Primarily beneficial | 2 = Equally beneficial and hazardous | 3 = Primarily hazardous | 4 = Not sure,4,TRUE,TRUE
Flooding (FL),ar_balance_cat2,"The table below lists each category in the AR scale. For each one, please tell us what types of impacts you would expect if you were to see that category used in a forecast. Category 2 (AR2, Moderate)",graphics|comprehension,benefit_hazard_4,1 = Primarily beneficial | 2 = Equally beneficial and hazardous | 3 = Primarily hazardous | 4 = Not sure,4,TRUE,TRUE
Flooding (FL),ar_balance_cat3,"The table below lists each category in the AR scale. For each one, please tell us what types of impacts you would expect if you were to see that category used in a forecast. Category 3 (AR3, Strong)",graphics|comprehension,benefit_hazard_4,1 = Primarily beneficial | 2 = Equally beneficial and hazardous | 3 = Primarily hazardous | 4 = Not sure,4,TRUE,TRUE
Flooding (FL),ar_balance_cat4,"The table below lists each category in the AR scale. For each one, please tell us what types of impacts you would expect if you were to see that category used in a forecast. Category 4 (AR4, Extreme)",graphics|comprehension,benefit_hazard_4,1 = Primarily beneficial | 2 = Equally beneficial and hazardous | 3 = Primarily hazardous | 4 = Not sure,4,TRUE,TRUE
Flooding (FL),ar_balance_cat5,"The table below lists each category in the AR scale. For each one, please tell us what types of impacts you would expect if you were to see that category used in a forecast. Category 5 (AR5, Exceptional)",graphics|comprehension,benefit_hazard_4,1 = Primarily beneficial | 2 = Equally beneficial and hazardous | 3 = Primarily hazardous | 4 = Not sure,4,TRUE,TRUE
Flooding (FL),ar_act_seek,At what atmospheric river (AR) category or level would you begin to consider taking each of the following actions? Seek additional information,graphics|response,ar_category_6,"1 = Category 1 (AR1, Weak) | 2 = Category 2 (AR2, Moderate) | 3 = Category 3 (AR 3, Strong) | 4 = Category 4 (AR 4, Extreme) | 5 = Category 5 (AR 5, Exceptional) | 6 = I would not take this action in any scenario",6,TRUE,TRUE
Flooding (FL),ar_act_prepare,At what atmospheric river (AR) category or level would you begin to consider taking each of the following actions? Prepare emergency supplies,graphics|response,ar_category_6,"1 = Category 1 (AR1, Weak) | 2 = Category 2 (AR2, Moderate) | 3 = Category 3 (AR 3, Strong) | 4 = Category 4 (AR 4, Extreme) | 5 = Category 5 (AR 5, Exceptional) | 6 = I would not take this action in any scenario",6,TRUE,TRUE
Flooding (FL),ar_act_protact,At what atmospheric river (AR) category or level would you begin to consider taking each of the following actions? Consider taking protective action,graphics|response,ar_category_6,"1 = Category 1 (AR1, Weak) | 2 = Category 2 (AR2, Moderate) | 3 = Category 3 (AR 3, Strong) | 4 = Category 4 (AR 4, Extreme) | 5 = Category 5 (AR 5, Exceptional) | 6 = I would not take this action in any scenario",6,TRUE,TRUE
Flooding (FL),ar_act_secure,At what atmospheric river (AR) category or level would you begin to consider taking each of the following actions? Secure outdoor items,graphics|response,ar_category_6,"1 = Category 1 (AR1, Weak) | 2 = Category 2 (AR2, Moderate) | 3 = Category 3 (AR 3, Strong) | 4 = Category 4 (AR 4, Extreme) | 5 = Category 5 (AR 5, Exceptional) | 6 = I would not take this action in any scenario",6,TRUE,TRUE
Flooding (FL),ar_act_plans,At what atmospheric river (AR) category or level would you begin to consider taking each of the following actions? Reconsider travel plans,graphics|response,ar_category_6,"1 = Category 1 (AR1, Weak) | 2 = Category 2 (AR2, Moderate) | 3 = Category 3 (AR 3, Strong) | 4 = Category 4 (AR 4, Extreme) | 5 = Category 5 (AR 5, Exceptional) | 6 = I would not take this action in any scenario",6,TRUE,TRUE
Flooding (FL),ar_act_power,At what atmospheric river (AR) category or level would you begin to consider taking each of the following actions? Prepare for power outages,graphics|response,ar_category_6,"1 = Category 1 (AR1, Weak) | 2 = Category 2 (AR2, Moderate) | 3 = Category 3 (AR 3, Strong) | 4 = Category 4 (AR 4, Extreme) | 5 = Category 5 (AR 5, Exceptional) | 6 = I would not take this action in any scenario",6,TRUE,TRUE
Flooding (FL),ar_act_evacuate,At what atmospheric river (AR) category or level would you begin to consider taking each of the following actions? Evacuate,graphics|response,ar_category_6,"1 = Category 1 (AR1, Weak) | 2 = Category 2 (AR2, Moderate) | 3 = Category 3 (AR 3, Strong) | 4 = Category 4 (AR 4, Extreme) | 5 = Category 5 (AR 5, Exceptional) | 6 = I would not take this action in any scenario",6,TRUE,TRUE
Flooding (FL),fema_flood_zone,"As you may know, the Federal Emergency Management Agency (FEMA) is responsible for developing and maintaining a map of areas that are susceptible to flooding in the U.S. These areas are called Special Flood Hazard Areas or flood zones, or floodplains for short. To the best of your knowledge, is your home located in a FEMA flood zone?",risk_perception,yes_no_unsure,0 = No | 1 = Yes | 2 = Not sure,3,FALSE,FALSE
Flooding (FL),flood_damage,Has your home ever been damaged by a flooding event?,experience,yes_no_unsure,0 = No | 1 = Yes | 2 = Not sure,3,FALSE,FALSE
Flooding (FL),flood_damage_yrs,Approximately how long ago did damage caused by the most recent flooding event occur?,experience,categorical,1 = 0 - 5 years ago | 2 = 6 -10 years ago | 3 = 11-15 years ago | 4 = 16 - 20 years ago | 5 = 21 - 25 years ago | 6 = More than 25 years ago,6,FALSE,FALSE
Flooding (FL),flood_prob_1yr,"If you had to guess, what is the probability that your home will be damaged by a flooding event next year?",risk_perception,probability_band_6,1 = 0% (no chance) | 2 = 1-10% (very low chance) | 3 = 11-25% (low chance) | 4 = 26-50% (medium chance) | 5 = 51-75% (high chance) | 6 = 76-100% (very high chance),6,FALSE,FALSE
Flooding (FL),flood_prob_30yr,What is the probability that your home will be damaged by a flooding event in the next 30 years? Please indicate the probability as a percent between 0 and 100.,risk_perception,probability_band_6,1 = 0% (no chance) | 2 = 1-10% (very low chance) | 3 = 11-25% (low chance) | 4 = 26-50% (medium chance) | 5 = 51-75% (high chance) | 6 = 76-100% (very high chance),6,FALSE,FALSE
Flooding (FL),risk_bliz,"Thinking about all four seasons (spring, summer, fall, winter), how do you rate the risk of the following hazardous weather events to you and the people in the area where you live? Blizzards",risk_perception,risk_5,1 = No risk | 2 = Low risk | 3 = Moderate risk | 4 = High risk | 5 = Extreme risk,5,FALSE,FALSE
Flooding (FL),five_days,"Some people look for different kinds of information at different points in time. In the next few questions, we are going to give you a timeline and ask you to indicate the type of information that is most important at each point in time. Five days before the rand_timeline",forecast_products,info_type_6,1 = Location: what area is the flooding going to affect? | 2 = Timing: when is the flooding going to happen? | 3 = Chance: how likely is the flooding to occur? | 4 = Severity: how much flooding is expected? | 5 = Impacts: how might the flooding impact you and surrounding areas? | 6 = Protective actions: how can you stay safe during the flood?,6,TRUE,FALSE
Flooding (FL),three_days,"Some people look for different kinds of information at different points in time. In the next few questions, we are going to give you a timeline and ask you to indicate the type of information that is most important at each point in time. Three days before the rand_timeline",forecast_products,info_type_6,1 = Location: what area is the flooding going to affect? | 2 = Timing: when is the flooding going to happen? | 3 = Chance: how likely is the flooding to occur? | 4 = Severity: how much flooding is expected? | 5 = Impacts: how might the flooding impact you and surrounding areas? | 6 = Protective actions: how can you stay safe during the flood?,6,TRUE,FALSE
Flooding (FL),two_days,"Some people look for different kinds of information at different points in time. In the next few questions, we are going to give you a timeline and ask you to indicate the type of information that is most important at each point in time. Two days before the rand_timeline",forecast_products,info_type_6,1 = Location: what area is the flooding going to affect? | 2 = Timing: when is the flooding going to happen? | 3 = Chance: how likely is the flooding to occur? | 4 = Severity: how much flooding is expected? | 5 = Impacts: how might the flooding impact you and surrounding areas? | 6 = Protective actions: how can you stay safe during the flood?,6,TRUE,FALSE
Flooding (FL),one_day,"Some people look for different kinds of information at different points in time. In the next few questions, we are going to give you a timeline and ask you to indicate the type of information that is most important at each point in time. One day before the rand_timeline",forecast_products,info_type_6,1 = Location: what area is the flooding going to affect? | 2 = Timing: when is the flooding going to happen? | 3 = Chance: how likely is the flooding to occur? | 4 = Severity: how much flooding is expected? | 5 = Impacts: how might the flooding impact you and surrounding areas? | 6 = Protective actions: how can you stay safe during the flood?,6,TRUE,FALSE
Flooding (FL),zero_day,"Some people look for different kinds of information at different points in time. In the next few questions, we are going to give you a timeline and ask you to indicate the type of information that is most important at each point in time. The day of the rand_timeline",forecast_products,info_type_6,1 = Location: what area is the flooding going to affect? | 2 = Timing: when is the flooding going to happen? | 3 = Chance: how likely is the flooding to occur? | 4 = Severity: how much flooding is expected? | 5 = Impacts: how might the flooding impact you and surrounding areas? | 6 = Protective actions: how can you stay safe during the flood?,6,TRUE,FALSE
Flooding (FL),ero_see,"The NWS Weather Prediction Center (WPC) issues Excessive Rainfall Outlooks that indicate flash flooding threats across the contiguous United States. These Outlooks use a combination of words, colors, and numeric probabilities to represent threats. Here is one example. Have you ever seen an Excessive Rainfall Outlook before?",graphics|forecast_products,yes_no_unsure,0 = No | 1 = Yes | 2 = Not sure,3,TRUE,TRUE
Flooding (FL),ero_int_sub,The NWS Weather Prediction Center (WPC) issues Excessive Rainfall Outlooks that indicate flash flooding threats across the contiguous United States. How confident are you in your ability to understand the information presented in this Outlook?,graphics|comprehension,confidence_slightly_5,1 = Not at all confident | 2 = Slightly confident | 3 = Moderately confident | 4 = Very confident | 5 = Extremely confident,5,TRUE,TRUE
Flooding (FL),ero_int_obj,"The NWS Weather Prediction Center (WPC) issues Excessive Rainfall Outlooks that indicate flash flooding threats across the contiguous United States. Based on this Outlook, would you say that location A is...",graphics|comprehension,categorical,1 = Very unlikely to experience flash flooding | 2 = Somewhat unlikely to experience flash flooding | 3 = Somewhat likely to experience flash flooding | 4 = Very likely to experience flash flooding | 5 = Not sure,5,TRUE,TRUE
Flooding (FL),ero_use,The NWS Weather Prediction Center (WPC) issues Excessive Rainfall Outlooks that indicate flash flooding threats across the contiguous United States. How likely are you to use an Outlook like this for making future decisions?,graphics|forecast_products,likelihood_notsure_5,1 = Very unlikely | 2 = Somewhat unlikely | 3 = Unsure | 4 = Somewhat likely | 5 = Very likely,5,TRUE,TRUE
Flooding (FL),ibw_cncrn,Now we are going to show you an example message from the National Weather Service and ask you how you might respond if you got this message. We know this can be difficult without more information. Just give us your first impression. If you saw this message and you were in the impacted area... How concerned would you be about the flash flood?,graphics|risk_perception,concern_5,1 = Not at all concerned | 2 = Not very concerned | 3 = Somewhat concerned | 4 = Very concerned | 5 = Extremely concerned,5,TRUE,TRUE
Flooding (FL),ibw_act,Now we are going to show you an example message from the National Weather Service and ask you how you might respond if you got this message. We know this can be difficult without more information. Just give us your first impression. If you saw this message and you were in the impacted area... Would you take actions to protect yourself from the flash flood?,graphics|response,certainty_5,1 = Definitely no | 2 = Probably no | 3 = Not sure | 4 = Probably yes | 5 = Definitely yes,5,TRUE,TRUE
Flooding (FL),ibw_act_conf,Now we are going to show you an example message from the National Weather Service and ask you how you might respond if you got this message. We know this can be difficult without more information. Just give us your first impression. If you saw this message and you were in the impacted area... How confident are you that the actions you might take to protect yourself from the flash flood would be effective?,graphics|response,confidence_5,1 = Not at all confident | 2 = Not very confident | 3 = Somewhat confident | 4 = Very confident | 5 = Extremely confident,5,TRUE,TRUE
